-344.47,494.89,-247.86,373.38,-130.39,198.08,-78.532,125.6,-444.71,638.24,-340.01,470.65,-193.33,318.37,-202.93,274.6
-344.47,494.89,-247.86,373.38,-130.39,198.08,-78.532,125.6,-444.71,638.24,-340.01,470.65,-193.33,318.37,-202.93,274.6
-343.57,493.53,-247.2,372.57,-130.07,197.57,-78.228,124.98,-443.74,636.96,-339.29,469.78,-192.56,317.4,-202.28,273.76
-343.57,493.53,-247.2,372.57,-130.07,197.57,-78.228,124.98,-443.74,636.96,-339.29,469.78,-192.56,317.4,-202.28,273.76
-342.66,492.16,-246.53,371.76,-129.75,197.07,-77.923,124.36,-442.76,635.68,-338.56,468.9,-191.78,316.43,-201.63,272.91
-341.76,490.78,-245.87,370.95,-129.42,196.57,-77.618,123.74,-441.78,634.39,-337.82,468.01,-191.01,315.45,-200.98,272.07
-341.76,490.78,-245.87,370.95,-129.42,196.57,-77.618,123.74,-441.78,634.39,-337.82,468.01,-191.01,315.45,-200.98,272.07
-340.84,489.4,-245.2,370.13,-129.1,196.06,-77.312,123.12,-440.79,633.09,-337.08,467.11,-190.23,314.47,-200.32,271.22
-340.84,489.4,-245.2,370.13,-129.1,196.06,-77.312,123.12,-440.79,633.09,-337.08,467.11,-190.23,314.47,-200.32,271.22
-339.93,488.02,-244.53,369.31,-128.78,195.56,-77.007,122.5,-439.79,631.78,-336.34,466.21,-189.44,313.49,-199.67,270.37
-339.93,488.02,-244.53,369.31,-128.78,195.56,-77.007,122.5,-439.79,631.78,-336.34,466.21,-189.44,313.49,-199.67,270.37
-339.01,486.63,-243.87,368.49,-128.46,195.06,-76.701,121.89,-438.79,630.46,-335.58,465.3,-188.66,312.5,-199.01,269.52
-339.01,486.63,-243.87,368.49,-128.46,195.06,-76.701,121.89,-438.79,630.46,-335.58,465.3,-188.66,312.5,-199.01,269.52
-338.09,485.24,-243.19,367.66,-128.13,194.56,-76.396,121.27,-437.79,629.14,-334.83,464.38,-187.87,311.52,-198.36,268.66
-338.09,485.24,-243.19,367.66,-128.13,194.56,-76.396,121.27,-437.79,629.14,-334.83,464.38,-187.87,311.52,-198.36,268.66
-337.17,483.84,-242.52,366.84,-127.81,194.06,-76.09,120.65,-436.78,627.81,-334.06,463.46,-187.08,310.52,-197.7,267.81
-336.24,482.44,-241.85,366.01,-127.49,193.56,-75.784,120.04,-435.76,626.47,-333.3,462.53,-186.29,309.53,-197.04,266.95
-336.24,482.44,-241.85,366.01,-127.49,193.56,-75.784,120.04,-435.76,626.47,-333.3,462.53,-186.29,309.53,-197.04,266.95
-335.31,481.03,-241.17,365.18,-127.16,193.07,-75.478,119.42,-434.74,625.13,-332.52,461.59,-185.5,308.53,-196.38,266.1
-335.31,481.03,-241.17,365.18,-127.16,193.07,-75.478,119.42,-434.74,625.13,-332.52,461.59,-185.5,308.53,-196.38,266.1
-334.38,479.62,-240.5,364.35,-126.84,192.57,-75.173,118.81,-433.72,623.77,-331.74,460.64,-184.71,307.53,-195.71,265.24
-334.38,479.62,-240.5,364.35,-126.84,192.57,-75.173,118.81,-433.72,623.77,-331.74,460.64,-184.71,307.53,-195.71,265.24
-334.38,479.62,-240.5,364.35,-126.84,192.57,-75.173,118.81,-433.72,623.77,-331.74,460.64,-184.71,307.53,-195.71,265.24
-333.45,478.21,-239.82,363.51,-126.52,192.07,-74.867,118.2,-432.69,622.41,-330.96,459.69,-183.91,306.53,-195.05,264.38
-333.45,478.21,-239.82,363.51,-126.52,192.07,-74.867,118.2,-432.69,622.41,-330.96,459.69,-183.91,306.53,-195.05,264.38
-333.45,478.21,-239.82,363.51,-126.52,192.07,-74.867,118.2,-432.69,622.41,-330.96,459.69,-183.91,306.53,-195.05,264.38
-332.51,476.79,-239.14,362.68,-126.19,191.58,-74.562,117.59,-431.65,621.05,-330.17,458.73,-183.12,305.53,-194.38,263.52
-332.51,476.79,-239.14,362.68,-126.19,191.58,-74.562,117.59,-431.65,621.05,-330.17,458.73,-183.12,305.53,-194.38,263.52
-330.63,473.95,-237.79,361,-125.55,190.59,-73.952,116.37,-429.56,618.29,-328.58,456.78,-181.52,303.51,-193.05,261.8
-330.63,473.95,-237.79,361,-125.55,190.59,-73.952,116.37,-429.56,618.29,-328.58,456.78,-181.52,303.51,-193.05,261.8
-330.63,473.95,-237.79,361,-125.55,190.59,-73.952,116.37,-429.56,618.29,-328.58,456.78,-181.52,303.51,-193.05,261.8
-329.69,472.52,-237.1,360.16,-125.22,190.1,-73.648,115.76,-428.51,616.91,-327.78,455.8,-180.71,302.5,-192.38,260.93
-329.69,472.52,-237.1,360.16,-125.22,190.1,-73.648,115.76,-428.51,616.91,-327.78,455.8,-180.71,302.5,-192.38,260.93
-329.69,472.52,-237.1,360.16,-125.22,190.1,-73.648,115.76,-428.51,616.91,-327.78,455.8,-180.71,302.5,-192.38,260.93
-328.74,471.09,-236.42,359.32,-124.9,189.6,-73.344,115.15,-427.46,615.51,-326.97,454.82,-179.91,301.49,-191.71,260.07
-328.74,471.09,-236.42,359.32,-124.9,189.6,-73.344,115.15,-427.46,615.51,-326.97,454.82,-179.91,301.49,-191.71,260.07
-328.74,471.09,-236.42,359.32,-124.9,189.6,-73.344,115.15,-427.46,615.51,-326.97,454.82,-179.91,301.49,-191.71,260.07
-326.85,468.22,-235.06,357.64,-124.25,188.62,-72.737,113.94,-425.34,612.71,-325.35,452.83,-178.3,299.46,-190.37,258.34
-326.85,468.22,-235.06,357.64,-124.25,188.62,-72.737,113.94,-425.34,612.71,-325.35,452.83,-178.3,299.46,-190.37,258.34
-325.9,466.78,-234.37,356.79,-123.93,188.13,-72.435,113.34,-424.27,611.29,-324.53,451.82,-177.49,298.44,-189.7,257.48
-325.9,466.78,-234.37,356.79,-123.93,188.13,-72.435,113.34,-424.27,611.29,-324.53,451.82,-177.49,298.44,-189.7,257.48
-325.9,466.78,-234.37,356.79,-123.93,188.13,-72.435,113.34,-424.27,611.29,-324.53,451.82,-177.49,298.44,-189.7,257.48
-324.94,465.34,-233.69,355.95,-123.61,187.64,-72.133,112.74,-423.2,609.88,-323.7,450.81,-176.69,297.42,-189.03,256.61
-324.94,465.34,-233.69,355.95,-123.61,187.64,-72.133,112.74,-423.2,609.88,-323.7,450.81,-176.69,297.42,-189.03,256.61
-323.99,463.89,-233.01,355.1,-123.28,187.16,-71.831,112.14,-422.12,608.45,-322.88,449.8,-175.88,296.4,-188.35,255.75
-323.03,462.45,-232.32,354.25,-122.96,186.67,-71.531,111.54,-421.04,607.02,-322.04,448.78,-175.07,295.37,-187.68,254.88
-323.03,462.45,-232.32,354.25,-122.96,186.67,-71.531,111.54,-421.04,607.02,-322.04,448.78,-175.07,295.37,-187.68,254.88
-322.07,460.99,-231.64,353.41,-122.63,186.19,-71.231,110.95,-419.96,605.59,-321.21,447.75,-174.26,294.35,-187,254.02
-322.07,460.99,-231.64,353.41,-122.63,186.19,-71.231,110.95,-419.96,605.59,-321.21,447.75,-174.26,294.35,-187,254.02
-321.11,459.54,-230.95,352.56,-122.31,185.7,-70.932,110.36,-418.87,604.15,-320.37,446.72,-173.44,293.32,-186.33,253.15
-321.11,459.54,-230.95,352.56,-122.31,185.7,-70.932,110.36,-418.87,604.15,-320.37,446.72,-173.44,293.32,-186.33,253.15
-320.15,458.09,-230.26,351.71,-121.99,185.22,-70.633,109.77,-417.78,602.7,-319.52,445.68,-172.63,292.29,-185.65,252.29
-320.15,458.09,-230.26,351.71,-121.99,185.22,-70.633,109.77,-417.78,602.7,-319.52,445.68,-172.63,292.29,-185.65,252.29
-319.18,456.63,-229.58,350.86,-121.66,184.74,-70.336,109.18,-416.69,601.25,-318.68,444.63,-171.82,291.26,-184.98,251.42
-319.18,456.63,-229.58,350.86,-121.66,184.74,-70.336,109.18,-416.69,601.25,-318.68,444.63,-171.82,291.26,-184.98,251.42
-318.22,455.17,-228.89,350.01,-121.34,184.26,-70.039,108.59,-415.59,599.79,-317.83,443.59,-171,290.23,-184.3,250.56
-318.22,455.17,-228.89,350.01,-121.34,184.26,-70.039,108.59,-415.59,599.79,-317.83,443.59,-171,290.23,-184.3,250.56
-318.22,455.17,-228.89,350.01,-121.34,184.26,-70.039,108.59,-415.59,599.79,-317.83,443.59,-171,290.23,-184.3,250.56
-317.25,453.7,-228.21,349.16,-121.01,183.78,-69.743,108.01,-414.49,598.33,-316.97,442.53,-170.19,289.2,-183.63,249.69
-317.25,453.7,-228.21,349.16,-121.01,183.78,-69.743,108.01,-414.49,598.33,-316.97,442.53,-170.19,289.2,-183.63,249.69
-316.28,452.24,-227.52,348.31,-120.69,183.3,-69.448,107.42,-413.38,596.86,-316.11,441.48,-169.37,288.16,-182.95,248.83
-315.31,450.77,-226.83,347.46,-120.37,182.82,-69.155,106.84,-412.27,595.39,-315.25,440.41,-168.55,287.13,-182.27,247.96
-315.31,450.77,-226.83,347.46,-120.37,182.82,-69.155,106.84,-412.27,595.39,-315.25,440.41,-168.55,287.13,-182.27,247.96
-314.34,449.3,-226.15,346.61,-120.04,182.34,-68.862,106.27,-411.16,593.92,-314.39,439.35,-167.74,286.09,-181.59,247.1
-313.37,447.83,-225.46,345.76,-119.72,181.87,-68.57,105.69,-410.04,592.43,-313.52,438.28,-166.92,285.05,-180.92,246.24
-313.37,447.83,-225.46,345.76,-119.72,181.87,-68.57,105.69,-410.04,592.43,-313.52,438.28,-166.92,285.05,-180.92,246.24
-313.37,447.83,-225.46,345.76,-119.72,181.87,-68.57,105.69,-410.04,592.43,-313.52,438.28,-166.92,285.05,-180.92,246.24
-313.37,447.83,-225.46,345.76,-119.72,181.87,-68.57,105.69,-410.04,592.43,-313.52,438.28,-166.92,285.05,-180.92,246.24
-312.39,446.36,-224.78,344.91,-119.4,181.4,-68.28,105.12,-408.92,590.95,-312.65,437.2,-166.1,284.02,-180.24,245.37
-312.39,446.36,-224.78,344.91,-119.4,181.4,-68.28,105.12,-408.92,590.95,-312.65,437.2,-166.1,284.02,-180.24,245.37
-312.39,446.36,-224.78,344.91,-119.4,181.4,-68.28,105.12,-408.92,590.95,-312.65,437.2,-166.1,284.02,-180.24,245.37
-310.44,443.41,-223.41,343.21,-118.75,180.45,-67.702,103.98,-406.68,587.96,-310.9,435.04,-164.47,281.94,-178.88,243.65
-310.44,443.41,-223.41,343.21,-118.75,180.45,-67.702,103.98,-406.68,587.96,-310.9,435.04,-164.47,281.94,-178.88,243.65
-309.46,441.93,-222.72,342.36,-118.42,179.98,-67.416,103.41,-405.55,586.46,-310.02,433.95,-163.65,280.9,-178.21,242.79
-309.46,441.93,-222.72,342.36,-118.42,179.98,-67.416,103.41,-405.55,586.46,-310.02,433.95,-163.65,280.9,-178.21,242.79
-308.48,440.45,-222.04,341.52,-118.1,179.51,-67.13,102.85,-404.42,584.96,-309.14,432.86,-162.83,279.86,-177.53,241.93
-308.48,440.45,-222.04,341.52,-118.1,179.51,-67.13,102.85,-404.42,584.96,-309.14,432.86,-162.83,279.86,-177.53,241.93
-307.5,438.97,-221.36,340.67,-117.78,179.05,-66.846,102.29,-403.29,583.45,-308.26,431.76,-162.01,278.81,-176.85,241.07
-306.52,437.49,-220.67,339.82,-117.45,178.58,-66.563,101.74,-402.15,581.94,-307.37,430.66,-161.19,277.77,-176.17,240.21
-306.52,437.49,-220.67,339.82,-117.45,178.58,-66.563,101.74,-402.15,581.94,-307.37,430.66,-161.19,277.77,-176.17,240.21
-306.52,437.49,-220.67,339.82,-117.45,178.58,-66.563,101.74,-402.15,581.94,-307.37,430.66,-161.19,277.77,-176.17,240.21
-305.54,436,-219.99,338.97,-117.13,178.12,-66.282,101.18,-401.01,580.43,-306.48,429.56,-160.37,276.73,-175.5,239.35
-305.54,436,-219.99,338.97,-117.13,178.12,-66.282,101.18,-401.01,580.43,-306.48,429.56,-160.37,276.73,-175.5,239.35
-305.54,436,-219.99,338.97,-117.13,178.12,-66.282,101.18,-401.01,580.43,-306.48,429.56,-160.37,276.73,-175.5,239.35
-304.56,434.52,-219.31,338.13,-116.81,177.65,-66.002,100.63,-399.87,578.91,-305.59,428.45,-159.55,275.69,-174.82,238.49
-303.57,433.03,-218.63,337.28,-116.48,177.19,-65.724,100.09,-398.72,577.39,-304.69,427.34,-158.73,274.64,-174.14,237.64
-302.59,431.55,-217.95,336.44,-116.16,176.73,-65.447,99.541,-397.58,575.86,-303.8,426.23,-157.91,273.6,-173.47,236.78
-302.59,431.55,-217.95,336.44,-116.16,176.73,-65.447,99.541,-397.58,575.86,-303.8,426.23,-157.91,273.6,-173.47,236.78
-302.59,431.55,-217.95,336.44,-116.16,176.73,-65.447,99.541,-397.58,575.86,-303.8,426.23,-157.91,273.6,-173.47,236.78
-301.6,430.06,-217.27,335.59,-115.83,176.27,-65.171,99,-396.43,574.33,-302.9,425.11,-157.09,272.56,-172.79,235.93
-301.6,430.06,-217.27,335.59,-115.83,176.27,-65.171,99,-396.43,574.33,-302.9,425.11,-157.09,272.56,-172.79,235.93
-301.6,430.06,-217.27,335.59,-115.83,176.27,-65.171,99,-396.43,574.33,-302.9,425.11,-157.09,272.56,-172.79,235.93
-300.62,428.57,-216.59,334.75,-115.51,175.81,-64.898,98.461,-395.28,572.8,-302,423.99,-156.27,271.51,-172.12,235.08
-300.62,428.57,-216.59,334.75,-115.51,175.81,-64.898,98.461,-395.28,572.8,-302,423.99,-156.27,271.51,-172.12,235.08
-300.62,428.57,-216.59,334.75,-115.51,175.81,-64.898,98.461,-395.28,572.8,-302,423.99,-156.27,271.51,-172.12,235.08
-298.65,425.59,-215.24,333.07,-114.86,174.9,-64.355,97.395,-392.97,569.73,-300.19,421.74,-154.63,269.42,-170.77,233.38
-298.65,425.59,-215.24,333.07,-114.86,174.9,-64.355,97.395,-392.97,569.73,-300.19,421.74,-154.63,269.42,-170.77,233.38
-297.66,424.1,-214.56,332.23,-114.54,174.45,-64.087,96.867,-391.81,568.18,-299.28,420.61,-153.82,268.38,-170.1,232.53
-297.66,424.1,-214.56,332.23,-114.54,174.45,-64.087,96.867,-391.81,568.18,-299.28,420.61,-153.82,268.38,-170.1,232.53
-296.67,422.61,-213.89,331.39,-114.22,174,-63.82,96.342,-390.65,566.64,-298.37,419.48,-153,267.34,-169.42,231.69
-296.67,422.61,-213.89,331.39,-114.22,174,-63.82,96.342,-390.65,566.64,-298.37,419.48,-153,267.34,-169.42,231.69
-295.68,421.12,-213.21,330.56,-113.89,173.54,-63.555,95.82,-389.49,565.09,-297.46,418.35,-152.18,266.29,-168.75,230.84
-295.68,421.12,-213.21,330.56,-113.89,173.54,-63.555,95.82,-389.49,565.09,-297.46,418.35,-152.18,266.29,-168.75,230.84
-295.68,421.12,-213.21,330.56,-113.89,173.54,-63.555,95.82,-389.49,565.09,-297.46,418.35,-152.18,266.29,-168.75,230.84
-295.68,421.12,-213.21,330.56,-113.89,173.54,-63.555,95.82,-389.49,565.09,-297.46,418.35,-152.18,266.29,-168.75,230.84
-293.7,418.14,-211.87,328.89,-113.25,172.65,-63.03,94.788,-387.16,561.99,-295.64,416.08,-150.55,264.21,-167.41,229.16
-293.7,418.14,-211.87,328.89,-113.25,172.65,-63.03,94.788,-387.16,561.99,-295.64,416.08,-150.55,264.21,-167.41,229.16
-292.72,416.64,-211.2,328.05,-112.93,172.2,-62.77,94.277,-386,560.43,-294.72,414.94,-149.73,263.16,-166.74,228.32
-291.73,415.15,-210.53,327.22,-112.6,171.76,-62.513,93.77,-384.83,558.87,-293.8,413.79,-148.92,262.12,-166.07,227.48
-291.73,415.15,-210.53,327.22,-112.6,171.76,-62.513,93.77,-384.83,558.87,-293.8,413.79,-148.92,262.12,-166.07,227.48
-291.73,415.15,-210.53,327.22,-112.6,171.76,-62.513,93.77,-384.83,558.87,-293.8,413.79,-148.92,262.12,-166.07,227.48
-290.74,413.66,-209.86,326.39,-112.28,171.31,-62.257,93.267,-383.66,557.31,-292.89,412.65,-148.1,261.08,-165.4,226.64
-290.74,413.66,-209.86,326.39,-112.28,171.31,-62.257,93.267,-383.66,557.31,-292.89,412.65,-148.1,261.08,-165.4,226.64
-289.75,412.17,-209.2,325.57,-111.96,170.87,-62.003,92.767,-382.49,555.75,-291.97,411.5,-147.29,260.04,-164.73,225.81
-289.75,412.17,-209.2,325.57,-111.96,170.87,-62.003,92.767,-382.49,555.75,-291.97,411.5,-147.29,260.04,-164.73,225.81
-288.75,410.67,-208.53,324.74,-111.63,170.43,-61.751,92.271,-381.31,554.18,-291.05,410.35,-146.48,259,-164.07,224.98
-287.76,409.18,-207.87,323.92,-111.31,169.99,-61.502,91.778,-380.14,552.62,-290.13,409.2,-145.66,257.96,-163.4,224.15
-287.76,409.18,-207.87,323.92,-111.31,169.99,-61.502,91.778,-380.14,552.62,-290.13,409.2,-145.66,257.96,-163.4,224.15
-286.77,407.69,-207.21,323.09,-110.99,169.56,-61.254,91.29,-378.96,551.05,-289.2,408.05,-144.85,256.92,-162.74,223.32
-286.77,407.69,-207.21,323.09,-110.99,169.56,-61.254,91.29,-378.96,551.05,-289.2,408.05,-144.85,256.92,-162.74,223.32
-286.77,407.69,-207.21,323.09,-110.99,169.56,-61.254,91.29,-378.96,551.05,-289.2,408.05,-144.85,256.92,-162.74,223.32
-286.77,407.69,-207.21,323.09,-110.99,169.56,-61.254,91.29,-378.96,551.05,-289.2,408.05,-144.85,256.92,-162.74,223.32
-285.78,406.2,-206.55,322.27,-110.67,169.12,-61.008,90.805,-377.78,549.48,-288.28,406.89,-144.04,255.88,-162.08,222.49
-285.78,406.2,-206.55,322.27,-110.67,169.12,-61.008,90.805,-377.78,549.48,-288.28,406.89,-144.04,255.88,-162.08,222.49
-284.79,404.7,-205.89,321.45,-110.34,168.69,-60.765,90.325,-376.61,547.9,-287.36,405.74,-143.23,254.84,-161.41,221.67
-284.79,404.7,-205.89,321.45,-110.34,168.69,-60.765,90.325,-376.61,547.9,-287.36,405.74,-143.23,254.84,-161.41,221.67
-282.81,401.72,-204.58,319.82,-109.7,167.82,-60.285,89.376,-374.25,544.75,-285.5,403.42,-141.62,252.77,-160.09,220.02
-282.81,401.72,-204.58,319.82,-109.7,167.82,-60.285,89.376,-374.25,544.75,-285.5,403.42,-141.62,252.77,-160.09,220.02
-281.82,400.23,-203.93,319.01,-109.38,167.39,-60.048,88.907,-373.06,543.17,-284.58,402.26,-140.81,251.73,-159.43,219.21
-281.82,400.23,-203.93,319.01,-109.38,167.39,-60.048,88.907,-373.06,543.17,-284.58,402.26,-140.81,251.73,-159.43,219.21
-281.82,400.23,-203.93,319.01,-109.38,167.39,-60.048,88.907,-373.06,543.17,-284.58,402.26,-140.81,251.73,-159.43,219.21
-280.83,398.74,-203.27,318.2,-109.05,166.97,-59.813,88.442,-371.88,541.59,-283.65,401.1,-140.01,250.7,-158.78,218.39
-280.83,398.74,-203.27,318.2,-109.05,166.97,-59.813,88.442,-371.88,541.59,-283.65,401.1,-140.01,250.7,-158.78,218.39
-280.83,398.74,-203.27,318.2,-109.05,166.97,-59.813,88.442,-371.88,541.59,-283.65,401.1,-140.01,250.7,-158.78,218.39
-279.84,397.25,-202.62,317.39,-108.73,166.54,-59.581,87.982,-370.7,540.01,-282.72,399.94,-139.2,249.66,-158.12,217.58
-279.84,397.25,-202.62,317.39,-108.73,166.54,-59.581,87.982,-370.7,540.01,-282.72,399.94,-139.2,249.66,-158.12,217.58
-279.84,397.25,-202.62,317.39,-108.73,166.54,-59.581,87.982,-370.7,540.01,-282.72,399.94,-139.2,249.66,-158.12,217.58
-277.86,394.27,-201.33,315.78,-108.09,165.69,-59.123,87.073,-368.33,536.85,-280.86,397.62,-137.6,247.6,-156.81,215.96
-277.86,394.27,-201.33,315.78,-108.09,165.69,-59.123,87.073,-368.33,536.85,-280.86,397.62,-137.6,247.6,-156.81,215.96
-277.86,394.27,-201.33,315.78,-108.09,165.69,-59.123,87.073,-368.33,536.85,-280.86,397.62,-137.6,247.6,-156.81,215.96
-276.87,392.79,-200.69,314.98,-107.77,165.27,-58.897,86.625,-367.14,535.26,-279.93,396.45,-136.8,246.57,-156.16,215.15
-276.87,392.79,-200.69,314.98,-107.77,165.27,-58.897,86.625,-367.14,535.26,-279.93,396.45,-136.8,246.57,-156.16,215.15
-275.89,391.3,-200.04,314.18,-107.44,164.85,-58.674,86.182,-365.96,533.68,-279.01,395.29,-136,245.54,-155.51,214.35
-275.89,391.3,-200.04,314.18,-107.44,164.85,-58.674,86.182,-365.96,533.68,-279.01,395.29,-136,245.54,-155.51,214.35
-275.89,391.3,-200.04,314.18,-107.44,164.85,-58.674,86.182,-365.96,533.68,-279.01,395.29,-136,245.54,-155.51,214.35
-273.91,388.33,-198.76,312.59,-106.8,164.02,-58.235,85.307,-363.58,530.5,-277.14,392.95,-134.4,243.49,-154.21,212.75
-273.91,388.33,-198.76,312.59,-106.8,164.02,-58.235,85.307,-363.58,530.5,-277.14,392.95,-134.4,243.49,-154.21,212.75
-273.91,388.33,-198.76,312.59,-106.8,164.02,-58.235,85.307,-363.58,530.5,-277.14,392.95,-134.4,243.49,-154.21,212.75
-272.92,386.85,-198.13,311.8,-106.48,163.6,-58.019,84.876,-362.39,528.91,-276.21,391.79,-133.61,242.46,-153.56,211.95
-272.92,386.85,-198.13,311.8,-106.48,163.6,-58.019,84.876,-362.39,528.91,-276.21,391.79,-133.61,242.46,-153.56,211.95
-272.92,386.85,-198.13,311.8,-106.48,163.6,-58.019,84.876,-362.39,528.91,-276.21,391.79,-133.61,242.46,-153.56,211.95
-270.95,383.88,-196.86,310.22,-105.84,162.78,-57.595,84.028,-360.02,525.73,-274.35,389.45,-132.03,240.42,-152.28,210.37
-270.95,383.88,-196.86,310.22,-105.84,162.78,-57.595,84.028,-360.02,525.73,-274.35,389.45,-132.03,240.42,-152.28,210.37
-269.96,382.4,-196.23,309.44,-105.51,162.37,-57.386,83.61,-358.83,524.14,-273.42,388.28,-131.24,239.4,-151.63,209.58
-269.96,382.4,-196.23,309.44,-105.51,162.37,-57.386,83.61,-358.83,524.14,-273.42,388.28,-131.24,239.4,-151.63,209.58
-268.98,380.92,-195.6,308.65,-105.19,161.96,-57.18,83.197,-357.64,522.55,-272.49,387.11,-130.45,238.38,-150.99,208.79
-268.98,380.92,-195.6,308.65,-105.19,161.96,-57.18,83.197,-357.64,522.55,-272.49,387.11,-130.45,238.38,-150.99,208.79
-267.99,379.45,-194.97,307.87,-104.87,161.56,-56.977,82.788,-356.45,520.96,-271.56,385.95,-129.66,237.36,-150.36,208.01
-267.99,379.45,-194.97,307.87,-104.87,161.56,-56.977,82.788,-356.45,520.96,-271.56,385.95,-129.66,237.36,-150.36,208.01
-267.01,377.97,-194.35,307.1,-104.55,161.15,-56.776,82.384,-355.26,519.37,-270.63,384.78,-128.87,236.34,-149.72,207.23
-267.01,377.97,-194.35,307.1,-104.55,161.15,-56.776,82.384,-355.26,519.37,-270.63,384.78,-128.87,236.34,-149.72,207.23
-266.02,376.5,-193.72,306.32,-104.23,160.75,-56.577,81.984,-354.07,517.77,-269.7,383.61,-128.09,235.33,-149.08,206.46
-266.02,376.5,-193.72,306.32,-104.23,160.75,-56.577,81.984,-354.07,517.77,-269.7,383.61,-128.09,235.33,-149.08,206.46
-265.04,375.02,-193.1,305.55,-103.91,160.35,-56.381,81.588,-352.88,516.18,-268.77,382.44,-127.31,234.32,-148.45,205.68
-265.04,375.02,-193.1,305.55,-103.91,160.35,-56.381,81.588,-352.88,516.18,-268.77,382.44,-127.31,234.32,-148.45,205.68
-264.06,373.55,-192.49,304.78,-103.59,159.95,-56.188,81.197,-351.69,514.59,-267.85,381.27,-126.53,233.31,-147.82,204.91
-263.08,372.08,-191.87,304.02,-103.27,159.55,-55.998,80.811,-350.5,512.99,-266.92,380.11,-125.75,232.3,-147.19,204.14
-263.08,372.08,-191.87,304.02,-103.27,159.55,-55.998,80.811,-350.5,512.99,-266.92,380.11,-125.75,232.3,-147.19,204.14
-263.08,372.08,-191.87,304.02,-103.27,159.55,-55.998,80.811,-350.5,512.99,-266.92,380.11,-125.75,232.3,-147.19,204.14
-262.1,370.61,-191.26,303.25,-102.95,159.15,-55.81,80.43,-349.31,511.4,-265.99,378.94,-124.98,231.29,-146.56,203.38
-262.1,370.61,-191.26,303.25,-102.95,159.15,-55.81,80.43,-349.31,511.4,-265.99,378.94,-124.98,231.29,-146.56,203.38
-261.12,369.14,-190.65,302.49,-102.63,158.76,-55.624,80.052,-348.12,509.81,-265.06,377.77,-124.2,230.28,-145.93,202.61
-261.12,369.14,-190.65,302.49,-102.63,158.76,-55.624,80.052,-348.12,509.81,-265.06,377.77,-124.2,230.28,-145.93,202.61
-260.14,367.68,-190.04,301.74,-102.31,158.36,-55.441,79.68,-346.93,508.22,-264.14,376.6,-123.43,229.28,-145.31,201.85
-260.14,367.68,-190.04,301.74,-102.31,158.36,-55.441,79.68,-346.93,508.22,-264.14,376.6,-123.43,229.28,-145.31,201.85
-259.16,366.21,-189.43,300.98,-101.98,157.97,-55.261,79.312,-345.74,506.62,-263.21,375.44,-122.66,228.28,-144.69,201.1
-259.16,366.21,-189.43,300.98,-101.98,157.97,-55.261,79.312,-345.74,506.62,-263.21,375.44,-122.66,228.28,-144.69,201.1
-258.18,364.75,-188.83,300.23,-101.66,157.58,-55.084,78.949,-344.55,505.03,-262.29,374.27,-121.89,227.28,-144.06,200.34
-258.18,364.75,-188.83,300.23,-101.66,157.58,-55.084,78.949,-344.55,505.03,-262.29,374.27,-121.89,227.28,-144.06,200.34
-257.21,363.29,-188.22,299.48,-101.34,157.2,-54.909,78.59,-343.37,503.44,-261.36,373.11,-121.12,226.28,-143.45,199.59
-257.21,363.29,-188.22,299.48,-101.34,157.2,-54.909,78.59,-343.37,503.44,-261.36,373.11,-121.12,226.28,-143.45,199.59
-257.21,363.29,-188.22,299.48,-101.34,157.2,-54.909,78.59,-343.37,503.44,-261.36,373.11,-121.12,226.28,-143.45,199.59
-256.23,361.83,-187.62,298.74,-101.02,156.81,-54.737,78.236,-342.18,501.84,-260.44,371.94,-120.36,225.28,-142.83,198.85
-256.23,361.83,-187.62,298.74,-101.02,156.81,-54.737,78.236,-342.18,501.84,-260.44,371.94,-120.36,225.28,-142.83,198.85
-255.26,360.38,-187.03,297.99,-100.7,156.42,-54.568,77.887,-340.99,500.25,-259.51,370.78,-119.6,224.29,-142.21,198.1
-254.28,358.92,-186.43,297.25,-100.38,156.04,-54.402,77.543,-339.8,498.66,-258.59,369.62,-118.84,223.3,-141.6,197.36
-254.28,358.92,-186.43,297.25,-100.38,156.04,-54.402,77.543,-339.8,498.66,-258.59,369.62,-118.84,223.3,-141.6,197.36
-253.31,357.47,-185.84,296.51,-100.06,155.66,-54.238,77.203,-338.62,497.07,-257.67,368.45,-118.08,222.31,-140.99,196.62
-252.34,356.02,-185.25,295.78,-99.743,155.28,-54.077,76.868,-337.43,495.48,-256.75,367.29,-117.32,221.32,-140.38,195.89
-252.34,356.02,-185.25,295.78,-99.743,155.28,-54.077,76.868,-337.43,495.48,-256.75,367.29,-117.32,221.32,-140.38,195.89
-252.34,356.02,-185.25,295.78,-99.743,155.28,-54.077,76.868,-337.43,495.48,-256.75,367.29,-117.32,221.32,-140.38,195.89
-251.37,354.57,-184.66,295.05,-99.423,154.9,-53.919,76.537,-336.25,493.89,-255.83,366.13,-116.57,220.33,-139.77,195.16
-251.37,354.57,-184.66,295.05,-99.423,154.9,-53.919,76.537,-336.25,493.89,-255.83,366.13,-116.57,220.33,-139.77,195.16
-250.4,353.12,-184.08,294.32,-99.103,154.52,-53.763,76.212,-335.06,492.3,-254.92,364.98,-115.82,219.35,-139.17,194.43
-250.4,353.12,-184.08,294.32,-99.103,154.52,-53.763,76.212,-335.06,492.3,-254.92,364.98,-115.82,219.35,-139.17,194.43
-249.43,351.68,-183.49,293.6,-98.783,154.15,-53.61,75.891,-333.88,490.71,-254,363.82,-115.07,218.37,-138.56,193.7
-249.43,351.68,-183.49,293.6,-98.783,154.15,-53.61,75.891,-333.88,490.71,-254,363.82,-115.07,218.37,-138.56,193.7
-248.47,350.24,-182.91,292.87,-98.463,153.77,-53.46,75.574,-332.69,489.13,-253.09,362.66,-114.32,217.39,-137.96,192.98
-247.5,348.8,-182.34,292.15,-98.143,153.4,-53.313,75.263,-331.51,487.54,-252.17,361.51,-113.58,216.41,-137.36,192.26
-247.5,348.8,-182.34,292.15,-98.143,153.4,-53.313,75.263,-331.51,487.54,-252.17,361.51,-113.58,216.41,-137.36,192.26
-247.5,348.8,-182.34,292.15,-98.143,153.4,-53.313,75.263,-331.51,487.54,-252.17,361.51,-113.58,216.41,-137.36,192.26
-246.54,347.36,-181.76,291.44,-97.824,153.03,-53.169,74.956,-330.33,485.96,-251.26,360.35,-112.83,215.44,-136.76,191.55
-246.54,347.36,-181.76,291.44,-97.824,153.03,-53.169,74.956,-330.33,485.96,-251.26,360.35,-112.83,215.44,-136.76,191.55
-246.54,347.36,-181.76,291.44,-97.824,153.03,-53.169,74.956,-330.33,485.96,-251.26,360.35,-112.83,215.44,-136.76,191.55
-245.57,345.92,-181.19,290.73,-97.504,152.66,-53.027,74.654,-329.15,484.37,-250.35,359.2,-112.09,214.46,-136.17,190.84
-245.57,345.92,-181.19,290.73,-97.504,152.66,-53.027,74.654,-329.15,484.37,-250.35,359.2,-112.09,214.46,-136.17,190.84
-243.65,343.06,-180.05,289.31,-96.865,151.93,-52.753,74.064,-326.79,481.21,-248.53,356.9,-110.62,212.52,-134.98,189.42
-243.65,343.06,-180.05,289.31,-96.865,151.93,-52.753,74.064,-326.79,481.21,-248.53,356.9,-110.62,212.52,-134.98,189.42
-243.65,343.06,-180.05,289.31,-96.865,151.93,-52.753,74.064,-326.79,481.21,-248.53,356.9,-110.62,212.52,-134.98,189.42
-242.69,341.63,-179.48,288.6,-96.545,151.57,-52.62,73.776,-325.62,479.62,-247.62,355.75,-109.89,211.56,-134.4,188.72
-242.69,341.63,-179.48,288.6,-96.545,151.57,-52.62,73.776,-325.62,479.62,-247.62,355.75,-109.89,211.56,-134.4,188.72
-241.73,340.2,-178.92,287.9,-96.226,151.2,-52.489,73.493,-324.44,478.04,-246.72,354.61,-109.16,210.6,-133.81,188.02
-241.73,340.2,-178.92,287.9,-96.226,151.2,-52.489,73.493,-324.44,478.04,-246.72,354.61,-109.16,210.6,-133.81,188.02
-240.78,338.78,-178.36,287.21,-95.907,150.84,-52.362,73.215,-323.26,476.47,-245.81,353.46,-108.43,209.63,-133.22,187.33
-240.78,338.78,-178.36,287.21,-95.907,150.84,-52.362,73.215,-323.26,476.47,-245.81,353.46,-108.43,209.63,-133.22,187.33
-239.82,337.36,-177.8,286.51,-95.587,150.48,-52.237,72.941,-322.09,474.89,-244.91,352.32,-107.7,208.68,-132.64,186.63
-239.82,337.36,-177.8,286.51,-95.587,150.48,-52.237,72.941,-322.09,474.89,-244.91,352.32,-107.7,208.68,-132.64,186.63
-238.86,335.94,-177.25,285.82,-95.268,150.12,-52.115,72.672,-320.92,473.31,-244.01,351.18,-106.98,207.72,-132.06,185.94
-238.86,335.94,-177.25,285.82,-95.268,150.12,-52.115,72.672,-320.92,473.31,-244.01,351.18,-106.98,207.72,-132.06,185.94
-237.91,334.52,-176.7,285.13,-94.949,149.77,-51.996,72.408,-319.75,471.74,-243.11,350.04,-106.26,206.77,-131.48,185.26
-237.91,334.52,-176.7,285.13,-94.949,149.77,-51.996,72.408,-319.75,471.74,-243.11,350.04,-106.26,206.77,-131.48,185.26
-237.91,334.52,-176.7,285.13,-94.949,149.77,-51.996,72.408,-319.75,471.74,-243.11,350.04,-106.26,206.77,-131.48,185.26
-236.96,333.11,-176.15,284.45,-94.63,149.41,-51.88,72.149,-318.58,470.17,-242.22,348.9,-105.54,205.82,-130.91,184.58
-236.96,333.11,-176.15,284.45,-94.63,149.41,-51.88,72.149,-318.58,470.17,-242.22,348.9,-105.54,205.82,-130.91,184.58
-236.96,333.11,-176.15,284.45,-94.63,149.41,-51.88,72.149,-318.58,470.17,-242.22,348.9,-105.54,205.82,-130.91,184.58
-236.01,331.7,-175.6,283.76,-94.31,149.06,-51.767,71.894,-317.41,468.59,-241.32,347.77,-104.83,204.87,-130.33,183.9
-236.01,331.7,-175.6,283.76,-94.31,149.06,-51.767,71.894,-317.41,468.59,-241.32,347.77,-104.83,204.87,-130.33,183.9
-234.11,328.88,-174.51,282.41,-93.672,148.36,-51.549,71.398,-315.07,465.46,-239.54,345.5,-103.4,202.98,-129.19,182.55
-233.17,327.48,-173.97,281.74,-93.353,148.01,-51.444,71.158,-313.91,463.89,-238.65,344.37,-102.69,202.04,-128.63,181.88
-233.17,327.48,-173.97,281.74,-93.353,148.01,-51.444,71.158,-313.91,463.89,-238.65,344.37,-102.69,202.04,-128.63,181.88
-233.17,327.48,-173.97,281.74,-93.353,148.01,-51.444,71.158,-313.91,463.89,-238.65,344.37,-102.69,202.04,-128.63,181.88
-232.22,326.08,-173.44,281.07,-93.034,147.66,-51.342,70.922,-312.75,462.32,-237.76,343.24,-101.99,201.1,-128.06,181.22
-232.22,326.08,-173.44,281.07,-93.034,147.66,-51.342,70.922,-312.75,462.32,-237.76,343.24,-101.99,201.1,-128.06,181.22
-232.22,326.08,-173.44,281.07,-93.034,147.66,-51.342,70.922,-312.75,462.32,-237.76,343.24,-101.99,201.1,-128.06,181.22
-231.28,324.68,-172.9,280.4,-92.715,147.31,-51.242,70.69,-311.58,460.76,-236.87,342.12,-101.29,200.16,-127.5,180.56
-231.28,324.68,-172.9,280.4,-92.715,147.31,-51.242,70.69,-311.58,460.76,-236.87,342.12,-101.29,200.16,-127.5,180.56
-230.34,323.29,-172.37,279.74,-92.396,146.97,-51.146,70.464,-310.42,459.2,-235.99,340.99,-100.59,199.23,-126.94,179.9
-230.34,323.29,-172.37,279.74,-92.396,146.97,-51.146,70.464,-310.42,459.2,-235.99,340.99,-100.59,199.23,-126.94,179.9
-228.46,320.5,-171.32,278.42,-91.758,146.28,-50.962,70.024,-308.11,456.08,-234.23,338.75,-99.197,197.37,-125.82,178.59
-228.46,320.5,-171.32,278.42,-91.758,146.28,-50.962,70.024,-308.11,456.08,-234.23,338.75,-99.197,197.37,-125.82,178.59
-228.46,320.5,-171.32,278.42,-91.758,146.28,-50.962,70.024,-308.11,456.08,-234.23,338.75,-99.197,197.37,-125.82,178.59
-227.52,319.12,-170.79,277.76,-91.44,145.94,-50.874,69.812,-306.95,454.53,-233.35,337.63,-98.505,196.44,-125.27,177.94
-227.52,319.12,-170.79,277.76,-91.44,145.94,-50.874,69.812,-306.95,454.53,-233.35,337.63,-98.505,196.44,-125.27,177.94
-227.52,319.12,-170.79,277.76,-91.44,145.94,-50.874,69.812,-306.95,454.53,-233.35,337.63,-98.505,196.44,-125.27,177.94
-226.59,317.73,-170.27,277.11,-91.121,145.6,-50.789,69.603,-305.8,452.97,-232.47,336.52,-97.817,195.52,-124.72,177.3
-225.65,316.35,-169.75,276.46,-90.802,145.27,-50.706,69.4,-304.64,451.42,-231.6,335.41,-97.131,194.6,-124.17,176.66
-224.72,314.97,-169.24,275.82,-90.483,144.93,-50.627,69.201,-303.49,449.87,-230.73,334.3,-96.448,193.68,-123.62,176.02
-224.72,314.97,-169.24,275.82,-90.483,144.93,-50.627,69.201,-303.49,449.87,-230.73,334.3,-96.448,193.68,-123.62,176.02
-224.72,314.97,-169.24,275.82,-90.483,144.93,-50.627,69.201,-303.49,449.87,-230.73,334.3,-96.448,193.68,-123.62,176.02
-223.79,313.6,-168.72,275.17,-90.164,144.59,-50.55,69.006,-302.35,448.32,-229.86,333.19,-95.767,192.77,-123.08,175.39
-223.79,313.6,-168.72,275.17,-90.164,144.59,-50.55,69.006,-302.35,448.32,-229.86,333.19,-95.767,192.77,-123.08,175.39
-222.86,312.22,-168.21,274.53,-89.846,144.26,-50.476,68.816,-301.2,446.78,-228.99,332.08,-95.09,191.85,-122.54,174.76
-222.86,312.22,-168.21,274.53,-89.846,144.26,-50.476,68.816,-301.2,446.78,-228.99,332.08,-95.09,191.85,-122.54,174.76
-222.86,312.22,-168.21,274.53,-89.846,144.26,-50.476,68.816,-301.2,446.78,-228.99,332.08,-95.09,191.85,-122.54,174.76
-221.93,310.85,-167.7,273.9,-89.527,143.93,-50.405,68.631,-300.05,445.23,-228.13,330.98,-94.415,190.94,-122,174.13
-221.93,310.85,-167.7,273.9,-89.527,143.93,-50.405,68.631,-300.05,445.23,-228.13,330.98,-94.415,190.94,-122,174.13
-220.08,308.12,-166.69,272.63,-88.889,143.26,-50.271,68.273,-297.77,442.15,-226.41,328.78,-93.074,189.13,-120.93,172.88
-220.08,308.12,-166.69,272.63,-88.889,143.26,-50.271,68.273,-297.77,442.15,-226.41,328.78,-93.074,189.13,-120.93,172.88
-220.08,308.12,-166.69,272.63,-88.889,143.26,-50.271,68.273,-297.77,442.15,-226.41,328.78,-93.074,189.13,-120.93,172.88
-219.16,306.76,-166.19,272.01,-88.571,142.94,-50.208,68.101,-296.63,440.62,-225.55,327.68,-92.408,188.23,-120.39,172.27
-219.16,306.76,-166.19,272.01,-88.571,142.94,-50.208,68.101,-296.63,440.62,-225.55,327.68,-92.408,188.23,-120.39,172.27
-218.23,305.4,-165.7,271.38,-88.252,142.61,-50.147,67.933,-295.49,439.08,-224.69,326.59,-91.745,187.33,-119.86,171.65
-218.23,305.4,-165.7,271.38,-88.252,142.61,-50.147,67.933,-295.49,439.08,-224.69,326.59,-91.745,187.33,-119.86,171.65
-217.31,304.05,-165.2,270.76,-87.933,142.28,-50.09,67.77,-294.35,437.55,-223.84,325.5,-91.084,186.43,-119.34,171.04
-217.31,304.05,-165.2,270.76,-87.933,142.28,-50.09,67.77,-294.35,437.55,-223.84,325.5,-91.084,186.43,-119.34,171.04
-217.31,304.05,-165.2,270.76,-87.933,142.28,-50.09,67.77,-294.35,437.55,-223.84,325.5,-91.084,186.43,-119.34,171.04
-216.4,302.69,-164.71,270.14,-87.614,141.96,-50.035,67.611,-293.22,436.02,-222.99,324.41,-90.427,185.54,-118.81,170.43
-216.4,302.69,-164.71,270.14,-87.614,141.96,-50.035,67.611,-293.22,436.02,-222.99,324.41,-90.427,185.54,-118.81,170.43
-215.48,301.34,-164.22,269.52,-87.296,141.63,-49.983,67.457,-292.09,434.49,-222.14,323.33,-89.772,184.65,-118.29,169.83
-215.48,301.34,-164.22,269.52,-87.296,141.63,-49.983,67.457,-292.09,434.49,-222.14,323.33,-89.772,184.65,-118.29,169.83
-215.48,301.34,-164.22,269.52,-87.296,141.63,-49.983,67.457,-292.09,434.49,-222.14,323.33,-89.772,184.65,-118.29,169.83
-213.65,298.65,-163.24,268.3,-86.658,140.99,-49.887,67.16,-289.83,431.44,-220.45,321.16,-88.472,182.87,-117.25,168.63
-213.65,298.65,-163.24,268.3,-86.658,140.99,-49.887,67.16,-289.83,431.44,-220.45,321.16,-88.472,182.87,-117.25,168.63
-213.65,298.65,-163.24,268.3,-86.658,140.99,-49.887,67.16,-289.83,431.44,-220.45,321.16,-88.472,182.87,-117.25,168.63
-212.74,297.31,-162.76,267.69,-86.34,140.67,-49.843,67.019,-288.71,429.92,-219.61,320.08,-87.826,181.99,-116.73,168.04
-212.74,297.31,-162.76,267.69,-86.34,140.67,-49.843,67.019,-288.71,429.92,-219.61,320.08,-87.826,181.99,-116.73,168.04
-211.83,295.98,-162.28,267.09,-86.021,140.35,-49.802,66.881,-287.58,428.4,-218.77,319.01,-87.183,181.11,-116.21,167.45
-211.83,295.98,-162.28,267.09,-86.021,140.35,-49.802,66.881,-287.58,428.4,-218.77,319.01,-87.183,181.11,-116.21,167.45
-210.02,293.31,-161.33,265.88,-85.384,139.71,-49.727,66.619,-285.34,425.38,-217.11,316.87,-85.906,179.36,-115.19,166.28
-210.02,293.31,-161.33,265.88,-85.384,139.71,-49.727,66.619,-285.34,425.38,-217.11,316.87,-85.906,179.36,-115.19,166.28
-210.02,293.31,-161.33,265.88,-85.384,139.71,-49.727,66.619,-285.34,425.38,-217.11,316.87,-85.906,179.36,-115.19,166.28
-209.11,291.98,-160.85,265.29,-85.065,139.39,-49.694,66.494,-284.22,423.87,-216.27,315.8,-85.272,178.48,-114.69,165.7
-209.11,291.98,-160.85,265.29,-85.065,139.39,-49.694,66.494,-284.22,423.87,-216.27,315.8,-85.272,178.48,-114.69,165.7
-209.11,291.98,-160.85,265.29,-85.065,139.39,-49.694,66.494,-284.22,423.87,-216.27,315.8,-85.272,178.48,-114.69,165.7
-208.21,290.66,-160.38,264.69,-84.746,139.08,-49.663,66.374,-283.11,422.36,-215.45,314.74,-84.641,177.61,-114.18,165.12
-207.31,289.33,-159.91,264.1,-84.427,138.76,-49.635,66.257,-282,420.85,-214.62,313.68,-84.013,176.75,-113.68,164.55
-206.41,288.02,-159.45,263.51,-84.109,138.45,-49.609,66.144,-280.89,419.35,-213.8,312.62,-83.388,175.88,-113.18,163.97
-206.41,288.02,-159.45,263.51,-84.109,138.45,-49.609,66.144,-280.89,419.35,-213.8,312.62,-83.388,175.88,-113.18,163.97
-205.51,286.7,-158.98,262.93,-83.79,138.14,-49.586,66.036,-279.78,417.85,-212.98,311.56,-82.766,175.02,-112.68,163.41
-205.51,286.7,-158.98,262.93,-83.79,138.14,-49.586,66.036,-279.78,417.85,-212.98,311.56,-82.766,175.02,-112.68,163.41
-205.51,286.7,-158.98,262.93,-83.79,138.14,-49.586,66.036,-279.78,417.85,-212.98,311.56,-82.766,175.02,-112.68,163.41
-204.61,285.39,-158.52,262.34,-83.471,137.83,-49.566,65.931,-278.67,416.35,-212.16,310.51,-82.148,174.16,-112.18,162.84
-204.61,285.39,-158.52,262.34,-83.471,137.83,-49.566,65.931,-278.67,416.35,-212.16,310.51,-82.148,174.16,-112.18,162.84
-204.61,285.39,-158.52,262.34,-83.471,137.83,-49.566,65.931,-278.67,416.35,-212.16,310.51,-82.148,174.16,-112.18,162.84
-203.72,284.08,-158.06,261.76,-83.152,137.52,-49.548,65.831,-277.57,414.86,-211.35,309.46,-81.532,173.31,-111.69,162.28
-203.72,284.08,-158.06,261.76,-83.152,137.52,-49.548,65.831,-277.57,414.86,-211.35,309.46,-81.532,173.31,-111.69,162.28
-202.83,282.77,-157.61,261.18,-82.833,137.21,-49.533,65.734,-276.47,413.37,-210.53,308.41,-80.919,172.45,-111.2,161.72
-202.83,282.77,-157.61,261.18,-82.833,137.21,-49.533,65.734,-276.47,413.37,-210.53,308.41,-80.919,172.45,-111.2,161.72
-201.93,281.46,-157.15,260.61,-82.515,136.9,-49.52,65.641,-275.37,411.88,-209.72,307.37,-80.309,171.6,-110.71,161.17
-201.93,281.46,-157.15,260.61,-82.515,136.9,-49.52,65.641,-275.37,411.88,-209.72,307.37,-80.309,171.6,-110.71,161.17
-201.05,280.16,-156.7,260.03,-82.196,136.59,-49.509,65.552,-274.27,410.39,-208.92,306.33,-79.702,170.75,-110.22,160.62
-200.16,278.87,-156.25,259.46,-81.877,136.28,-49.501,65.467,-273.17,408.91,-208.11,305.29,-79.098,169.91,-109.74,160.07
-200.16,278.87,-156.25,259.46,-81.877,136.28,-49.501,65.467,-273.17,408.91,-208.11,305.29,-79.098,169.91,-109.74,160.07
-199.27,277.57,-155.81,258.89,-81.558,135.97,-49.496,65.386,-272.08,407.43,-207.31,304.25,-78.497,169.06,-109.25,159.52
-199.27,277.57,-155.81,258.89,-81.558,135.97,-49.496,65.386,-272.08,407.43,-207.31,304.25,-78.497,169.06,-109.25,159.52
-198.39,276.28,-155.36,258.32,-81.239,135.67,-49.493,65.308,-270.99,405.95,-206.51,303.22,-77.9,168.22,-108.77,158.98
-198.39,276.28,-155.36,258.32,-81.239,135.67,-49.493,65.308,-270.99,405.95,-206.51,303.22,-77.9,168.22,-108.77,158.98
-197.51,274.99,-154.92,257.76,-80.92,135.36,-49.492,65.235,-269.91,404.47,-205.72,302.19,-77.305,167.39,-108.3,158.44
-197.51,274.99,-154.92,257.76,-80.92,135.36,-49.492,65.235,-269.91,404.47,-205.72,302.19,-77.305,167.39,-108.3,158.44
-196.63,273.71,-154.48,257.2,-80.601,135.06,-49.494,65.164,-268.82,403,-204.93,301.16,-76.713,166.55,-107.82,157.9
-196.63,273.71,-154.48,257.2,-80.601,135.06,-49.494,65.164,-268.82,403,-204.93,301.16,-76.713,166.55,-107.82,157.9
-195.75,272.42,-154.04,256.64,-80.282,134.76,-49.498,65.098,-267.74,401.53,-204.14,300.14,-76.125,165.72,-107.35,157.37
-195.75,272.42,-154.04,256.64,-80.282,134.76,-49.498,65.098,-267.74,401.53,-204.14,300.14,-76.125,165.72,-107.35,157.37
-195.75,272.42,-154.04,256.64,-80.282,134.76,-49.498,65.098,-267.74,401.53,-204.14,300.14,-76.125,165.72,-107.35,157.37
-194.87,271.14,-153.61,256.08,-79.963,134.45,-49.504,65.035,-266.66,400.07,-203.35,299.12,-75.539,164.89,-106.88,156.84
-194.87,271.14,-153.61,256.08,-79.963,134.45,-49.504,65.035,-266.66,400.07,-203.35,299.12,-75.539,164.89,-106.88,156.84
-193.12,268.6,-152.74,254.97,-79.325,133.85,-49.525,64.92,-264.51,397.14,-201.78,297.09,-74.377,163.24,-105.94,155.79
-193.12,268.6,-152.74,254.97,-79.325,133.85,-49.525,64.92,-264.51,397.14,-201.78,297.09,-74.377,163.24,-105.94,155.79
-192.25,267.33,-152.31,254.42,-79.006,133.55,-49.538,64.867,-263.43,395.68,-201,296.07,-73.801,162.42,-105.48,155.26
-192.25,267.33,-152.31,254.42,-79.006,133.55,-49.538,64.867,-263.43,395.68,-201,296.07,-73.801,162.42,-105.48,155.26
-192.25,267.33,-152.31,254.42,-79.006,133.55,-49.538,64.867,-263.43,395.68,-201,296.07,-73.801,162.42,-105.48,155.26
-191.38,266.06,-151.89,253.87,-78.687,133.25,-49.554,64.818,-262.36,394.23,-200.23,295.07,-73.228,161.6,-105.01,154.75
-191.38,266.06,-151.89,253.87,-78.687,133.25,-49.554,64.818,-262.36,394.23,-200.23,295.07,-73.228,161.6,-105.01,154.75
-191.38,266.06,-151.89,253.87,-78.687,133.25,-49.554,64.818,-262.36,394.23,-200.23,295.07,-73.228,161.6,-105.01,154.75
-190.51,264.79,-151.46,253.32,-78.367,132.95,-49.572,64.773,-261.3,392.78,-199.45,294.06,-72.658,160.78,-104.55,154.23
-189.64,263.53,-151.04,252.78,-78.048,132.65,-49.592,64.731,-260.23,391.33,-198.68,293.06,-72.091,159.97,-104.09,153.72
-188.78,262.28,-150.62,252.24,-77.729,132.35,-49.615,64.692,-259.17,389.88,-197.92,292.06,-71.526,159.16,-103.64,153.21
-188.78,262.28,-150.62,252.24,-77.729,132.35,-49.615,64.692,-259.17,389.88,-197.92,292.06,-71.526,159.16,-103.64,153.21
-187.92,261.02,-150.2,251.69,-77.41,132.05,-49.639,64.656,-258.11,388.44,-197.15,291.06,-70.965,158.35,-103.18,152.7
-187.92,261.02,-150.2,251.69,-77.41,132.05,-49.639,64.656,-258.11,388.44,-197.15,291.06,-70.965,158.35,-103.18,152.7
-187.92,261.02,-150.2,251.69,-77.41,132.05,-49.639,64.656,-258.11,388.44,-197.15,291.06,-70.965,158.35,-103.18,152.7
-187.06,259.77,-149.78,251.15,-77.09,131.76,-49.666,64.624,-257.05,387,-196.39,290.06,-70.408,157.54,-102.73,152.19
-187.06,259.77,-149.78,251.15,-77.09,131.76,-49.666,64.624,-257.05,387,-196.39,290.06,-70.408,157.54,-102.73,152.19
-186.2,258.52,-149.37,250.62,-76.771,131.46,-49.695,64.594,-256,385.57,-195.63,289.07,-69.853,156.74,-102.28,151.69
-186.2,258.52,-149.37,250.62,-76.771,131.46,-49.695,64.594,-256,385.57,-195.63,289.07,-69.853,156.74,-102.28,151.69
-185.34,257.28,-148.96,250.08,-76.452,131.16,-49.726,64.568,-254.94,384.13,-194.87,288.08,-69.301,155.93,-101.84,151.19
-185.34,257.28,-148.96,250.08,-76.452,131.16,-49.726,64.568,-254.94,384.13,-194.87,288.08,-69.301,155.93,-101.84,151.19
-184.48,256.03,-148.54,249.55,-76.132,130.87,-49.76,64.545,-253.89,382.7,-194.12,287.1,-68.752,155.14,-101.39,150.7
-183.63,254.79,-148.14,249.02,-75.813,130.57,-49.795,64.525,-252.85,381.27,-193.37,286.12,-68.207,154.34,-100.95,150.2
-183.63,254.79,-148.14,249.02,-75.813,130.57,-49.795,64.525,-252.85,381.27,-193.37,286.12,-68.207,154.34,-100.95,150.2
-182.78,253.56,-147.73,248.49,-75.493,130.27,-49.832,64.508,-251.8,379.85,-192.62,285.14,-67.664,153.55,-100.51,149.71
-182.78,253.56,-147.73,248.49,-75.493,130.27,-49.832,64.508,-251.8,379.85,-192.62,285.14,-67.664,153.55,-100.51,149.71
-182.78,253.56,-147.73,248.49,-75.493,130.27,-49.832,64.508,-251.8,379.85,-192.62,285.14,-67.664,153.55,-100.51,149.71
-181.93,252.32,-147.33,247.96,-75.174,129.98,-49.872,64.494,-250.76,378.43,-191.88,284.16,-67.124,152.75,-100.07,149.22
-181.93,252.32,-147.33,247.96,-75.174,129.98,-49.872,64.494,-250.76,378.43,-191.88,284.16,-67.124,152.75,-100.07,149.22
-181.08,251.09,-146.92,247.43,-74.854,129.68,-49.913,64.483,-249.72,377.01,-191.14,283.19,-66.588,151.97,-99.629,148.74
-181.08,251.09,-146.92,247.43,-74.854,129.68,-49.913,64.483,-249.72,377.01,-191.14,283.19,-66.588,151.97,-99.629,148.74
-180.23,249.87,-146.52,246.9,-74.535,129.39,-49.957,64.474,-248.69,375.59,-190.4,282.22,-66.054,151.18,-99.194,148.25
-180.23,249.87,-146.52,246.9,-74.535,129.39,-49.957,64.474,-248.69,375.59,-190.4,282.22,-66.054,151.18,-99.194,148.25
-179.39,248.64,-146.12,246.38,-74.215,129.1,-50.002,64.469,-247.65,374.18,-189.66,281.25,-65.524,150.4,-98.761,147.77
-179.39,248.64,-146.12,246.38,-74.215,129.1,-50.002,64.469,-247.65,374.18,-189.66,281.25,-65.524,150.4,-98.761,147.77
-178.54,247.42,-145.73,245.86,-73.896,128.8,-50.05,64.466,-246.62,372.77,-188.93,280.28,-64.997,149.61,-98.33,147.29
-178.54,247.42,-145.73,245.86,-73.896,128.8,-50.05,64.466,-246.62,372.77,-188.93,280.28,-64.997,149.61,-98.33,147.29
-177.7,246.2,-145.33,245.34,-73.576,128.51,-50.099,64.466,-245.59,371.37,-188.2,279.32,-64.473,148.83,-97.901,146.82
-177.7,246.2,-145.33,245.34,-73.576,128.51,-50.099,64.466,-245.59,371.37,-188.2,279.32,-64.473,148.83,-97.901,146.82
-176.86,244.99,-144.94,244.82,-73.256,128.21,-50.15,64.469,-244.57,369.97,-187.47,278.36,-63.951,148.06,-97.474,146.35
-176.86,244.99,-144.94,244.82,-73.256,128.21,-50.15,64.469,-244.57,369.97,-187.47,278.36,-63.951,148.06,-97.474,146.35
-176.02,243.78,-144.55,244.3,-72.937,127.92,-50.204,64.474,-243.55,368.57,-186.75,277.41,-63.433,147.28,-97.049,145.87
-175.19,242.57,-144.16,243.78,-72.617,127.63,-50.259,64.482,-242.53,367.17,-186.02,276.45,-62.918,146.51,-96.626,145.41
-175.19,242.57,-144.16,243.78,-72.617,127.63,-50.259,64.482,-242.53,367.17,-186.02,276.45,-62.918,146.51,-96.626,145.41
-175.19,242.57,-144.16,243.78,-72.617,127.63,-50.259,64.482,-242.53,367.17,-186.02,276.45,-62.918,146.51,-96.626,145.41
-174.35,241.36,-143.77,243.27,-72.297,127.33,-50.315,64.492,-241.51,365.78,-185.31,275.5,-62.406,145.74,-96.205,144.94
-174.35,241.36,-143.77,243.27,-72.297,127.33,-50.315,64.492,-241.51,365.78,-185.31,275.5,-62.406,145.74,-96.205,144.94
-173.52,240.16,-143.38,242.75,-71.977,127.04,-50.374,64.505,-240.49,364.39,-184.59,274.55,-61.897,144.98,-95.786,144.48
-173.52,240.16,-143.38,242.75,-71.977,127.04,-50.374,64.505,-240.49,364.39,-184.59,274.55,-61.897,144.98,-95.786,144.48
-173.52,240.16,-143.38,242.75,-71.977,127.04,-50.374,64.505,-240.49,364.39,-184.59,274.55,-61.897,144.98,-95.786,144.48
-173.52,240.16,-143.38,242.75,-71.977,127.04,-50.374,64.505,-240.49,364.39,-184.59,274.55,-61.897,144.98,-95.786,144.48
-171.86,237.76,-142.61,241.73,-71.338,126.45,-50.496,64.537,-238.47,361.62,-183.17,272.67,-60.888,143.45,-94.954,143.56
-171.86,237.76,-142.61,241.73,-71.338,126.45,-50.496,64.537,-238.47,361.62,-183.17,272.67,-60.888,143.45,-94.954,143.56
-171.03,236.56,-142.23,241.22,-71.018,126.16,-50.56,64.557,-237.47,360.23,-182.46,271.73,-60.388,142.69,-94.541,143.1
-171.03,236.56,-142.23,241.22,-71.018,126.16,-50.56,64.557,-237.47,360.23,-182.46,271.73,-60.388,142.69,-94.541,143.1
-170.21,235.37,-141.85,240.71,-70.698,125.87,-50.626,64.579,-236.46,358.86,-181.75,270.79,-59.89,141.93,-94.129,142.64
-170.21,235.37,-141.85,240.71,-70.698,125.87,-50.626,64.579,-236.46,358.86,-181.75,270.79,-59.89,141.93,-94.129,142.64
-169.38,234.18,-141.47,240.2,-70.378,125.57,-50.693,64.604,-235.46,357.48,-181.05,269.86,-59.396,141.17,-93.72,142.19
-169.38,234.18,-141.47,240.2,-70.378,125.57,-50.693,64.604,-235.46,357.48,-181.05,269.86,-59.396,141.17,-93.72,142.19
-168.56,232.99,-141.1,239.69,-70.058,125.28,-50.762,64.63,-234.46,356.11,-180.35,268.93,-58.905,140.42,-93.312,141.74
-167.74,231.81,-140.72,239.19,-69.738,124.99,-50.833,64.659,-233.47,354.74,-179.66,268,-58.417,139.67,-92.906,141.29
-167.74,231.81,-140.72,239.19,-69.738,124.99,-50.833,64.659,-233.47,354.74,-179.66,268,-58.417,139.67,-92.906,141.29
-167.74,231.81,-140.72,239.19,-69.738,124.99,-50.833,64.659,-233.47,354.74,-179.66,268,-58.417,139.67,-92.906,141.29
-167.74,231.81,-140.72,239.19,-69.738,124.99,-50.833,64.659,-233.47,354.74,-179.66,268,-58.417,139.67,-92.906,141.29
-166.92,230.63,-140.35,238.68,-69.418,124.69,-50.905,64.689,-232.48,353.38,-178.96,267.08,-57.932,138.92,-92.502,140.85
-166.92,230.63,-140.35,238.68,-69.418,124.69,-50.905,64.689,-232.48,353.38,-178.96,267.08,-57.932,138.92,-92.502,140.85
-166.1,229.45,-139.98,238.18,-69.098,124.4,-50.978,64.722,-231.49,352.02,-178.27,266.15,-57.45,138.17,-92.1,140.4
-165.29,228.28,-139.6,237.67,-68.778,124.11,-51.054,64.757,-230.5,350.66,-177.58,265.24,-56.971,137.43,-91.7,139.96
-165.29,228.28,-139.6,237.67,-68.778,124.11,-51.054,64.757,-230.5,350.66,-177.58,265.24,-56.971,137.43,-91.7,139.96
-164.47,227.11,-139.24,237.17,-68.458,123.81,-51.13,64.793,-229.51,349.3,-176.9,264.32,-56.495,136.69,-91.302,139.52
-164.47,227.11,-139.24,237.17,-68.458,123.81,-51.13,64.793,-229.51,349.3,-176.9,264.32,-56.495,136.69,-91.302,139.52
-163.66,225.94,-138.87,236.67,-68.138,123.52,-51.209,64.831,-228.53,347.95,-176.22,263.4,-56.021,135.95,-90.905,139.08
-162.85,224.77,-138.5,236.17,-67.818,123.22,-51.288,64.872,-227.55,346.6,-175.54,262.49,-55.551,135.21,-90.51,138.64
-162.85,224.77,-138.5,236.17,-67.818,123.22,-51.288,64.872,-227.55,346.6,-175.54,262.49,-55.551,135.21,-90.51,138.64
-162.85,224.77,-138.5,236.17,-67.818,123.22,-51.288,64.872,-227.55,346.6,-175.54,262.49,-55.551,135.21,-90.51,138.64
-162.04,223.61,-138.14,235.67,-67.498,122.93,-51.369,64.913,-226.58,345.25,-174.86,261.59,-55.084,134.47,-90.117,138.21
-162.04,223.61,-138.14,235.67,-67.498,122.93,-51.369,64.913,-226.58,345.25,-174.86,261.59,-55.084,134.47,-90.117,138.21
-161.24,222.44,-137.77,235.17,-67.178,122.63,-51.452,64.957,-225.6,343.91,-174.19,260.68,-54.619,133.74,-89.725,137.78
-161.24,222.44,-137.77,235.17,-67.178,122.63,-51.452,64.957,-225.6,343.91,-174.19,260.68,-54.619,133.74,-89.725,137.78
-160.43,221.29,-137.41,234.67,-66.858,122.34,-51.536,65.002,-224.63,342.57,-173.52,259.78,-54.158,133.01,-89.336,137.35
-160.43,221.29,-137.41,234.67,-66.858,122.34,-51.536,65.002,-224.63,342.57,-173.52,259.78,-54.158,133.01,-89.336,137.35
-159.63,220.13,-137.05,234.17,-66.538,122.04,-51.621,65.049,-223.67,341.24,-172.85,258.88,-53.699,132.28,-88.948,136.92
-158.82,218.98,-136.69,233.67,-66.217,121.74,-51.708,65.097,-222.7,339.9,-172.18,257.98,-53.243,131.55,-88.561,136.49
-158.82,218.98,-136.69,233.67,-66.217,121.74,-51.708,65.097,-222.7,339.9,-172.18,257.98,-53.243,131.55,-88.561,136.49
-158.82,218.98,-136.69,233.67,-66.217,121.74,-51.708,65.097,-222.7,339.9,-172.18,257.98,-53.243,131.55,-88.561,136.49
-158.02,217.83,-136.33,233.17,-65.897,121.45,-51.796,65.147,-221.74,338.57,-171.52,257.08,-52.791,130.83,-88.177,136.06
-158.02,217.83,-136.33,233.17,-65.897,121.45,-51.796,65.147,-221.74,338.57,-171.52,257.08,-52.791,130.83,-88.177,136.06
-157.23,216.68,-135.97,232.68,-65.577,121.15,-51.885,65.198,-220.78,337.24,-170.86,256.19,-52.341,130.1,-87.794,135.64
-157.23,216.68,-135.97,232.68,-65.577,121.15,-51.885,65.198,-220.78,337.24,-170.86,256.19,-52.341,130.1,-87.794,135.64
-156.43,215.53,-135.62,232.18,-65.257,120.85,-51.975,65.251,-219.82,335.92,-170.2,255.3,-51.894,129.38,-87.412,135.22
-156.43,215.53,-135.62,232.18,-65.257,120.85,-51.975,65.251,-219.82,335.92,-170.2,255.3,-51.894,129.38,-87.412,135.22
-155.63,214.39,-135.26,231.68,-64.937,120.55,-52.067,65.305,-218.87,334.6,-169.55,254.41,-51.449,128.66,-87.033,134.8
-154.84,213.25,-134.91,231.18,-64.617,120.26,-52.16,65.36,-217.92,333.28,-168.9,253.53,-51.008,127.94,-86.655,134.38
-154.84,213.25,-134.91,231.18,-64.617,120.26,-52.16,65.36,-217.92,333.28,-168.9,253.53,-51.008,127.94,-86.655,134.38
-154.84,213.25,-134.91,231.18,-64.617,120.26,-52.16,65.36,-217.92,333.28,-168.9,253.53,-51.008,127.94,-86.655,134.38
-154.05,212.11,-134.55,230.69,-64.297,119.96,-52.254,65.416,-216.97,331.97,-168.25,252.64,-50.569,127.23,-86.278,133.96
-154.05,212.11,-134.55,230.69,-64.297,119.96,-52.254,65.416,-216.97,331.97,-168.25,252.64,-50.569,127.23,-86.278,133.96
-153.26,210.98,-134.2,230.19,-63.977,119.66,-52.349,65.474,-216.02,330.66,-167.6,251.76,-50.134,126.52,-85.903,133.55
-153.26,210.98,-134.2,230.19,-63.977,119.66,-52.349,65.474,-216.02,330.66,-167.6,251.76,-50.134,126.52,-85.903,133.55
-152.47,209.85,-133.85,229.7,-63.657,119.36,-52.445,65.532,-215.08,329.35,-166.96,250.89,-49.701,125.8,-85.53,133.13
-152.47,209.85,-133.85,229.7,-63.657,119.36,-52.445,65.532,-215.08,329.35,-166.96,250.89,-49.701,125.8,-85.53,133.13
-151.68,208.72,-133.5,229.2,-63.337,119.06,-52.543,65.592,-214.14,328.04,-166.31,250.01,-49.271,125.09,-85.158,132.72
-150.9,207.59,-133.15,228.7,-63.017,118.75,-52.641,65.653,-213.2,326.74,-165.67,249.14,-48.844,124.39,-84.788,132.31
-150.9,207.59,-133.15,228.7,-63.017,118.75,-52.641,65.653,-213.2,326.74,-165.67,249.14,-48.844,124.39,-84.788,132.31
-150.9,207.59,-133.15,228.7,-63.017,118.75,-52.641,65.653,-213.2,326.74,-165.67,249.14,-48.844,124.39,-84.788,132.31
-150.11,206.47,-132.81,228.21,-62.697,118.45,-52.74,65.714,-212.27,325.44,-165.04,248.27,-48.419,123.68,-84.42,131.9
-150.11,206.47,-132.81,228.21,-62.697,118.45,-52.74,65.714,-212.27,325.44,-165.04,248.27,-48.419,123.68,-84.42,131.9
-149.33,205.34,-132.46,227.71,-62.377,118.15,-52.841,65.777,-211.34,324.14,-164.4,247.4,-47.997,122.98,-84.053,131.49
-149.33,205.34,-132.46,227.71,-62.377,118.15,-52.841,65.777,-211.34,324.14,-164.4,247.4,-47.997,122.98,-84.053,131.49
-148.55,204.22,-132.11,227.22,-62.057,117.85,-52.942,65.84,-210.41,322.85,-163.77,246.54,-47.578,122.27,-83.687,131.08
-148.55,204.22,-132.11,227.22,-62.057,117.85,-52.942,65.84,-210.41,322.85,-163.77,246.54,-47.578,122.27,-83.687,131.08
-147.77,203.11,-131.77,226.72,-61.738,117.54,-53.045,65.904,-209.48,321.56,-163.14,245.67,-47.162,121.57,-83.323,130.67
-146.99,201.99,-131.42,226.23,-61.418,117.24,-53.148,65.969,-208.56,320.27,-162.52,244.81,-46.749,120.88,-82.96,130.27
-146.99,201.99,-131.42,226.23,-61.418,117.24,-53.148,65.969,-208.56,320.27,-162.52,244.81,-46.749,120.88,-82.96,130.27
-146.22,200.88,-131.08,225.73,-61.098,116.93,-53.252,66.035,-207.64,318.99,-161.9,243.95,-46.338,120.18,-82.599,129.86
-146.22,200.88,-131.08,225.73,-61.098,116.93,-53.252,66.035,-207.64,318.99,-161.9,243.95,-46.338,120.18,-82.599,129.86
-146.22,200.88,-131.08,225.73,-61.098,116.93,-53.252,66.035,-207.64,318.99,-161.9,243.95,-46.338,120.18,-82.599,129.86
-145.44,199.77,-130.74,225.23,-60.778,116.62,-53.357,66.101,-206.72,317.71,-161.27,243.1,-45.93,119.48,-82.239,129.46
-145.44,199.77,-130.74,225.23,-60.778,116.62,-53.357,66.101,-206.72,317.71,-161.27,243.1,-45.93,119.48,-82.239,129.46
-145.44,199.77,-130.74,225.23,-60.778,116.62,-53.357,66.101,-206.72,317.71,-161.27,243.1,-45.93,119.48,-82.239,129.46
-144.67,198.66,-130.4,224.74,-60.459,116.32,-53.463,66.168,-205.8,316.43,-160.66,242.24,-45.525,118.79,-81.881,129.06
-143.9,197.56,-130.06,224.24,-60.139,116.01,-53.569,66.235,-204.89,315.16,-160.04,241.39,-45.122,118.1,-81.524,128.66
-143.9,197.56,-130.06,224.24,-60.139,116.01,-53.569,66.235,-204.89,315.16,-160.04,241.39,-45.122,118.1,-81.524,128.66
-143.13,196.46,-129.72,223.74,-59.82,115.7,-53.677,66.303,-203.98,313.89,-159.43,240.54,-44.722,117.41,-81.168,128.26
-143.13,196.46,-129.72,223.74,-59.82,115.7,-53.677,66.303,-203.98,313.89,-159.43,240.54,-44.722,117.41,-81.168,128.26
-143.13,196.46,-129.72,223.74,-59.82,115.7,-53.677,66.303,-203.98,313.89,-159.43,240.54,-44.722,117.41,-81.168,128.26
-142.36,195.35,-129.38,223.24,-59.5,115.39,-53.785,66.371,-203.07,312.62,-158.81,239.7,-44.325,116.72,-80.814,127.86
-142.36,195.35,-129.38,223.24,-59.5,115.39,-53.785,66.371,-203.07,312.62,-158.81,239.7,-44.325,116.72,-80.814,127.86
-141.6,194.26,-129.04,222.75,-59.181,115.08,-53.894,66.439,-202.17,311.35,-158.21,238.85,-43.93,116.04,-80.461,127.46
-141.6,194.26,-129.04,222.75,-59.181,115.08,-53.894,66.439,-202.17,311.35,-158.21,238.85,-43.93,116.04,-80.461,127.46
-140.83,193.16,-128.7,222.25,-58.861,114.76,-54.004,66.508,-201.27,310.09,-157.6,238.01,-43.538,115.35,-80.11,127.07
-140.07,192.07,-128.36,221.75,-58.542,114.45,-54.114,66.577,-200.37,308.83,-157,237.17,-43.149,114.67,-79.76,126.67
-139.31,190.98,-128.03,221.25,-58.223,114.14,-54.225,66.646,-199.47,307.57,-156.39,236.33,-42.762,113.99,-79.411,126.28
-139.31,190.98,-128.03,221.25,-58.223,114.14,-54.225,66.646,-199.47,307.57,-156.39,236.33,-42.762,113.99,-79.411,126.28
-139.31,190.98,-128.03,221.25,-58.223,114.14,-54.225,66.646,-199.47,307.57,-156.39,236.33,-42.762,113.99,-79.411,126.28
-138.55,189.89,-127.69,220.75,-57.904,113.82,-54.336,66.715,-198.58,306.32,-155.79,235.49,-42.378,113.31,-79.063,125.88
-138.55,189.89,-127.69,220.75,-57.904,113.82,-54.336,66.715,-198.58,306.32,-155.79,235.49,-42.378,113.31,-79.063,125.88
-138.55,189.89,-127.69,220.75,-57.904,113.82,-54.336,66.715,-198.58,306.32,-155.79,235.49,-42.378,113.31,-79.063,125.88
-137.79,188.8,-127.35,220.25,-57.585,113.51,-54.448,66.785,-197.68,305.07,-155.2,234.66,-41.997,112.63,-78.717,125.49
-137.79,188.8,-127.35,220.25,-57.585,113.51,-54.448,66.785,-197.68,305.07,-155.2,234.66,-41.997,112.63,-78.717,125.49
-137.79,188.8,-127.35,220.25,-57.585,113.51,-54.448,66.785,-197.68,305.07,-155.2,234.66,-41.997,112.63,-78.717,125.49
-136.28,186.63,-126.68,219.25,-56.947,112.87,-54.674,66.923,-195.91,302.57,-154.01,232.99,-41.241,111.28,-78.028,124.71
-136.28,186.63,-126.68,219.25,-56.947,112.87,-54.674,66.923,-195.91,302.57,-154.01,232.99,-41.241,111.28,-78.028,124.71
-135.52,185.55,-126.35,218.74,-56.628,112.55,-54.788,66.993,-195.03,301.33,-153.42,232.17,-40.867,110.6,-77.686,124.32
-135.52,185.55,-126.35,218.74,-56.628,112.55,-54.788,66.993,-195.03,301.33,-153.42,232.17,-40.867,110.6,-77.686,124.32
-134.77,184.48,-126.02,218.24,-56.309,112.23,-54.902,67.062,-194.15,300.09,-152.83,231.34,-40.496,109.93,-77.345,123.93
-134.77,184.48,-126.02,218.24,-56.309,112.23,-54.902,67.062,-194.15,300.09,-152.83,231.34,-40.496,109.93,-77.345,123.93
-134.02,183.4,-125.68,217.73,-55.991,111.91,-55.017,67.131,-193.27,298.86,-152.25,230.52,-40.127,109.26,-77.004,123.54
-134.02,183.4,-125.68,217.73,-55.991,111.91,-55.017,67.131,-193.27,298.86,-152.25,230.52,-40.127,109.26,-77.004,123.54
-133.27,182.33,-125.35,217.23,-55.672,111.59,-55.132,67.2,-192.39,297.62,-151.66,229.69,-39.761,108.59,-76.666,123.15
-133.27,182.33,-125.35,217.23,-55.672,111.59,-55.132,67.2,-192.39,297.62,-151.66,229.69,-39.761,108.59,-76.666,123.15
-133.27,182.33,-125.35,217.23,-55.672,111.59,-55.132,67.2,-192.39,297.62,-151.66,229.69,-39.761,108.59,-76.666,123.15
-132.52,181.25,-125.02,216.72,-55.354,111.26,-55.247,67.268,-191.52,296.39,-151.08,228.87,-39.397,107.93,-76.328,122.76
-132.52,181.25,-125.02,216.72,-55.354,111.26,-55.247,67.268,-191.52,296.39,-151.08,228.87,-39.397,107.93,-76.328,122.76
-131.03,179.12,-124.36,215.71,-54.718,110.61,-55.479,67.404,-189.78,293.94,-149.93,227.24,-38.677,106.59,-75.656,121.98
-131.03,179.12,-124.36,215.71,-54.718,110.61,-55.479,67.404,-189.78,293.94,-149.93,227.24,-38.677,106.59,-75.656,121.98
-131.03,179.12,-124.36,215.71,-54.718,110.61,-55.479,67.404,-189.78,293.94,-149.93,227.24,-38.677,106.59,-75.656,121.98
-130.29,178.05,-124.03,215.2,-54.4,110.28,-55.596,67.472,-188.92,292.72,-149.35,226.42,-38.32,105.93,-75.322,121.6
-130.29,178.05,-124.03,215.2,-54.4,110.28,-55.596,67.472,-188.92,292.72,-149.35,226.42,-38.32,105.93,-75.322,121.6
-130.29,178.05,-124.03,215.2,-54.4,110.28,-55.596,67.472,-188.92,292.72,-149.35,226.42,-38.32,105.93,-75.322,121.6
-129.54,176.99,-123.69,214.69,-54.082,109.95,-55.713,67.539,-188.05,291.5,-148.78,225.61,-37.966,105.27,-74.988,121.21
-128.8,175.93,-123.36,214.18,-53.764,109.62,-55.83,67.605,-187.19,290.28,-148.21,224.8,-37.615,104.61,-74.656,120.83
-128.06,174.87,-123.03,213.66,-53.447,109.29,-55.947,67.671,-186.34,289.07,-147.64,223.99,-37.266,103.95,-74.325,120.44
-128.06,174.87,-123.03,213.66,-53.447,109.29,-55.947,67.671,-186.34,289.07,-147.64,223.99,-37.266,103.95,-74.325,120.44
-127.33,173.81,-122.7,213.15,-53.129,108.96,-56.065,67.736,-185.48,287.86,-147.08,223.18,-36.919,103.29,-73.996,120.05
-127.33,173.81,-122.7,213.15,-53.129,108.96,-56.065,67.736,-185.48,287.86,-147.08,223.18,-36.919,103.29,-73.996,120.05
-127.33,173.81,-122.7,213.15,-53.129,108.96,-56.065,67.736,-185.48,287.86,-147.08,223.18,-36.919,103.29,-73.996,120.05
-126.59,172.75,-122.37,212.64,-52.812,108.62,-56.182,67.8,-184.63,286.65,-146.51,222.37,-36.574,102.64,-73.667,119.67
-126.59,172.75,-122.37,212.64,-52.812,108.62,-56.182,67.8,-184.63,286.65,-146.51,222.37,-36.574,102.64,-73.667,119.67
-126.59,172.75,-122.37,212.64,-52.812,108.62,-56.182,67.8,-184.63,286.65,-146.51,222.37,-36.574,102.64,-73.667,119.67
-125.85,171.7,-122.04,212.12,-52.495,108.29,-56.3,67.864,-183.78,285.45,-145.95,221.57,-36.232,101.98,-73.339,119.29
-125.85,171.7,-122.04,212.12,-52.495,108.29,-56.3,67.864,-183.78,285.45,-145.95,221.57,-36.232,101.98,-73.339,119.29
-124.39,169.6,-121.39,211.09,-51.861,107.61,-56.536,67.989,-182.09,283.05,-144.83,219.96,-35.555,100.68,-72.686,118.52
-124.39,169.6,-121.39,211.09,-51.861,107.61,-56.536,67.989,-182.09,283.05,-144.83,219.96,-35.555,100.68,-72.686,118.52
-124.39,169.6,-121.39,211.09,-51.861,107.61,-56.536,67.989,-182.09,283.05,-144.83,219.96,-35.555,100.68,-72.686,118.52
-123.66,168.55,-121.06,210.57,-51.545,107.27,-56.655,68.051,-181.24,281.85,-144.28,219.16,-35.22,100.03,-72.361,118.13
-123.66,168.55,-121.06,210.57,-51.545,107.27,-56.655,68.051,-181.24,281.85,-144.28,219.16,-35.22,100.03,-72.361,118.13
-123.66,168.55,-121.06,210.57,-51.545,107.27,-56.655,68.051,-181.24,281.85,-144.28,219.16,-35.22,100.03,-72.361,118.13
-122.93,167.51,-120.73,210.04,-51.228,106.93,-56.773,68.111,-180.41,280.66,-143.72,218.36,-34.887,99.377,-72.038,117.75
-122.93,167.51,-120.73,210.04,-51.228,106.93,-56.773,68.111,-180.41,280.66,-143.72,218.36,-34.887,99.377,-72.038,117.75
-122.93,167.51,-120.73,210.04,-51.228,106.93,-56.773,68.111,-180.41,280.66,-143.72,218.36,-34.887,99.377,-72.038,117.75
-121.47,165.42,-120.07,209,-50.596,106.24,-57.01,68.229,-178.73,278.28,-142.62,216.77,-34.228,98.082,-71.393,116.98
-121.47,165.42,-120.07,209,-50.596,106.24,-57.01,68.229,-178.73,278.28,-142.62,216.77,-34.228,98.082,-71.393,116.98
-120.75,164.38,-119.74,208.47,-50.28,105.89,-57.128,68.286,-177.9,277.09,-142.07,215.98,-33.902,97.436,-71.072,116.6
-120.75,164.38,-119.74,208.47,-50.28,105.89,-57.128,68.286,-177.9,277.09,-142.07,215.98,-33.902,97.436,-71.072,116.6
-120.02,163.34,-119.41,207.95,-49.965,105.55,-57.246,68.342,-177.07,275.91,-141.52,215.18,-33.578,96.791,-70.752,116.22
-120.02,163.34,-119.41,207.95,-49.965,105.55,-57.246,68.342,-177.07,275.91,-141.52,215.18,-33.578,96.791,-70.752,116.22
-119.3,162.3,-119.08,207.42,-49.649,105.2,-57.364,68.397,-176.24,274.73,-140.98,214.39,-33.256,96.148,-70.433,115.83
-119.3,162.3,-119.08,207.42,-49.649,105.2,-57.364,68.397,-176.24,274.73,-140.98,214.39,-33.256,96.148,-70.433,115.83
-118.58,161.27,-118.75,206.89,-49.334,104.85,-57.482,68.451,-175.42,273.55,-140.44,213.6,-32.936,95.506,-70.115,115.45
-118.58,161.27,-118.75,206.89,-49.334,104.85,-57.482,68.451,-175.42,273.55,-140.44,213.6,-32.936,95.506,-70.115,115.45
-117.86,160.23,-118.42,206.36,-49.019,104.49,-57.6,68.503,-174.6,272.37,-139.89,212.81,-32.619,94.865,-69.797,115.07
-117.86,160.23,-118.42,206.36,-49.019,104.49,-57.6,68.503,-174.6,272.37,-139.89,212.81,-32.619,94.865,-69.797,115.07
-117.14,159.2,-118.09,205.82,-48.704,104.14,-57.718,68.555,-173.77,271.2,-139.35,212.03,-32.304,94.225,-69.481,114.68
-117.14,159.2,-118.09,205.82,-48.704,104.14,-57.718,68.555,-173.77,271.2,-139.35,212.03,-32.304,94.225,-69.481,114.68
-116.42,158.17,-117.77,205.29,-48.389,103.79,-57.836,68.605,-172.96,270.03,-138.82,211.24,-31.991,93.586,-69.165,114.3
-116.42,158.17,-117.77,205.29,-48.389,103.79,-57.836,68.605,-172.96,270.03,-138.82,211.24,-31.991,93.586,-69.165,114.3
-115.71,157.14,-117.44,204.75,-48.075,103.43,-57.953,68.653,-172.14,268.86,-138.28,210.46,-31.68,92.948,-68.85,113.92
-115.71,157.14,-117.44,204.75,-48.075,103.43,-57.953,68.653,-172.14,268.86,-138.28,210.46,-31.68,92.948,-68.85,113.92
-114.99,156.12,-117.11,204.22,-47.761,103.07,-58.071,68.7,-171.33,267.7,-137.75,209.67,-31.371,92.312,-68.537,113.53
-114.99,156.12,-117.11,204.22,-47.761,103.07,-58.071,68.7,-171.33,267.7,-137.75,209.67,-31.371,92.312,-68.537,113.53
-114.28,155.09,-116.78,203.68,-47.447,102.71,-58.188,68.746,-170.52,266.54,-137.21,208.89,-31.064,91.676,-68.223,113.15
-113.57,154.07,-116.45,203.14,-47.133,102.35,-58.305,68.79,-169.71,265.38,-136.68,208.11,-30.759,91.042,-67.911,112.76
-113.57,154.07,-116.45,203.14,-47.133,102.35,-58.305,68.79,-169.71,265.38,-136.68,208.11,-30.759,91.042,-67.911,112.76
-113.57,154.07,-116.45,203.14,-47.133,102.35,-58.305,68.79,-169.71,265.38,-136.68,208.11,-30.759,91.042,-67.911,112.76
-112.86,153.05,-116.12,202.59,-46.82,101.98,-58.421,68.832,-168.9,264.22,-136.15,207.33,-30.457,90.409,-67.599,112.38
-112.86,153.05,-116.12,202.59,-46.82,101.98,-58.421,68.832,-168.9,264.22,-136.15,207.33,-30.457,90.409,-67.599,112.38
-112.15,152.03,-115.79,202.05,-46.507,101.62,-58.537,68.873,-168.1,263.06,-135.63,206.55,-30.156,89.777,-67.289,111.99
-112.15,152.03,-115.79,202.05,-46.507,101.62,-58.537,68.873,-168.1,263.06,-135.63,206.55,-30.156,89.777,-67.289,111.99
-111.44,151.01,-115.46,201.5,-46.194,101.25,-58.653,68.913,-167.3,261.91,-135.1,205.78,-29.857,89.146,-66.979,111.61
-111.44,151.01,-115.46,201.5,-46.194,101.25,-58.653,68.913,-167.3,261.91,-135.1,205.78,-29.857,89.146,-66.979,111.61
-110.73,149.99,-115.12,200.95,-45.881,100.88,-58.769,68.95,-166.5,260.76,-134.57,205,-29.561,88.515,-66.669,111.22
-110.73,149.99,-115.12,200.95,-45.881,100.88,-58.769,68.95,-166.5,260.76,-134.57,205,-29.561,88.515,-66.669,111.22
-110.03,148.98,-114.79,200.4,-45.569,100.51,-58.884,68.986,-165.7,259.62,-134.05,204.23,-29.266,87.886,-66.361,110.84
-109.32,147.96,-114.46,199.85,-45.257,100.14,-58.999,69.02,-164.91,258.47,-133.53,203.45,-28.973,87.258,-66.053,110.45
-109.32,147.96,-114.46,199.85,-45.257,100.14,-58.999,69.02,-164.91,258.47,-133.53,203.45,-28.973,87.258,-66.053,110.45
-109.32,147.96,-114.46,199.85,-45.257,100.14,-58.999,69.02,-164.91,258.47,-133.53,203.45,-28.973,87.258,-66.053,110.45
-108.62,146.95,-114.13,199.3,-44.945,99.762,-59.113,69.052,-164.11,257.33,-133.01,202.68,-28.682,86.631,-65.746,110.06
-108.62,146.95,-114.13,199.3,-44.945,99.762,-59.113,69.052,-164.11,257.33,-133.01,202.68,-28.682,86.631,-65.746,110.06
-107.92,145.94,-113.8,198.74,-44.634,99.385,-59.227,69.083,-163.32,256.19,-132.49,201.91,-28.394,86.005,-65.44,109.68
-107.22,144.93,-113.47,198.18,-44.323,99.007,-59.34,69.111,-162.53,255.05,-131.97,201.14,-28.107,85.38,-65.134,109.29
-107.22,144.93,-113.47,198.18,-44.323,99.007,-59.34,69.111,-162.53,255.05,-131.97,201.14,-28.107,85.38,-65.134,109.29
-107.22,144.93,-113.47,198.18,-44.323,99.007,-59.34,69.111,-162.53,255.05,-131.97,201.14,-28.107,85.38,-65.134,109.29
-107.22,144.93,-113.47,198.18,-44.323,99.007,-59.34,69.111,-162.53,255.05,-131.97,201.14,-28.107,85.38,-65.134,109.29
-106.52,143.92,-113.13,197.62,-44.012,98.627,-59.453,69.138,-161.75,253.92,-131.46,200.37,-27.822,84.756,-64.829,108.9
-106.52,143.92,-113.13,197.62,-44.012,98.627,-59.453,69.138,-161.75,253.92,-131.46,200.37,-27.822,84.756,-64.829,108.9
-105.82,142.91,-112.8,197.06,-43.701,98.245,-59.566,69.162,-160.97,252.78,-130.94,199.6,-27.538,84.133,-64.524,108.51
-105.13,141.91,-112.47,196.5,-43.391,97.862,-59.678,69.185,-160.18,251.65,-130.43,198.83,-27.257,83.51,-64.221,108.12
-105.13,141.91,-112.47,196.5,-43.391,97.862,-59.678,69.185,-160.18,251.65,-130.43,198.83,-27.257,83.51,-64.221,108.12
-104.43,140.91,-112.13,195.93,-43.081,97.476,-59.789,69.205,-159.4,250.53,-129.92,198.07,-26.978,82.889,-63.918,107.73
-104.43,140.91,-112.13,195.93,-43.081,97.476,-59.789,69.205,-159.4,250.53,-129.92,198.07,-26.978,82.889,-63.918,107.73
-103.74,139.9,-111.8,195.36,-42.771,97.089,-59.9,69.224,-158.63,249.4,-129.41,197.3,-26.7,82.269,-63.615,107.34
-103.04,138.9,-111.46,194.79,-42.462,96.7,-60.01,69.24,-157.85,248.28,-128.9,196.54,-26.424,81.649,-63.313,106.95
-103.04,138.9,-111.46,194.79,-42.462,96.7,-60.01,69.24,-157.85,248.28,-128.9,196.54,-26.424,81.649,-63.313,106.95
-102.35,137.9,-111.13,194.22,-42.153,96.309,-60.12,69.254,-157.08,247.16,-128.39,195.77,-26.15,81.031,-63.012,106.56
-102.35,137.9,-111.13,194.22,-42.153,96.309,-60.12,69.254,-157.08,247.16,-128.39,195.77,-26.15,81.031,-63.012,106.56
-102.35,137.9,-111.13,194.22,-42.153,96.309,-60.12,69.254,-157.08,247.16,-128.39,195.77,-26.15,81.031,-63.012,106.56
-101.66,136.91,-110.79,193.64,-41.845,95.915,-60.229,69.266,-156.31,246.04,-127.89,195.01,-25.878,80.413,-62.711,106.17
-101.66,136.91,-110.79,193.64,-41.845,95.915,-60.229,69.266,-156.31,246.04,-127.89,195.01,-25.878,80.413,-62.711,106.17
-100.97,135.91,-110.45,193.07,-41.536,95.52,-60.337,69.276,-155.54,244.92,-127.38,194.25,-25.607,79.796,-62.411,105.78
-100.97,135.91,-110.45,193.07,-41.536,95.52,-60.337,69.276,-155.54,244.92,-127.38,194.25,-25.607,79.796,-62.411,105.78
-100.28,134.91,-110.11,192.49,-41.228,95.124,-60.445,69.283,-154.77,243.81,-126.88,193.49,-25.338,79.18,-62.112,105.38
-100.28,134.91,-110.11,192.49,-41.228,95.124,-60.445,69.283,-154.77,243.81,-126.88,193.49,-25.338,79.18,-62.112,105.38
-100.28,134.91,-110.11,192.49,-41.228,95.124,-60.445,69.283,-154.77,243.81,-126.88,193.49,-25.338,79.18,-62.112,105.38
-99.598,133.92,-109.78,191.91,-40.921,94.725,-60.552,69.288,-154.01,242.7,-126.37,192.73,-25.071,78.565,-61.813,104.99
-99.598,133.92,-109.78,191.91,-40.921,94.725,-60.552,69.288,-154.01,242.7,-126.37,192.73,-25.071,78.565,-61.813,104.99
-99.598,133.92,-109.78,191.91,-40.921,94.725,-60.552,69.288,-154.01,242.7,-126.37,192.73,-25.071,78.565,-61.813,104.99
-98.228,131.93,-109.1,190.74,-40.307,93.921,-60.764,69.291,-152.48,240.48,-125.37,191.21,-24.542,77.337,-61.216,104.2
-98.228,131.93,-109.1,190.74,-40.307,93.921,-60.764,69.291,-152.48,240.48,-125.37,191.21,-24.542,77.337,-61.216,104.2
-97.545,130.94,-108.76,190.15,-40.001,93.516,-60.869,69.289,-151.73,239.38,-124.87,190.45,-24.28,76.724,-60.919,103.8
-97.545,130.94,-108.76,190.15,-40.001,93.516,-60.869,69.289,-151.73,239.38,-124.87,190.45,-24.28,76.724,-60.919,103.8
-96.863,129.95,-108.42,189.56,-39.695,93.11,-60.973,69.285,-150.97,238.27,-124.37,189.69,-24.02,76.112,-60.622,103.4
-96.182,128.97,-108.08,188.97,-39.389,92.701,-61.076,69.278,-150.21,237.17,-123.88,188.93,-23.761,75.501,-60.326,103
-96.182,128.97,-108.08,188.97,-39.389,92.701,-61.076,69.278,-150.21,237.17,-123.88,188.93,-23.761,75.501,-60.326,103
-96.182,128.97,-108.08,188.97,-39.389,92.701,-61.076,69.278,-150.21,237.17,-123.88,188.93,-23.761,75.501,-60.326,103
-96.182,128.97,-108.08,188.97,-39.389,92.701,-61.076,69.278,-150.21,237.17,-123.88,188.93,-23.761,75.501,-60.326,103
-95.502,127.98,-107.74,188.38,-39.084,92.29,-61.179,69.268,-149.46,236.07,-123.38,188.18,-23.503,74.891,-60.03,102.6
-95.502,127.98,-107.74,188.38,-39.084,92.29,-61.179,69.268,-149.46,236.07,-123.38,188.18,-23.503,74.891,-60.03,102.6
-94.823,127,-107.39,187.78,-38.779,91.878,-61.28,69.256,-148.71,234.98,-122.89,187.42,-23.248,74.281,-59.734,102.2
-94.146,126.01,-107.05,187.18,-38.475,91.463,-61.381,69.242,-147.96,233.88,-122.39,186.67,-22.994,73.672,-59.44,101.8
-93.47,125.03,-106.71,186.58,-38.171,91.046,-61.481,69.225,-147.21,232.79,-121.9,185.91,-22.741,73.064,-59.145,101.4
-93.47,125.03,-106.71,186.58,-38.171,91.046,-61.481,69.225,-147.21,232.79,-121.9,185.91,-22.741,73.064,-59.145,101.4
-92.794,124.05,-106.36,185.97,-37.867,90.627,-61.58,69.205,-146.47,231.7,-121.41,185.16,-22.49,72.457,-58.851,101
-92.794,124.05,-106.36,185.97,-37.867,90.627,-61.58,69.205,-146.47,231.7,-121.41,185.16,-22.49,72.457,-58.851,101
-92.794,124.05,-106.36,185.97,-37.867,90.627,-61.58,69.205,-146.47,231.7,-121.41,185.16,-22.49,72.457,-58.851,101
-92.12,123.07,-106.02,185.37,-37.564,90.207,-61.678,69.183,-145.73,230.61,-120.92,184.4,-22.241,71.85,-58.557,100.59
-92.12,123.07,-106.02,185.37,-37.564,90.207,-61.678,69.183,-145.73,230.61,-120.92,184.4,-22.241,71.85,-58.557,100.59
-92.12,123.07,-106.02,185.37,-37.564,90.207,-61.678,69.183,-145.73,230.61,-120.92,184.4,-22.241,71.85,-58.557,100.59
-91.447,122.09,-105.67,184.76,-37.261,89.784,-61.775,69.157,-144.99,229.53,-120.43,183.65,-21.993,71.245,-58.264,100.19
-91.447,122.09,-105.67,184.76,-37.261,89.784,-61.775,69.157,-144.99,229.53,-120.43,183.65,-21.993,71.245,-58.264,100.19
-90.776,121.11,-105.33,184.15,-36.959,89.359,-61.872,69.13,-144.25,228.45,-119.94,182.9,-21.746,70.64,-57.972,99.782
-90.105,120.13,-104.98,183.54,-36.657,88.932,-61.967,69.099,-143.51,227.36,-119.45,182.15,-21.501,70.035,-57.679,99.375
-89.436,119.15,-104.63,182.92,-36.356,88.503,-62.061,69.066,-142.77,226.28,-118.96,181.4,-21.258,69.432,-57.387,98.967
-89.436,119.15,-104.63,182.92,-36.356,88.503,-62.061,69.066,-142.77,226.28,-118.96,181.4,-21.258,69.432,-57.387,98.967
-89.436,119.15,-104.63,182.92,-36.356,88.503,-62.061,69.066,-142.77,226.28,-118.96,181.4,-21.258,69.432,-57.387,98.967
-88.767,118.18,-104.28,182.3,-36.055,88.072,-62.155,69.029,-142.04,225.21,-118.47,180.64,-21.015,68.829,-57.096,98.558
-88.767,118.18,-104.28,182.3,-36.055,88.072,-62.155,69.029,-142.04,225.21,-118.47,180.64,-21.015,68.829,-57.096,98.558
-88.1,117.2,-103.93,181.68,-35.754,87.639,-62.247,68.99,-141.31,224.13,-117.99,179.89,-20.775,68.226,-56.805,98.147
-88.1,117.2,-103.93,181.68,-35.754,87.639,-62.247,68.99,-141.31,224.13,-117.99,179.89,-20.775,68.226,-56.805,98.147
-88.1,117.2,-103.93,181.68,-35.754,87.639,-62.247,68.99,-141.31,224.13,-117.99,179.89,-20.775,68.226,-56.805,98.147
-87.434,116.23,-103.58,181.06,-35.454,87.204,-62.339,68.949,-140.58,223.06,-117.5,179.14,-20.535,67.625,-56.514,97.736
-87.434,116.23,-103.58,181.06,-35.454,87.204,-62.339,68.949,-140.58,223.06,-117.5,179.14,-20.535,67.625,-56.514,97.736
-86.105,114.29,-102.88,179.81,-34.856,86.328,-62.518,68.856,-139.12,220.92,-116.54,177.64,-20.061,66.424,-55.933,96.91
-86.105,114.29,-102.88,179.81,-34.856,86.328,-62.518,68.856,-139.12,220.92,-116.54,177.64,-20.061,66.424,-55.933,96.91
-85.442,113.32,-102.52,179.18,-34.557,85.887,-62.607,68.806,-138.4,219.85,-116.05,176.9,-19.825,65.824,-55.644,96.495
-85.442,113.32,-102.52,179.18,-34.557,85.887,-62.607,68.806,-138.4,219.85,-116.05,176.9,-19.825,65.824,-55.644,96.495
-85.442,113.32,-102.52,179.18,-34.557,85.887,-62.607,68.806,-138.4,219.85,-116.05,176.9,-19.825,65.824,-55.644,96.495
-84.78,112.35,-102.17,178.55,-34.259,85.443,-62.694,68.752,-137.67,218.79,-115.57,176.15,-19.591,65.225,-55.354,96.079
-84.78,112.35,-102.17,178.55,-34.259,85.443,-62.694,68.752,-137.67,218.79,-115.57,176.15,-19.591,65.225,-55.354,96.079
-84.119,111.38,-101.81,177.91,-33.962,84.998,-62.78,68.696,-136.95,217.72,-115.09,175.4,-19.358,64.627,-55.065,95.662
-84.119,111.38,-101.81,177.91,-33.962,84.998,-62.78,68.696,-136.95,217.72,-115.09,175.4,-19.358,64.627,-55.065,95.662
-83.46,110.42,-101.46,177.27,-33.665,84.55,-62.865,68.636,-136.23,216.66,-114.61,174.65,-19.127,64.029,-54.776,95.243
-83.46,110.42,-101.46,177.27,-33.665,84.55,-62.865,68.636,-136.23,216.66,-114.61,174.65,-19.127,64.029,-54.776,95.243
-82.801,109.45,-101.1,176.63,-33.368,84.101,-62.949,68.574,-135.51,215.6,-114.13,173.9,-18.897,63.432,-54.488,94.824
-82.801,109.45,-101.1,176.63,-33.368,84.101,-62.949,68.574,-135.51,215.6,-114.13,173.9,-18.897,63.432,-54.488,94.824
-82.144,108.49,-100.74,175.99,-33.072,83.649,-63.032,68.508,-134.8,214.54,-113.65,173.16,-18.668,62.836,-54.2,94.403
-82.144,108.49,-100.74,175.99,-33.072,83.649,-63.032,68.508,-134.8,214.54,-113.65,173.16,-18.668,62.836,-54.2,94.403
-81.487,107.52,-100.38,175.35,-32.777,83.195,-63.113,68.44,-134.08,213.49,-113.17,172.41,-18.44,62.24,-53.912,93.981
-81.487,107.52,-100.38,175.35,-32.777,83.195,-63.113,68.44,-134.08,213.49,-113.17,172.41,-18.44,62.24,-53.912,93.981
-81.487,107.52,-100.38,175.35,-32.777,83.195,-63.113,68.44,-134.08,213.49,-113.17,172.41,-18.44,62.24,-53.912,93.981
-80.832,106.56,-100.03,174.7,-32.482,82.74,-63.194,68.368,-133.37,212.43,-112.69,171.66,-18.214,61.645,-53.625,93.558
-80.832,106.56,-100.03,174.7,-32.482,82.74,-63.194,68.368,-133.37,212.43,-112.69,171.66,-18.214,61.645,-53.625,93.558
-79.525,104.64,-99.303,173.4,-31.893,81.822,-63.351,68.215,-131.95,210.33,-111.74,170.17,-17.764,60.457,-53.05,92.707
-79.525,104.64,-99.303,173.4,-31.893,81.822,-63.351,68.215,-131.95,210.33,-111.74,170.17,-17.764,60.457,-53.05,92.707
-79.525,104.64,-99.303,173.4,-31.893,81.822,-63.351,68.215,-131.95,210.33,-111.74,170.17,-17.764,60.457,-53.05,92.707
-78.872,103.68,-98.94,172.74,-31.6,81.36,-63.428,68.135,-131.24,209.28,-111.26,169.42,-17.541,59.863,-52.764,92.28
-78.872,103.68,-98.94,172.74,-31.6,81.36,-63.428,68.135,-131.24,209.28,-111.26,169.42,-17.541,59.863,-52.764,92.28
-78.221,102.72,-98.577,172.09,-31.307,80.896,-63.504,68.05,-130.53,208.24,-110.78,168.68,-17.32,59.271,-52.477,91.852
-78.221,102.72,-98.577,172.09,-31.307,80.896,-63.504,68.05,-130.53,208.24,-110.78,168.68,-17.32,59.271,-52.477,91.852
-77.571,101.76,-98.212,171.43,-31.015,80.429,-63.578,67.963,-129.83,207.19,-110.31,167.93,-17.099,58.678,-52.191,91.422
-77.571,101.76,-98.212,171.43,-31.015,80.429,-63.578,67.963,-129.83,207.19,-110.31,167.93,-17.099,58.678,-52.191,91.422
-76.922,100.8,-97.847,170.77,-30.723,79.961,-63.651,67.873,-129.12,206.15,-109.83,167.18,-16.88,58.087,-51.905,90.991
-76.274,99.845,-97.48,170.1,-30.432,79.491,-63.723,67.779,-128.42,205.11,-109.36,166.44,-16.661,57.496,-51.62,90.559
-76.274,99.845,-97.48,170.1,-30.432,79.491,-63.723,67.779,-128.42,205.11,-109.36,166.44,-16.661,57.496,-51.62,90.559
-76.274,99.845,-97.48,170.1,-30.432,79.491,-63.723,67.779,-128.42,205.11,-109.36,166.44,-16.661,57.496,-51.62,90.559
-75.627,98.89,-97.113,169.44,-30.141,79.018,-63.794,67.682,-127.72,204.07,-108.88,165.69,-16.444,56.906,-51.334,90.125
-75.627,98.89,-97.113,169.44,-30.141,79.018,-63.794,67.682,-127.72,204.07,-108.88,165.69,-16.444,56.906,-51.334,90.125
-75.627,98.89,-97.113,169.44,-30.141,79.018,-63.794,67.682,-127.72,204.07,-108.88,165.69,-16.444,56.906,-51.334,90.125
-74.981,97.935,-96.744,168.77,-29.851,78.544,-63.863,67.582,-127.02,203.03,-108.41,164.95,-16.227,56.316,-51.049,89.69
-74.337,96.981,-96.374,168.09,-29.562,78.067,-63.931,67.478,-126.32,201.99,-107.93,164.2,-16.012,55.727,-50.764,89.253
-74.337,96.981,-96.374,168.09,-29.562,78.067,-63.931,67.478,-126.32,201.99,-107.93,164.2,-16.012,55.727,-50.764,89.253
-74.337,96.981,-96.374,168.09,-29.562,78.067,-63.931,67.478,-126.32,201.99,-107.93,164.2,-16.012,55.727,-50.764,89.253
-73.693,96.028,-96.004,167.42,-29.273,77.588,-63.998,67.372,-125.63,200.96,-107.46,163.46,-15.798,55.138,-50.479,88.816
-73.693,96.028,-96.004,167.42,-29.273,77.588,-63.998,67.372,-125.63,200.96,-107.46,163.46,-15.798,55.138,-50.479,88.816
-73.693,96.028,-96.004,167.42,-29.273,77.588,-63.998,67.372,-125.63,200.96,-107.46,163.46,-15.798,55.138,-50.479,88.816
-72.408,94.125,-95.259,166.07,-28.697,76.625,-64.127,67.149,-124.24,198.9,-106.52,161.97,-15.372,53.962,-49.91,87.936
-72.408,94.125,-95.259,166.07,-28.697,76.625,-64.127,67.149,-124.24,198.9,-106.52,161.97,-15.372,53.962,-49.91,87.936
-71.767,93.175,-94.886,165.38,-28.41,76.14,-64.19,67.032,-123.55,197.87,-106.04,161.22,-15.161,53.375,-49.626,87.494
-71.767,93.175,-94.886,165.38,-28.41,76.14,-64.19,67.032,-123.55,197.87,-106.04,161.22,-15.161,53.375,-49.626,87.494
-71.127,92.225,-94.511,164.7,-28.124,75.653,-64.252,66.912,-122.86,196.84,-105.57,160.48,-14.951,52.789,-49.342,87.05
-71.127,92.225,-94.511,164.7,-28.124,75.653,-64.252,66.912,-122.86,196.84,-105.57,160.48,-14.951,52.789,-49.342,87.05
-71.127,92.225,-94.511,164.7,-28.124,75.653,-64.252,66.912,-122.86,196.84,-105.57,160.48,-14.951,52.789,-49.342,87.05
-70.489,91.277,-94.135,164.01,-27.838,75.164,-64.312,66.789,-122.17,195.81,-105.1,159.73,-14.742,52.203,-49.058,86.605
-70.489,91.277,-94.135,164.01,-27.838,75.164,-64.312,66.789,-122.17,195.81,-105.1,159.73,-14.742,52.203,-49.058,86.605
-70.489,91.277,-94.135,164.01,-27.838,75.164,-64.312,66.789,-122.17,195.81,-105.1,159.73,-14.742,52.203,-49.058,86.605
-69.214,89.382,-93.38,162.63,-27.268,74.18,-64.428,66.533,-120.79,193.77,-104.16,158.24,-14.326,51.033,-48.491,85.711
-69.214,89.382,-93.38,162.63,-27.268,74.18,-64.428,66.533,-120.79,193.77,-104.16,158.24,-14.326,51.033,-48.491,85.711
-68.578,88.435,-93.001,161.94,-26.984,73.685,-64.484,66.4,-120.11,192.75,-103.68,157.5,-14.119,50.448,-48.207,85.262
-68.578,88.435,-93.001,161.94,-26.984,73.685,-64.484,66.4,-120.11,192.75,-103.68,157.5,-14.119,50.448,-48.207,85.262
-67.944,87.49,-92.62,161.24,-26.701,73.188,-64.538,66.263,-119.42,191.73,-103.21,156.75,-13.913,49.865,-47.924,84.812
-67.944,87.49,-92.62,161.24,-26.701,73.188,-64.538,66.263,-119.42,191.73,-103.21,156.75,-13.913,49.865,-47.924,84.812
-67.944,87.49,-92.62,161.24,-26.701,73.188,-64.538,66.263,-119.42,191.73,-103.21,156.75,-13.913,49.865,-47.924,84.812
-67.31,86.545,-92.239,160.55,-26.418,72.689,-64.591,66.123,-118.74,190.71,-102.74,156.01,-13.709,49.281,-47.641,84.36
-67.31,86.545,-92.239,160.55,-26.418,72.689,-64.591,66.123,-118.74,190.71,-102.74,156.01,-13.709,49.281,-47.641,84.36
-67.31,86.545,-92.239,160.55,-26.418,72.689,-64.591,66.123,-118.74,190.71,-102.74,156.01,-13.709,49.281,-47.641,84.36
-66.045,84.658,-91.473,159.14,-25.855,71.684,-64.693,65.833,-117.38,188.68,-101.8,154.52,-13.302,48.116,-47.076,83.451
-66.045,84.658,-91.473,159.14,-25.855,71.684,-64.693,65.833,-117.38,188.68,-101.8,154.52,-13.302,48.116,-47.076,83.451
-65.414,83.716,-91.088,158.44,-25.574,71.179,-64.742,65.683,-116.7,187.67,-101.33,153.78,-13.099,47.535,-46.793,82.995
-65.414,83.716,-91.088,158.44,-25.574,71.179,-64.742,65.683,-116.7,187.67,-101.33,153.78,-13.099,47.535,-46.793,82.995
-64.785,82.774,-90.703,157.73,-25.294,70.672,-64.79,65.53,-116.02,186.65,-100.86,153.03,-12.898,46.954,-46.511,82.537
-64.785,82.774,-90.703,157.73,-25.294,70.672,-64.79,65.53,-116.02,186.65,-100.86,153.03,-12.898,46.954,-46.511,82.537
-64.156,81.834,-90.316,157.02,-25.015,70.163,-64.835,65.373,-115.35,185.64,-100.39,152.29,-12.697,46.373,-46.228,82.078
-64.156,81.834,-90.316,157.02,-25.015,70.163,-64.835,65.373,-115.35,185.64,-100.39,152.29,-12.697,46.373,-46.228,82.078
-63.528,80.894,-89.928,156.3,-24.736,69.652,-64.88,65.213,-114.67,184.64,-99.921,151.54,-12.497,45.793,-45.946,81.617
-63.528,80.894,-89.928,156.3,-24.736,69.652,-64.88,65.213,-114.67,184.64,-99.921,151.54,-12.497,45.793,-45.946,81.617
-62.901,79.954,-89.539,155.59,-24.458,69.139,-64.923,65.049,-114,183.63,-99.45,150.8,-12.298,45.213,-45.664,81.154
-62.901,79.954,-89.539,155.59,-24.458,69.139,-64.923,65.049,-114,183.63,-99.45,150.8,-12.298,45.213,-45.664,81.154
-62.275,79.016,-89.148,154.87,-24.18,68.624,-64.964,64.882,-113.33,182.62,-98.98,150.05,-12.1,44.634,-45.382,80.69
-62.275,79.016,-89.148,154.87,-24.18,68.624,-64.964,64.882,-113.33,182.62,-98.98,150.05,-12.1,44.634,-45.382,80.69
-61.65,78.078,-88.757,154.15,-23.904,68.107,-65.004,64.711,-112.66,181.62,-98.51,149.31,-11.902,44.055,-45.1,80.225
-61.65,78.078,-88.757,154.15,-23.904,68.107,-65.004,64.711,-112.66,181.62,-98.51,149.31,-11.902,44.055,-45.1,80.225
-61.026,77.141,-88.365,153.43,-23.628,67.588,-65.043,64.537,-111.99,180.62,-98.04,148.56,-11.705,43.477,-44.819,79.758
-61.026,77.141,-88.365,153.43,-23.628,67.588,-65.043,64.537,-111.99,180.62,-98.04,148.56,-11.705,43.477,-44.819,79.758
-60.403,76.204,-87.971,152.71,-23.352,67.067,-65.08,64.36,-111.32,179.62,-97.57,147.82,-11.509,42.9,-44.537,79.29
-59.781,75.269,-87.576,151.98,-23.077,66.544,-65.116,64.179,-110.65,178.62,-97.1,147.07,-11.313,42.323,-44.256,78.82
-59.781,75.269,-87.576,151.98,-23.077,66.544,-65.116,64.179,-110.65,178.62,-97.1,147.07,-11.313,42.323,-44.256,78.82
-59.16,74.334,-87.18,151.25,-22.804,66.019,-65.15,63.995,-109.98,177.62,-96.63,146.32,-11.118,41.746,-43.974,78.349
-59.16,74.334,-87.18,151.25,-22.804,66.019,-65.15,63.995,-109.98,177.62,-96.63,146.32,-11.118,41.746,-43.974,78.349
-59.16,74.334,-87.18,151.25,-22.804,66.019,-65.15,63.995,-109.98,177.62,-96.63,146.32,-11.118,41.746,-43.974,78.349
-58.54,73.4,-86.783,150.52,-22.53,65.493,-65.182,63.807,-109.32,176.62,-96.16,145.58,-10.924,41.17,-43.693,77.876
-58.54,73.4,-86.783,150.52,-22.53,65.493,-65.182,63.807,-109.32,176.62,-96.16,145.58,-10.924,41.17,-43.693,77.876
-57.921,72.466,-86.385,149.79,-22.258,64.964,-65.213,63.616,-108.65,175.63,-95.689,144.83,-10.731,40.594,-43.412,77.402
-57.302,71.534,-85.986,149.05,-21.986,64.434,-65.242,63.422,-107.99,174.63,-95.219,144.09,-10.538,40.019,-43.13,76.926
-57.302,71.534,-85.986,149.05,-21.986,64.434,-65.242,63.422,-107.99,174.63,-95.219,144.09,-10.538,40.019,-43.13,76.926
-57.302,71.534,-85.986,149.05,-21.986,64.434,-65.242,63.422,-107.99,174.63,-95.219,144.09,-10.538,40.019,-43.13,76.926
-56.685,70.602,-85.586,148.31,-21.715,63.901,-65.27,63.224,-107.33,173.64,-94.748,143.34,-10.345,39.445,-42.849,76.449
-56.685,70.602,-85.586,148.31,-21.715,63.901,-65.27,63.224,-107.33,173.64,-94.748,143.34,-10.345,39.445,-42.849,76.449
-56.069,69.67,-85.184,147.57,-21.444,63.367,-65.296,63.023,-106.67,172.65,-94.278,142.6,-10.154,38.871,-42.568,75.97
-56.069,69.67,-85.184,147.57,-21.444,63.367,-65.296,63.023,-106.67,172.65,-94.278,142.6,-10.154,38.871,-42.568,75.97
-56.069,69.67,-85.184,147.57,-21.444,63.367,-65.296,63.023,-106.67,172.65,-94.278,142.6,-10.154,38.871,-42.568,75.97
-55.453,68.74,-84.781,146.83,-21.175,62.831,-65.321,62.818,-106.01,171.66,-93.807,141.85,-9.9628,38.297,-42.287,75.489
-55.453,68.74,-84.781,146.83,-21.175,62.831,-65.321,62.818,-106.01,171.66,-93.807,141.85,-9.9628,38.297,-42.287,75.489
-54.839,67.81,-84.378,146.09,-20.906,62.293,-65.344,62.61,-105.35,170.67,-93.336,141.1,-9.7724,37.724,-42.007,75.008
-54.226,66.881,-83.973,145.34,-20.637,61.754,-65.366,62.398,-104.69,169.68,-92.865,140.36,-9.5825,37.152,-41.726,74.524
-54.226,66.881,-83.973,145.34,-20.637,61.754,-65.366,62.398,-104.69,169.68,-92.865,140.36,-9.5825,37.152,-41.726,74.524
-53.613,65.952,-83.567,144.59,-20.37,61.212,-65.386,62.183,-104.03,168.7,-92.394,139.61,-9.3932,36.579,-41.445,74.039
-53.613,65.952,-83.567,144.59,-20.37,61.212,-65.386,62.183,-104.03,168.7,-92.394,139.61,-9.3932,36.579,-41.445,74.039
-53.002,65.025,-83.159,143.84,-20.103,60.669,-65.404,61.965,-103.38,167.71,-91.922,138.86,-9.2044,36.008,-41.164,73.553
-53.002,65.025,-83.159,143.84,-20.103,60.669,-65.404,61.965,-103.38,167.71,-91.922,138.86,-9.2044,36.008,-41.164,73.553
-52.391,64.098,-82.751,143.09,-19.837,60.124,-65.421,61.743,-102.72,166.73,-91.451,138.12,-9.0162,35.437,-40.884,73.065
-52.391,64.098,-82.751,143.09,-19.837,60.124,-65.421,61.743,-102.72,166.73,-91.451,138.12,-9.0162,35.437,-40.884,73.065
-51.781,63.171,-82.342,142.33,-19.572,59.577,-65.437,61.517,-102.07,165.75,-90.979,137.37,-8.8285,34.866,-40.603,72.576
-51.781,63.171,-82.342,142.33,-19.572,59.577,-65.437,61.517,-102.07,165.75,-90.979,137.37,-8.8285,34.866,-40.603,72.576
-51.172,62.246,-81.931,141.58,-19.307,59.029,-65.45,61.289,-101.42,164.77,-90.507,136.62,-8.6413,34.296,-40.323,72.085
-50.565,61.321,-81.52,140.82,-19.043,58.478,-65.462,61.057,-100.76,163.79,-90.034,135.88,-8.4547,33.726,-40.042,71.593
-50.565,61.321,-81.52,140.82,-19.043,58.478,-65.462,61.057,-100.76,163.79,-90.034,135.88,-8.4547,33.726,-40.042,71.593
-50.565,61.321,-81.52,140.82,-19.043,58.478,-65.462,61.057,-100.76,163.79,-90.034,135.88,-8.4547,33.726,-40.042,71.593
-49.958,60.396,-81.107,140.06,-18.78,57.926,-65.473,60.821,-100.11,162.81,-89.562,135.13,-8.2685,33.157,-39.762,71.099
-49.958,60.396,-81.107,140.06,-18.78,57.926,-65.473,60.821,-100.11,162.81,-89.562,135.13,-8.2685,33.157,-39.762,71.099
-49.958,60.396,-81.107,140.06,-18.78,57.926,-65.473,60.821,-100.11,162.81,-89.562,135.13,-8.2685,33.157,-39.762,71.099
-49.352,59.473,-80.693,139.3,-18.518,57.372,-65.482,60.583,-99.463,161.83,-89.089,134.38,-8.0828,32.589,-39.482,70.604
-49.352,59.473,-80.693,139.3,-18.518,57.372,-65.482,60.583,-99.463,161.83,-89.089,134.38,-8.0828,32.589,-39.482,70.604
-48.747,58.55,-80.278,138.53,-18.256,56.817,-65.489,60.34,-98.814,160.86,-88.616,133.63,-7.8975,32.021,-39.202,70.107
-48.143,57.628,-79.862,137.76,-17.996,56.26,-65.495,60.095,-98.166,159.88,-88.142,132.88,-7.7128,31.453,-38.921,69.609
-47.54,56.706,-79.445,137,-17.736,55.701,-65.499,59.846,-97.518,158.91,-87.669,132.14,-7.5285,30.886,-38.641,69.109
-47.54,56.706,-79.445,137,-17.736,55.701,-65.499,59.846,-97.518,158.91,-87.669,132.14,-7.5285,30.886,-38.641,69.109
-47.54,56.706,-79.445,137,-17.736,55.701,-65.499,59.846,-97.518,158.91,-87.669,132.14,-7.5285,30.886,-38.641,69.109
-46.937,55.785,-79.026,136.22,-17.476,55.14,-65.501,59.594,-96.872,157.94,-87.195,131.39,-7.3446,30.319,-38.361,68.608
-46.937,55.785,-79.026,136.22,-17.476,55.14,-65.501,59.594,-96.872,157.94,-87.195,131.39,-7.3446,30.319,-38.361,68.608
-46.937,55.785,-79.026,136.22,-17.476,55.14,-65.501,59.594,-96.872,157.94,-87.195,131.39,-7.3446,30.319,-38.361,68.608
-46.336,54.865,-78.607,135.45,-17.218,54.578,-65.502,59.338,-96.226,156.97,-86.72,130.64,-7.1611,29.753,-38.081,68.105
-45.736,53.946,-78.186,134.68,-16.96,54.014,-65.501,59.079,-95.581,156,-86.246,129.89,-6.9781,29.188,-37.801,67.601
-45.136,53.027,-77.765,133.9,-16.703,53.449,-65.499,58.817,-94.937,155.03,-85.771,129.14,-6.7954,28.623,-37.521,67.095
-45.136,53.027,-77.765,133.9,-16.703,53.449,-65.499,58.817,-94.937,155.03,-85.771,129.14,-6.7954,28.623,-37.521,67.095
-44.538,52.109,-77.342,133.12,-16.447,52.882,-65.495,58.552,-94.294,154.06,-85.295,128.39,-6.6132,28.058,-37.241,66.588
-44.538,52.109,-77.342,133.12,-16.447,52.882,-65.495,58.552,-94.294,154.06,-85.295,128.39,-6.6132,28.058,-37.241,66.588
-43.94,51.192,-76.919,132.34,-16.192,52.313,-65.489,58.283,-93.652,153.1,-84.82,127.64,-6.4313,27.494,-36.961,66.08
-43.94,51.192,-76.919,132.34,-16.192,52.313,-65.489,58.283,-93.652,153.1,-84.82,127.64,-6.4313,27.494,-36.961,66.08
-43.94,51.192,-76.919,132.34,-16.192,52.313,-65.489,58.283,-93.652,153.1,-84.82,127.64,-6.4313,27.494,-36.961,66.08
-43.344,50.275,-76.494,131.56,-15.937,51.743,-65.482,58.011,-93.01,152.13,-84.343,126.9,-6.2499,26.93,-36.681,65.57
-43.344,50.275,-76.494,131.56,-15.937,51.743,-65.482,58.011,-93.01,152.13,-84.343,126.9,-6.2499,26.93,-36.681,65.57
-43.344,50.275,-76.494,131.56,-15.937,51.743,-65.482,58.011,-93.01,152.13,-84.343,126.9,-6.2499,26.93,-36.681,65.57
-42.748,49.359,-76.068,130.78,-15.683,51.172,-65.473,57.735,-92.37,151.17,-83.867,126.15,-6.0687,26.367,-36.401,65.059
-42.748,49.359,-76.068,130.78,-15.683,51.172,-65.473,57.735,-92.37,151.17,-83.867,126.15,-6.0687,26.367,-36.401,65.059
-42.153,48.444,-75.641,129.99,-15.43,50.598,-65.462,57.457,-91.73,150.21,-83.39,125.4,-5.888,25.805,-36.121,64.546
-41.559,47.529,-75.213,129.21,-15.178,50.024,-65.45,57.175,-91.091,149.25,-82.913,124.65,-5.7076,25.243,-35.841,64.032
-41.559,47.529,-75.213,129.21,-15.178,50.024,-65.45,57.175,-91.091,149.25,-82.913,124.65,-5.7076,25.243,-35.841,64.032
-40.966,46.616,-74.784,128.42,-14.927,49.448,-65.436,56.89,-90.452,148.29,-82.435,123.9,-5.5275,24.681,-35.562,63.516
-40.966,46.616,-74.784,128.42,-14.927,49.448,-65.436,56.89,-90.452,148.29,-82.435,123.9,-5.5275,24.681,-35.562,63.516
-40.374,45.702,-74.354,127.63,-14.676,48.87,-65.42,56.602,-89.815,147.33,-81.957,123.15,-5.3478,24.12,-35.282,62.999
-40.374,45.702,-74.354,127.63,-14.676,48.87,-65.42,56.602,-89.815,147.33,-81.957,123.15,-5.3478,24.12,-35.282,62.999
-40.374,45.702,-74.354,127.63,-14.676,48.87,-65.42,56.602,-89.815,147.33,-81.957,123.15,-5.3478,24.12,-35.282,62.999
-39.783,44.79,-73.923,126.84,-14.427,48.291,-65.403,56.31,-89.178,146.37,-81.478,122.4,-5.1683,23.56,-35.002,62.481
-39.193,43.878,-73.491,126.04,-14.178,47.71,-65.384,56.016,-88.542,145.41,-80.999,121.65,-4.9892,23,-34.722,61.961
-38.604,42.967,-73.058,125.25,-13.929,47.128,-65.363,55.718,-87.907,144.46,-80.52,120.9,-4.8104,22.44,-34.443,61.44
-38.604,42.967,-73.058,125.25,-13.929,47.128,-65.363,55.718,-87.907,144.46,-80.52,120.9,-4.8104,22.44,-34.443,61.44
-38.604,42.967,-73.058,125.25,-13.929,47.128,-65.363,55.718,-87.907,144.46,-80.52,120.9,-4.8104,22.44,-34.443,61.44
-38.016,42.057,-72.624,124.45,-13.682,46.545,-65.341,55.417,-87.272,143.5,-80.04,120.15,-4.6319,21.881,-34.163,60.917
-38.016,42.057,-72.624,124.45,-13.682,46.545,-65.341,55.417,-87.272,143.5,-80.04,120.15,-4.6319,21.881,-34.163,60.917
-38.016,42.057,-72.624,124.45,-13.682,46.545,-65.341,55.417,-87.272,143.5,-80.04,120.15,-4.6319,21.881,-34.163,60.917
-37.428,41.147,-72.189,123.66,-13.435,45.96,-65.317,55.113,-86.638,142.55,-79.56,119.4,-4.4537,21.323,-33.883,60.394
-37.428,41.147,-72.189,123.66,-13.435,45.96,-65.317,55.113,-86.638,142.55,-79.56,119.4,-4.4537,21.323,-33.883,60.394
-36.842,40.239,-71.753,122.86,-13.19,45.374,-65.292,54.806,-86.005,141.6,-79.079,118.64,-4.2757,20.765,-33.604,59.868
-36.256,39.33,-71.316,122.06,-12.945,44.787,-65.265,54.495,-85.372,140.65,-78.598,117.89,-4.0981,20.208,-33.324,59.342
-35.671,38.423,-70.878,121.25,-12.701,44.198,-65.236,54.182,-84.74,139.7,-78.116,117.14,-3.9207,19.651,-33.045,58.814
-35.671,38.423,-70.878,121.25,-12.701,44.198,-65.236,54.182,-84.74,139.7,-78.116,117.14,-3.9207,19.651,-33.045,58.814
-35.671,38.423,-70.878,121.25,-12.701,44.198,-65.236,54.182,-84.74,139.7,-78.116,117.14,-3.9207,19.651,-33.045,58.814
-35.088,37.516,-70.439,120.45,-12.457,43.608,-65.205,53.866,-84.109,138.75,-77.634,116.39,-3.7435,19.095,-32.765,58.285
-35.088,37.516,-70.439,120.45,-12.457,43.608,-65.205,53.866,-84.109,138.75,-77.634,116.39,-3.7435,19.095,-32.765,58.285
-34.505,36.61,-69.999,119.64,-12.215,43.016,-65.173,53.546,-83.479,137.8,-77.151,115.64,-3.5666,18.539,-32.485,57.754
-34.505,36.61,-69.999,119.64,-12.215,43.016,-65.173,53.546,-83.479,137.8,-77.151,115.64,-3.5666,18.539,-32.485,57.754
-34.505,36.61,-69.999,119.64,-12.215,43.016,-65.173,53.546,-83.479,137.8,-77.151,115.64,-3.5666,18.539,-32.485,57.754
-33.923,35.705,-69.558,118.84,-11.973,42.424,-65.14,53.224,-82.849,136.85,-76.668,114.89,-3.39,17.984,-32.206,57.223
-33.923,35.705,-69.558,118.84,-11.973,42.424,-65.14,53.224,-82.849,136.85,-76.668,114.89,-3.39,17.984,-32.206,57.223
-32.762,33.897,-68.673,117.22,-11.492,41.235,-65.067,52.57,-81.591,134.96,-75.7,113.39,-3.0373,16.875,-31.647,56.155
-32.762,33.897,-68.673,117.22,-11.492,41.235,-65.067,52.57,-81.591,134.96,-75.7,113.39,-3.0373,16.875,-31.647,56.155
-32.762,33.897,-68.673,117.22,-11.492,41.235,-65.067,52.57,-81.591,134.96,-75.7,113.39,-3.0373,16.875,-31.647,56.155
-32.183,32.994,-68.23,116.41,-11.253,40.639,-65.028,52.238,-80.963,134.02,-75.215,112.64,-2.8614,16.321,-31.368,55.619
-32.183,32.994,-68.23,116.41,-11.253,40.639,-65.028,52.238,-80.963,134.02,-75.215,112.64,-2.8614,16.321,-31.368,55.619
-31.605,32.092,-67.785,115.6,-11.015,40.041,-64.988,51.904,-80.336,133.08,-74.73,111.88,-2.6856,15.768,-31.088,55.083
-31.605,32.092,-67.785,115.6,-11.015,40.041,-64.988,51.904,-80.336,133.08,-74.73,111.88,-2.6856,15.768,-31.088,55.083
-31.605,32.092,-67.785,115.6,-11.015,40.041,-64.988,51.904,-80.336,133.08,-74.73,111.88,-2.6856,15.768,-31.088,55.083
-31.027,31.191,-67.34,114.79,-10.777,39.443,-64.946,51.566,-79.709,132.13,-74.244,111.13,-2.5101,15.216,-30.809,54.544
-31.027,31.191,-67.34,114.79,-10.777,39.443,-64.946,51.566,-79.709,132.13,-74.244,111.13,-2.5101,15.216,-30.809,54.544
-29.876,29.39,-66.446,113.16,-10.305,38.242,-64.857,50.883,-78.457,130.25,-73.271,109.63,-2.1596,14.113,-30.25,53.465
-29.876,29.39,-66.446,113.16,-10.305,38.242,-64.857,50.883,-78.457,130.25,-73.271,109.63,-2.1596,14.113,-30.25,53.465
-29.301,28.491,-65.998,112.34,-10.07,37.64,-64.81,50.537,-77.833,129.32,-72.784,108.88,-1.9846,13.562,-29.971,52.923
-29.301,28.491,-65.998,112.34,-10.07,37.64,-64.81,50.537,-77.833,129.32,-72.784,108.88,-1.9846,13.562,-29.971,52.923
-29.301,28.491,-65.998,112.34,-10.07,37.64,-64.81,50.537,-77.833,129.32,-72.784,108.88,-1.9846,13.562,-29.971,52.923
-28.728,27.593,-65.549,111.52,-9.8355,37.037,-64.761,50.188,-77.208,128.38,-72.296,108.13,-1.8099,13.012,-29.691,52.38
-28.728,27.593,-65.549,111.52,-9.8355,37.037,-64.761,50.188,-77.208,128.38,-72.296,108.13,-1.8099,13.012,-29.691,52.38
-28.728,27.593,-65.549,111.52,-9.8355,37.037,-64.761,50.188,-77.208,128.38,-72.296,108.13,-1.8099,13.012,-29.691,52.38
-28.155,26.695,-65.1,110.7,-9.6021,36.433,-64.711,49.836,-76.584,127.44,-71.807,107.37,-1.6353,12.462,-29.412,51.836
-27.583,25.798,-64.649,109.88,-9.3696,35.828,-64.659,49.482,-75.961,126.5,-71.318,106.62,-1.4609,11.913,-29.133,51.29
-27.583,25.798,-64.649,109.88,-9.3696,35.828,-64.659,49.482,-75.961,126.5,-71.318,106.62,-1.4609,11.913,-29.133,51.29
-27.012,24.902,-64.198,109.06,-9.1379,35.222,-64.605,49.125,-75.338,125.57,-70.829,105.87,-1.2866,11.364,-28.853,50.744
-27.012,24.902,-64.198,109.06,-9.1379,35.222,-64.605,49.125,-75.338,125.57,-70.829,105.87,-1.2866,11.364,-28.853,50.744
-26.442,24.007,-63.745,108.24,-8.907,34.615,-64.55,48.765,-74.716,124.64,-70.339,105.12,-1.1126,10.816,-28.574,50.196
-26.442,24.007,-63.745,108.24,-8.907,34.615,-64.55,48.765,-74.716,124.64,-70.339,105.12,-1.1126,10.816,-28.574,50.196
-25.873,23.113,-63.292,107.42,-8.677,34.007,-64.493,48.402,-74.095,123.7,-69.848,104.37,-0.93865,10.269,-28.295,49.648
-25.873,23.113,-63.292,107.42,-8.677,34.007,-64.493,48.402,-74.095,123.7,-69.848,104.37,-0.93865,10.269,-28.295,49.648
-25.305,22.219,-62.839,106.59,-8.4478,33.398,-64.434,48.036,-73.474,122.77,-69.357,103.61,-0.76489,9.7221,-28.016,49.098
-25.305,22.219,-62.839,106.59,-8.4478,33.398,-64.434,48.036,-73.474,122.77,-69.357,103.61,-0.76489,9.7221,-28.016,49.098
-24.738,21.327,-62.384,105.77,-8.2195,32.788,-64.374,47.668,-72.853,121.84,-68.865,102.86,-0.59129,9.1759,-27.737,48.547
