6558.6,54.233,19.852,0,0.040299,0,6670.5,48.379,0,0,0,0,0.015211,0
6558.6,54.233,19.852,0,0.040299,0,6670.5,48.379,0,0,0,0,0.015211,0
6558.6,54.233,19.852,0,0.040299,0,6670.5,48.379,0,0,0,0,0.015211,0
6559,54.233,19.853,0,0.04026,0,6670.5,48.379,0,0,0,0,0.015265,0
6559,54.233,19.853,0,0.04026,0,6670.5,48.379,0,0,0,0,0.015265,0
6559,54.233,19.853,0,0.04026,0,6670.5,48.379,0,0,0,0,0.015265,0
6559,54.233,19.853,0,0.04026,0,6670.5,48.379,0,0,0,0,0.015265,0
6559,54.233,19.853,0,0.04026,0,6670.5,48.379,0,0,0,0,0.015265,0
6559,54.233,19.853,0,0.04026,0,6670.5,48.379,0,0,0,0,0.015265,0
6559,54.233,19.853,0,0.04026,0,6670.5,48.379,0,0,0,0,0.015265,0
6559,54.233,19.853,0,0.04026,0,6670.5,48.379,0,0,0,0,0.015265,0
6559,54.233,19.853,0,0.04026,0,6670.5,48.379,0,0,0,0,0.015265,0
6559,54.233,19.853,0,0.04026,0,6670.5,48.379,0,0,0,0,0.015265,0
6559,54.233,19.853,0,0.04026,0,6670.5,48.379,0,0,0,0,0.015265,0
6559,54.233,19.853,0,0.04026,0,6670.5,48.379,0,0,0,0,0.015265,0
6559,54.233,19.853,0,0.04026,0,6670.5,48.379,0,0,0,0,0.015265,0
6559.8,54.233,19.855,0,0.04018,0,6670.5,48.379,0,0,0,0,0.015374,0
6559.8,54.233,19.855,0,0.04018,0,6670.5,48.379,0,0,0,0,0.015374,0
6559.8,54.233,19.855,0,0.04018,0,6670.5,48.379,0,0,0,0,0.015374,0
6559.8,54.233,19.855,0,0.04018,0,6670.5,48.379,0,0,0,0,0.015374,0
6559.8,54.233,19.855,0,0.04018,0,6670.5,48.379,0,0,0,0,0.015374,0
6561.8,54.233,19.859,0,0.039979,0,6670.5,48.379,0,0,0,0,0.015654,0
6562.2,54.233,19.859,0,0.039938,0,6670.5,48.379,0,0,0,0,0.015711,0
6562.2,54.233,19.859,0,0.039938,0,6670.5,48.379,0,0,0,0,0.015711,0
6562.2,54.233,19.859,0,0.039938,0,6670.5,48.379,0,0,0,0,0.015711,0
6562.2,54.233,19.859,0,0.039938,0,6670.5,48.379,0,0,0,0,0.015711,0
6562.2,54.233,19.859,0,0.039938,0,6670.5,48.379,0,0,0,0,0.015711,0
6562.2,54.233,19.859,0,0.039938,0,6670.5,48.379,0,0,0,0,0.015711,0
6562.2,54.233,19.859,0,0.039938,0,6670.5,48.379,0,0,0,0,0.015711,0
6562.2,54.233,19.859,0,0.039938,0,6670.5,48.379,0,0,0,0,0.015711,0
6562.2,54.233,19.859,0,0.039938,0,6670.5,48.379,0,0,0,0,0.015711,0
6562.2,54.233,19.859,0,0.039938,0,6670.5,48.379,0,0,0,0,0.015711,0
6562.2,54.233,19.859,0,0.039938,0,6670.5,48.379,0,0,0,0,0.015711,0
6562.2,54.233,19.859,0,0.039938,0,6670.5,48.379,0,0,0,0,0.015711,0
6565,54.233,19.865,0,0.039651,0,6670.5,48.379,0,0,0,0,0.016124,0
6565,54.233,19.865,0,0.039651,0,6670.5,48.379,0,0,0,0,0.016124,0
6565,54.233,19.865,0,0.039651,0,6670.5,48.379,0,0,0,0,0.016124,0
6565,54.233,19.865,0,0.039651,0,6670.5,48.379,0,0,0,0,0.016124,0
6565,54.233,19.865,0,0.039651,0,6670.5,48.379,0,0,0,0,0.016124,0
6565,54.233,19.865,0,0.039651,0,6670.5,48.379,0,0,0,0,0.016124,0
6565,54.233,19.865,0,0.039651,0,6670.5,48.379,0,0,0,0,0.016124,0
6565,54.233,19.865,0,0.039651,0,6670.5,48.379,0,0,0,0,0.016124,0
6566.2,54.233,19.867,0,0.039526,0,6670.5,48.379,0,0,0,0,0.016307,0
6566.2,54.233,19.867,0,0.039526,0,6670.5,48.379,0,0,0,0,0.016307,0
6566.9,54.233,19.869,0,0.039441,0,6670.5,48.379,0,0,0,0,0.016432,0
6566.9,54.233,19.869,0,0.039441,0,6670.5,48.379,0,0,0,0,0.016432,0
6566.9,54.233,19.869,0,0.039441,0,6670.5,48.379,0,0,0,0,0.016432,0
6566.9,54.233,19.869,0,0.039441,0,6670.5,48.379,0,0,0,0,0.016432,0
6566.9,54.233,19.869,0,0.039441,0,6670.5,48.379,0,0,0,0,0.016432,0
6566.9,54.233,19.869,0,0.039441,0,6670.5,48.379,0,0,0,0,0.016432,0
6566.9,54.233,19.869,0,0.039441,0,6670.5,48.379,0,0,0,0,0.016432,0
6566.9,54.233,19.869,0,0.039441,0,6670.5,48.379,0,0,0,0,0.016432,0
6566.9,54.233,19.869,0,0.039441,0,6670.5,48.379,0,0,0,0,0.016432,0
6566.9,54.233,19.869,0,0.039441,0,6670.5,48.379,0,0,0,0,0.016432,0
6568.5,54.233,19.872,0,0.039273,0,6670.5,48.379,0,0,0,0,0.016687,0
6568.5,54.233,19.872,0,0.039273,0,6670.5,48.379,0,0,0,0,0.016687,0
6568.5,54.233,19.872,0,0.039273,0,6670.5,48.379,0,0,0,0,0.016687,0
6568.5,54.233,19.872,0,0.039273,0,6670.5,48.379,0,0,0,0,0.016687,0
6568.5,54.233,19.872,0,0.039273,0,6670.5,48.379,0,0,0,0,0.016687,0
6568.5,54.233,19.872,0,0.039273,0,6670.5,48.379,0,0,0,0,0.016687,0
6568.5,54.233,19.872,0,0.039273,0,6670.5,48.379,0,0,0,0,0.016687,0
6568.5,54.233,19.872,0,0.039273,0,6670.5,48.379,0,0,0,0,0.016687,0
6568.9,54.233,19.873,0,0.039231,0,6670.5,48.379,0,0,0,0,0.016752,0
6568.9,54.233,19.873,0,0.039231,0,6670.5,48.379,0,0,0,0,0.016752,0
6568.9,54.233,19.873,0,0.039231,0,6670.5,48.379,0,0,0,0,0.016752,0
6569.3,54.233,19.874,0,0.039188,0,6670.5,48.379,0,0,0,0,0.016818,0
6569.3,54.233,19.874,0,0.039188,0,6670.5,48.379,0,0,0,0,0.016818,0
6570.9,54.233,19.877,0,0.039016,0,6670.5,48.379,0,0,0,0,0.017085,0
6572.1,54.233,19.879,0,0.038885,0,6670.5,48.379,0,0,0,0,0.017292,0
6572.9,54.233,19.881,0,0.038799,0,6670.5,48.379,0,0,0,0,0.017432,0
6572.9,54.233,19.881,0,0.038799,0,6670.5,48.379,0,0,0,0,0.017432,0
6572.9,54.233,19.881,0,0.038799,0,6670.5,48.379,0,0,0,0,0.017432,0
6572.9,54.233,19.881,0,0.038799,0,6670.5,48.379,0,0,0,0,0.017432,0
6572.9,54.233,19.881,0,0.038799,0,6670.5,48.379,0,0,0,0,0.017432,0
6572.9,54.233,19.881,0,0.038799,0,6670.5,48.379,0,0,0,0,0.017432,0
6572.9,54.233,19.881,0,0.038799,0,6670.5,48.379,0,0,0,0,0.017432,0
6572.9,54.233,19.881,0,0.038799,0,6670.5,48.379,0,0,0,0,0.017432,0
6572.9,54.233,19.881,0,0.038799,0,6670.5,48.379,0,0,0,0,0.017432,0
6572.9,54.233,19.881,0,0.038799,0,6670.5,48.379,0,0,0,0,0.017432,0
6572.9,54.233,19.881,0,0.038799,0,6670.5,48.379,0,0,0,0,0.017432,0
6572.9,54.233,19.881,0,0.038799,0,6670.5,48.379,0,0,0,0,0.017432,0
6572.9,54.233,19.881,0,0.038799,0,6670.5,48.379,0,0,0,0,0.017432,0
6572.9,54.233,19.881,0,0.038799,0,6670.5,48.379,0,0,0,0,0.017432,0
6572.9,54.233,19.881,0,0.038799,0,6670.5,48.379,0,0,0,0,0.017432,0
6572.9,54.233,19.881,0,0.038799,0,6670.5,48.379,0,0,0,0,0.017432,0
6572.9,54.233,19.881,0,0.038799,0,6670.5,48.379,0,0,0,0,0.017432,0
6572.9,54.233,19.881,0,0.038799,0,6670.5,48.379,0,0,0,0,0.017432,0
6572.9,54.233,19.881,0,0.038799,0,6670.5,48.379,0,0,0,0,0.017432,0
6572.9,54.233,19.881,0,0.038799,0,6670.5,48.379,0,0,0,0,0.017432,0
6572.9,54.233,19.881,0,0.038799,0,6670.5,48.379,0,0,0,0,0.017432,0
6575.7,54.233,19.886,0,0.038488,0,6670.5,48.379,0,0,0,0,0.017942,0
6575.7,54.233,19.886,0,0.038488,0,6670.5,48.379,0,0,0,0,0.017942,0
6576.9,54.233,19.888,0,0.038354,0,6670.5,48.379,0,0,0,0,0.018169,0
6576.9,54.233,19.888,0,0.038354,0,6670.5,48.379,0,0,0,0,0.018169,0
6576.9,54.233,19.888,0,0.038354,0,6670.5,48.379,0,0,0,0,0.018169,0
6576.9,54.233,19.888,0,0.038354,0,6670.5,48.379,0,0,0,0,0.018169,0
6576.9,54.233,19.888,0,0.038354,0,6670.5,48.379,0,0,0,0,0.018169,0
6576.9,54.233,19.888,0,0.038354,0,6670.5,48.379,0,0,0,0,0.018169,0
6576.9,54.233,19.888,0,0.038354,0,6670.5,48.379,0,0,0,0,0.018169,0
6576.9,54.233,19.888,0,0.038354,0,6670.5,48.379,0,0,0,0,0.018169,0
6576.9,54.233,19.888,0,0.038354,0,6670.5,48.379,0,0,0,0,0.018169,0
6576.9,54.233,19.888,0,0.038354,0,6670.5,48.379,0,0,0,0,0.018169,0
6578.1,54.233,19.891,0,0.038219,0,6670.5,48.379,0,0,0,0,0.018403,0
6578.1,54.233,19.891,0,0.038219,0,6670.5,48.379,0,0,0,0,0.018403,0
6578.1,54.233,19.891,0,0.038219,0,6670.5,48.379,0,0,0,0,0.018403,0
6578.1,54.233,19.891,0,0.038219,0,6670.5,48.379,0,0,0,0,0.018403,0
6578.1,54.233,19.891,0,0.038219,0,6670.5,48.379,0,0,0,0,0.018403,0
6578.1,54.233,19.891,0,0.038219,0,6670.5,48.379,0,0,0,0,0.018403,0
6578.1,54.233,19.891,0,0.038219,0,6670.5,48.379,0,0,0,0,0.018403,0
6578.1,54.233,19.891,0,0.038219,0,6670.5,48.379,0,0,0,0,0.018403,0
6578.5,54.233,19.892,0,0.038174,0,6670.5,48.379,0,0,0,0,0.018482,0
6578.5,54.233,19.892,0,0.038174,0,6670.5,48.379,0,0,0,0,0.018482,0
6578.5,54.233,19.892,0,0.038174,0,6670.5,48.379,0,0,0,0,0.018482,0
6578.9,54.233,19.892,0,0.038128,0,6670.5,48.379,0,0,0,0,0.018562,0
6578.9,54.233,19.892,0,0.038128,0,6670.5,48.379,0,0,0,0,0.018562,0
6580.5,54.233,19.895,0,0.037944,0,6670.5,48.379,0,0,0,0,0.018889,0
6580.5,54.233,19.895,0,0.037944,0,6670.5,48.379,0,0,0,0,0.018889,0
6580.5,54.233,19.895,0,0.037944,0,6670.5,48.379,0,0,0,0,0.018889,0
6580.5,54.233,19.895,0,0.037944,0,6670.5,48.379,0,0,0,0,0.018889,0
6582.5,54.233,19.899,0,0.037712,0,6670.5,48.379,0,0,0,0,0.019314,0
6582.5,54.233,19.899,0,0.037712,0,6670.5,48.379,0,0,0,0,0.019314,0
6582.5,54.233,19.899,0,0.037712,0,6670.5,48.379,0,0,0,0,0.019314,0
6582.5,54.233,19.899,0,0.037712,0,6670.5,48.379,0,0,0,0,0.019314,0
6582.5,54.233,19.899,0,0.037712,0,6670.5,48.379,0,0,0,0,0.019314,0
6582.5,54.233,19.899,0,0.037712,0,6670.5,48.379,0,0,0,0,0.019314,0
6582.5,54.233,19.899,0,0.037712,0,6670.5,48.379,0,0,0,0,0.019314,0
6582.5,54.233,19.899,0,0.037712,0,6670.5,48.379,0,0,0,0,0.019314,0
6582.5,54.233,19.899,0,0.037712,0,6670.5,48.379,0,0,0,0,0.019314,0
6582.5,54.233,19.899,0,0.037712,0,6670.5,48.379,0,0,0,0,0.019314,0
6582.5,54.233,19.899,0,0.037712,0,6670.5,48.379,0,0,0,0,0.019314,0
6582.5,54.233,19.899,0,0.037712,0,6670.5,48.379,0,0,0,0,0.019314,0
6582.5,54.233,19.899,0,0.037712,0,6670.5,48.379,0,0,0,0,0.019314,0
6582.5,54.233,19.899,0,0.037712,0,6670.5,48.379,0,0,0,0,0.019314,0
6582.5,54.233,19.899,0,0.037712,0,6670.5,48.379,0,0,0,0,0.019314,0
6582.5,54.233,19.899,0,0.037712,0,6670.5,48.379,0,0,0,0,0.019314,0
6582.5,54.233,19.899,0,0.037712,0,6670.5,48.379,0,0,0,0,0.019314,0
6584.8,54.233,19.904,0,0.03743,0,6670.5,48.379,0,0,0,0,0.019849,0
6586,54.233,19.906,0,0.037289,0,6670.5,48.379,0,0,0,0,0.020128,0
6586.8,54.233,19.907,0,0.037193,0,6670.5,48.379,0,0,0,0,0.020319,0
6586.8,54.233,19.907,0,0.037193,0,6670.5,48.379,0,0,0,0,0.020319,0
6586.8,54.233,19.907,0,0.037193,0,6670.5,48.379,0,0,0,0,0.020319,0
6586.8,54.233,19.907,0,0.037193,0,6670.5,48.379,0,0,0,0,0.020319,0
6586.8,54.233,19.907,0,0.037193,0,6670.5,48.379,0,0,0,0,0.020319,0
6586.8,54.233,19.907,0,0.037193,0,6670.5,48.379,0,0,0,0,0.020319,0
6586.8,54.233,19.907,0,0.037193,0,6670.5,48.379,0,0,0,0,0.020319,0
6586.8,54.233,19.907,0,0.037193,0,6670.5,48.379,0,0,0,0,0.020319,0
6586.8,54.233,19.907,0,0.037193,0,6670.5,48.379,0,0,0,0,0.020319,0
6586.8,54.233,19.907,0,0.037193,0,6670.5,48.379,0,0,0,0,0.020319,0
6586.8,54.233,19.907,0,0.037193,0,6670.5,48.379,0,0,0,0,0.020319,0
6586.8,54.233,19.907,0,0.037193,0,6670.5,48.379,0,0,0,0,0.020319,0
6586.8,54.233,19.907,0,0.037193,0,6670.5,48.379,0,0,0,0,0.020319,0
6586.8,54.233,19.907,0,0.037193,0,6670.5,48.379,0,0,0,0,0.020319,0
6586.8,54.233,19.907,0,0.037193,0,6670.5,48.379,0,0,0,0,0.020319,0
6586.8,54.233,19.907,0,0.037193,0,6670.5,48.379,0,0,0,0,0.020319,0
6586.8,54.233,19.907,0,0.037193,0,6670.5,48.379,0,0,0,0,0.020319,0
6587.6,54.233,19.909,0,0.037097,0,6670.5,48.379,0,0,0,0,0.020513,0
6587.6,54.233,19.909,0,0.037097,0,6670.5,48.379,0,0,0,0,0.020513,0
6587.6,54.233,19.909,0,0.037097,0,6670.5,48.379,0,0,0,0,0.020513,0
6588,54.233,19.91,0,0.037049,0,6670.5,48.379,0,0,0,0,0.020612,0
6588,54.233,19.91,0,0.037049,0,6670.5,48.379,0,0,0,0,0.020612,0
6588,54.233,19.91,0,0.037049,0,6670.5,48.379,0,0,0,0,0.020612,0
6588,54.233,19.91,0,0.037049,0,6670.5,48.379,0,0,0,0,0.020612,0
6588,54.233,19.91,0,0.037049,0,6670.5,48.379,0,0,0,0,0.020612,0
6590.8,54.233,19.915,0,0.03671,0,6670.5,48.379,0,0,0,0,0.021329,0
6590.8,54.233,19.915,0,0.03671,0,6670.5,48.379,0,0,0,0,0.021329,0
6590.8,54.233,19.915,0,0.03671,0,6670.5,48.379,0,0,0,0,0.021329,0
6590.8,54.233,19.915,0,0.03671,0,6670.5,48.379,0,0,0,0,0.021329,0
6590.8,54.233,19.915,0,0.03671,0,6670.5,48.379,0,0,0,0,0.021329,0
6592.4,54.233,19.918,0,0.036513,0,6670.5,48.379,0,0,0,0,0.021761,0
6592.4,54.233,19.918,0,0.036513,0,6670.5,48.379,0,0,0,0,0.021761,0
6592.4,54.233,19.918,0,0.036513,0,6670.5,48.379,0,0,0,0,0.021761,0
6592.4,54.233,19.918,0,0.036513,0,6670.5,48.379,0,0,0,0,0.021761,0
6592.4,54.233,19.918,0,0.036513,0,6670.5,48.379,0,0,0,0,0.021761,0
6592.4,54.233,19.918,0,0.036513,0,6670.5,48.379,0,0,0,0,0.021761,0
6592.4,54.233,19.918,0,0.036513,0,6670.5,48.379,0,0,0,0,0.021761,0
6592.4,54.233,19.918,0,0.036513,0,6670.5,48.379,0,0,0,0,0.021761,0
6592.4,54.233,19.918,0,0.036513,0,6670.5,48.379,0,0,0,0,0.021761,0
6592.4,54.233,19.918,0,0.036513,0,6670.5,48.379,0,0,0,0,0.021761,0
6592.4,54.233,19.918,0,0.036513,0,6670.5,48.379,0,0,0,0,0.021761,0
6592.4,54.233,19.918,0,0.036513,0,6670.5,48.379,0,0,0,0,0.021761,0
6592.4,54.233,19.918,0,0.036513,0,6670.5,48.379,0,0,0,0,0.021761,0
6593.6,54.233,19.92,0,0.036363,0,6670.5,48.379,0,0,0,0,0.022097,0
6593.6,54.233,19.92,0,0.036363,0,6670.5,48.379,0,0,0,0,0.022097,0
6594,54.233,19.921,0,0.036314,0,6670.5,48.379,0,0,0,0,0.022212,0
6594.4,54.233,19.921,0,0.036264,0,6670.5,48.379,0,0,0,0,0.022327,0
6594.4,54.233,19.921,0,0.036264,0,6670.5,48.379,0,0,0,0,0.022327,0
6594.4,54.233,19.921,0,0.036264,0,6670.5,48.379,0,0,0,0,0.022327,0
6596,54.233,19.924,0,0.036063,0,6670.5,48.379,0,0,0,0,0.022802,0
6596,54.233,19.924,0,0.036063,0,6670.5,48.379,0,0,0,0,0.022802,0
6596,54.233,19.924,0,0.036063,0,6670.5,48.379,0,0,0,0,0.022802,0
6596,54.233,19.924,0,0.036063,0,6670.5,48.379,0,0,0,0,0.022802,0
6596,54.233,19.924,0,0.036063,0,6670.5,48.379,0,0,0,0,0.022802,0
6596,54.233,19.924,0,0.036063,0,6670.5,48.379,0,0,0,0,0.022802,0
6596,54.233,19.924,0,0.036063,0,6670.5,48.379,0,0,0,0,0.022802,0
6596,54.233,19.924,0,0.036063,0,6670.5,48.379,0,0,0,0,0.022802,0
6596.8,54.233,19.926,0,0.035963,0,6670.5,48.379,0,0,0,0,0.023046,0
6596.8,54.233,19.926,0,0.035963,0,6670.5,48.379,0,0,0,0,0.023046,0
6596.8,54.233,19.926,0,0.035963,0,6670.5,48.379,0,0,0,0,0.023046,0
6596.8,54.233,19.926,0,0.035963,0,6670.5,48.379,0,0,0,0,0.023046,0
6596.8,54.233,19.926,0,0.035963,0,6670.5,48.379,0,0,0,0,0.023046,0
6596.8,54.233,19.926,0,0.035963,0,6670.5,48.379,0,0,0,0,0.023046,0
6596.8,54.233,19.926,0,0.035963,0,6670.5,48.379,0,0,0,0,0.023046,0
6596.8,54.233,19.926,0,0.035963,0,6670.5,48.379,0,0,0,0,0.023046,0
6596.8,54.233,19.926,0,0.035963,0,6670.5,48.379,0,0,0,0,0.023046,0
6596.8,54.233,19.926,0,0.035963,0,6670.5,48.379,0,0,0,0,0.023046,0
6597.6,54.233,19.927,0,0.035862,0,6670.5,48.379,0,0,0,0,0.023297,0
6598.8,54.233,19.929,0,0.035709,0,6670.5,48.379,0,0,0,0,0.023682,0
6598.8,54.233,19.929,0,0.035709,0,6670.5,48.379,0,0,0,0,0.023682,0
6598.8,54.233,19.929,0,0.035709,0,6670.5,48.379,0,0,0,0,0.023682,0
6598.8,54.233,19.929,0,0.035709,0,6670.5,48.379,0,0,0,0,0.023682,0
6598.8,54.233,19.929,0,0.035709,0,6670.5,48.379,0,0,0,0,0.023682,0
6598.8,54.233,19.929,0,0.035709,0,6670.5,48.379,0,0,0,0,0.023682,0
6598.8,54.233,19.929,0,0.035709,0,6670.5,48.379,0,0,0,0,0.023682,0
6598.8,54.233,19.929,0,0.035709,0,6670.5,48.379,0,0,0,0,0.023682,0
6600.8,54.233,19.933,0,0.035452,0,6670.5,48.379,0,0,0,0,0.024354,0
6600.8,54.233,19.933,0,0.035452,0,6670.5,48.379,0,0,0,0,0.024354,0
6600.8,54.233,19.933,0,0.035452,0,6670.5,48.379,0,0,0,0,0.024354,0
6601.6,54.233,19.934,0,0.035348,0,6670.5,48.379,0,0,0,0,0.024634,0
6601.6,54.233,19.934,0,0.035348,0,6670.5,48.379,0,0,0,0,0.024634,0
6602.4,54.233,19.936,0,0.035245,0,6670.5,48.379,0,0,0,0,0.02492,0
6602.8,54.233,19.936,0,0.035193,0,6670.5,48.379,0,0,0,0,0.025065,0
6603.2,54.233,19.937,0,0.035141,0,6670.5,48.379,0,0,0,0,0.025213,0
6603.2,54.233,19.937,0,0.035141,0,6670.5,48.379,0,0,0,0,0.025213,0
6603.2,54.233,19.937,0,0.035141,0,6670.5,48.379,0,0,0,0,0.025213,0
6603.2,54.233,19.937,0,0.035141,0,6670.5,48.379,0,0,0,0,0.025213,0
6603.2,54.233,19.937,0,0.035141,0,6670.5,48.379,0,0,0,0,0.025213,0
6603.2,54.233,19.937,0,0.035141,0,6670.5,48.379,0,0,0,0,0.025213,0
6603.2,54.233,19.937,0,0.035141,0,6670.5,48.379,0,0,0,0,0.025213,0
6603.2,54.233,19.937,0,0.035141,0,6670.5,48.379,0,0,0,0,0.025213,0
6603.2,54.233,19.937,0,0.035141,0,6670.5,48.379,0,0,0,0,0.025213,0
6603.2,54.233,19.937,0,0.035141,0,6670.5,48.379,0,0,0,0,0.025213,0
6603.2,54.233,19.937,0,0.035141,0,6670.5,48.379,0,0,0,0,0.025213,0
6603.2,54.233,19.937,0,0.035141,0,6670.5,48.379,0,0,0,0,0.025213,0
6603.2,54.233,19.937,0,0.035141,0,6670.5,48.379,0,0,0,0,0.025213,0
6603.2,54.233,19.937,0,0.035141,0,6670.5,48.379,0,0,0,0,0.025213,0
6603.2,54.233,19.937,0,0.035141,0,6670.5,48.379,0,0,0,0,0.025213,0
6603.2,54.233,19.937,0,0.035141,0,6670.5,48.379,0,0,0,0,0.025213,0
6603.2,54.233,19.937,0,0.035141,0,6670.5,48.379,0,0,0,0,0.025213,0
6603.2,54.233,19.937,0,0.035141,0,6670.5,48.379,0,0,0,0,0.025213,0
6603.2,54.233,19.937,0,0.035141,0,6670.5,48.379,0,0,0,0,0.025213,0
6603.2,54.233,19.937,0,0.035141,0,6670.5,48.379,0,0,0,0,0.025213,0
6603.2,54.233,19.937,0,0.035141,0,6670.5,48.379,0,0,0,0,0.025213,0
6605.6,54.233,19.941,0,0.034825,0,6670.5,48.379,0,0,0,0,0.026134,0
6606,54.233,19.942,0,0.034772,0,6670.5,48.379,0,0,0,0,0.026294,0
6606,54.233,19.942,0,0.034772,0,6670.5,48.379,0,0,0,0,0.026294,0
6606,54.233,19.942,0,0.034772,0,6670.5,48.379,0,0,0,0,0.026294,0
6606,54.233,19.942,0,0.034772,0,6670.5,48.379,0,0,0,0,0.026294,0
6608,54.233,19.945,0,0.034506,0,6670.5,48.379,0,0,0,0,0.027125,0
6608,54.233,19.945,0,0.034506,0,6670.5,48.379,0,0,0,0,0.027125,0
6608,54.233,19.945,0,0.034506,0,6670.5,48.379,0,0,0,0,0.027125,0
6608.4,54.233,19.946,0,0.034452,0,6670.5,48.379,0,0,0,0,0.027297,0
6608.4,54.233,19.946,0,0.034452,0,6670.5,48.379,0,0,0,0,0.027297,0
6608.4,54.233,19.946,0,0.034452,0,6670.5,48.379,0,0,0,0,0.027297,0
6608.4,54.233,19.946,0,0.034452,0,6670.5,48.379,0,0,0,0,0.027297,0
6608.4,54.233,19.946,0,0.034452,0,6670.5,48.379,0,0,0,0,0.027297,0
6608.4,54.233,19.946,0,0.034452,0,6670.5,48.379,0,0,0,0,0.027297,0
6608.4,54.233,19.946,0,0.034452,0,6670.5,48.379,0,0,0,0,0.027297,0
6608.4,54.233,19.946,0,0.034452,0,6670.5,48.379,0,0,0,0,0.027297,0
6608.4,54.233,19.946,0,0.034452,0,6670.5,48.379,0,0,0,0,0.027297,0
6609.2,54.233,19.947,0,0.034344,0,6670.5,48.379,0,0,0,0,0.027649,0
6609.2,54.233,19.947,0,0.034344,0,6670.5,48.379,0,0,0,0,0.027649,0
6609.6,54.233,19.948,0,0.03429,0,6670.5,48.379,0,0,0,0,0.027828,0
6610.8,54.233,19.95,0,0.034129,0,6670.5,48.379,0,0,0,0,0.02838,0
6610.8,54.233,19.95,0,0.034129,0,6670.5,48.379,0,0,0,0,0.02838,0
6611.5,54.233,19.952,0,0.03402,0,6670.5,48.379,0,0,0,0,0.02876,0
6611.5,54.233,19.952,0,0.03402,0,6670.5,48.379,0,0,0,0,0.02876,0
6611.9,54.233,19.952,0,0.033965,0,6670.5,48.379,0,0,0,0,0.028954,0
6611.9,54.233,19.952,0,0.033965,0,6670.5,48.379,0,0,0,0,0.028954,0
6611.9,54.233,19.952,0,0.033965,0,6670.5,48.379,0,0,0,0,0.028954,0
6611.9,54.233,19.952,0,0.033965,0,6670.5,48.379,0,0,0,0,0.028954,0
6611.9,54.233,19.952,0,0.033965,0,6670.5,48.379,0,0,0,0,0.028954,0
6611.9,54.233,19.952,0,0.033965,0,6670.5,48.379,0,0,0,0,0.028954,0
6611.9,54.233,19.952,0,0.033965,0,6670.5,48.379,0,0,0,0,0.028954,0
6612.3,54.233,19.953,0,0.03391,0,6670.5,48.379,0,0,0,0,0.02915,0
6612.3,54.233,19.953,0,0.03391,0,6670.5,48.379,0,0,0,0,0.02915,0
6612.3,54.233,19.953,0,0.03391,0,6670.5,48.379,0,0,0,0,0.02915,0
6612.3,54.233,19.953,0,0.03391,0,6670.5,48.379,0,0,0,0,0.02915,0
6612.3,54.233,19.953,0,0.03391,0,6670.5,48.379,0,0,0,0,0.02915,0
6612.3,54.233,19.953,0,0.03391,0,6670.5,48.379,0,0,0,0,0.02915,0
6612.3,54.233,19.953,0,0.03391,0,6670.5,48.379,0,0,0,0,0.02915,0
6612.3,54.233,19.953,0,0.03391,0,6670.5,48.379,0,0,0,0,0.02915,0
6612.3,54.233,19.953,0,0.03391,0,6670.5,48.379,0,0,0,0,0.02915,0
6613.9,54.233,19.956,0,0.033691,0,6670.5,48.379,0,0,0,0,0.029964,0
6613.9,54.233,19.956,0,0.033691,0,6670.5,48.379,0,0,0,0,0.029964,0
6614.7,54.233,19.957,0,0.03358,0,6670.5,48.379,0,0,0,0,0.030388,0
6614.7,54.233,19.957,0,0.03358,0,6670.5,48.379,0,0,0,0,0.030388,0
6615.9,54.233,19.959,0,0.033414,0,6670.5,48.379,0,0,0,0,0.031047,0
6615.9,54.233,19.959,0,0.033414,0,6670.5,48.379,0,0,0,0,0.031047,0
6615.9,54.233,19.959,0,0.033414,0,6670.5,48.379,0,0,0,0,0.031047,0
6615.9,54.233,19.959,0,0.033414,0,6670.5,48.379,0,0,0,0,0.031047,0
6615.9,54.233,19.959,0,0.033414,0,6670.5,48.379,0,0,0,0,0.031047,0
6616.3,54.233,19.96,0,0.033359,0,6670.5,48.379,0,0,0,0,0.031273,0
6616.3,54.233,19.96,0,0.033359,0,6670.5,48.379,0,0,0,0,0.031273,0
6616.3,54.233,19.96,0,0.033359,0,6670.5,48.379,0,0,0,0,0.031273,0
6616.3,54.233,19.96,0,0.033359,0,6670.5,48.379,0,0,0,0,0.031273,0
6616.3,54.233,19.96,0,0.033359,0,6670.5,48.379,0,0,0,0,0.031273,0
6616.3,54.233,19.96,0,0.033359,0,6670.5,48.379,0,0,0,0,0.031273,0
6616.3,54.233,19.96,0,0.033359,0,6670.5,48.379,0,0,0,0,0.031273,0
6616.3,54.233,19.96,0,0.033359,0,6670.5,48.379,0,0,0,0,0.031273,0
6616.3,54.233,19.96,0,0.033359,0,6670.5,48.379,0,0,0,0,0.031273,0
6616.3,54.233,19.96,0,0.033359,0,6670.5,48.379,0,0,0,0,0.031273,0
6616.3,54.233,19.96,0,0.033359,0,6670.5,48.379,0,0,0,0,0.031273,0
6616.3,54.233,19.96,0,0.033359,0,6670.5,48.379,0,0,0,0,0.031273,0
6616.3,54.233,19.96,0,0.033359,0,6670.5,48.379,0,0,0,0,0.031273,0
6617.1,54.233,19.961,0,0.033247,0,6670.5,48.379,0,0,0,0,0.031735,0
6617.1,54.233,19.961,0,0.033247,0,6670.5,48.379,0,0,0,0,0.031735,0
6617.1,54.233,19.961,0,0.033247,0,6670.5,48.379,0,0,0,0,0.031735,0
6617.1,54.233,19.961,0,0.033247,0,6670.5,48.379,0,0,0,0,0.031735,0
6619.5,54.233,19.965,0,0.032909,0,6670.5,48.379,0,0,0,0,0.033206,0
6620.3,54.233,19.966,0,0.032797,0,6670.5,48.379,0,0,0,0,0.033727,0
6620.3,54.233,19.966,0,0.032797,0,6670.5,48.379,0,0,0,0,0.033727,0
6620.3,54.233,19.966,0,0.032797,0,6670.5,48.379,0,0,0,0,0.033727,0
6620.3,54.233,19.966,0,0.032797,0,6670.5,48.379,0,0,0,0,0.033727,0
6620.3,54.233,19.966,0,0.032797,0,6670.5,48.379,0,0,0,0,0.033727,0
6620.3,54.233,19.966,0,0.032797,0,6670.5,48.379,0,0,0,0,0.033727,0
6620.3,54.233,19.966,0,0.032797,0,6670.5,48.379,0,0,0,0,0.033727,0
6620.3,54.233,19.966,0,0.032797,0,6670.5,48.379,0,0,0,0,0.033727,0
6620.3,54.233,19.966,0,0.032797,0,6670.5,48.379,0,0,0,0,0.033727,0
6621.5,54.233,19.968,0,0.032626,0,6670.5,48.379,0,0,0,0,0.03454,0
6621.5,54.233,19.968,0,0.032626,0,6670.5,48.379,0,0,0,0,0.03454,0
6621.5,54.233,19.968,0,0.032626,0,6670.5,48.379,0,0,0,0,0.03454,0
6621.5,54.233,19.968,0,0.032626,0,6670.5,48.379,0,0,0,0,0.03454,0
6621.5,54.233,19.968,0,0.032626,0,6670.5,48.379,0,0,0,0,0.03454,0
6621.5,54.233,19.968,0,0.032626,0,6670.5,48.379,0,0,0,0,0.03454,0
6621.5,54.233,19.968,0,0.032626,0,6670.5,48.379,0,0,0,0,0.03454,0
6621.5,54.233,19.968,0,0.032626,0,6670.5,48.379,0,0,0,0,0.03454,0
6621.5,54.233,19.968,0,0.032626,0,6670.5,48.379,0,0,0,0,0.03454,0
6621.5,54.233,19.968,0,0.032626,0,6670.5,48.379,0,0,0,0,0.03454,0
6621.5,54.233,19.968,0,0.032626,0,6670.5,48.379,0,0,0,0,0.03454,0
6621.5,54.233,19.968,0,0.032626,0,6670.5,48.379,0,0,0,0,0.03454,0
6621.5,54.233,19.968,0,0.032626,0,6670.5,48.379,0,0,0,0,0.03454,0
6621.5,54.233,19.968,0,0.032626,0,6670.5,48.379,0,0,0,0,0.03454,0
6623.1,54.233,19.971,0,0.032397,0,6670.5,48.379,0,0,0,0,0.035687,0
6624.7,54.233,19.973,0,0.032167,0,6670.5,48.379,0,0,0,0,0.036912,0
6625.5,54.233,19.975,0,0.032051,0,6670.5,48.379,0,0,0,0,0.037556,0
6625.5,54.233,19.975,0,0.032051,0,6670.5,48.379,0,0,0,0,0.037556,0
6625.5,54.233,19.975,0,0.032051,0,6670.5,48.379,0,0,0,0,0.037556,0
6625.5,54.233,19.975,0,0.032051,0,6670.5,48.379,0,0,0,0,0.037556,0
6625.5,54.233,19.975,0,0.032051,0,6670.5,48.379,0,0,0,0,0.037556,0
6625.5,54.233,19.975,0,0.032051,0,6670.5,48.379,0,0,0,0,0.037556,0
6625.5,54.233,19.975,0,0.032051,0,6670.5,48.379,0,0,0,0,0.037556,0
6625.5,54.233,19.975,0,0.032051,0,6670.5,48.379,0,0,0,0,0.037556,0
6625.5,54.233,19.975,0,0.032051,0,6670.5,48.379,0,0,0,0,0.037556,0
6625.5,54.233,19.975,0,0.032051,0,6670.5,48.379,0,0,0,0,0.037556,0
6625.5,54.233,19.975,0,0.032051,0,6670.5,48.379,0,0,0,0,0.037556,0
6625.5,54.233,19.975,0,0.032051,0,6670.5,48.379,0,0,0,0,0.037556,0
6626.7,54.233,19.977,0,0.031877,0,6670.5,48.379,0,0,0,0,0.038565,0
6626.7,54.233,19.977,0,0.031877,0,6670.5,48.379,0,0,0,0,0.038565,0
6626.7,54.233,19.977,0,0.031877,0,6670.5,48.379,0,0,0,0,0.038565,0
6626.7,54.233,19.977,0,0.031877,0,6670.5,48.379,0,0,0,0,0.038565,0
6626.7,54.233,19.977,0,0.031877,0,6670.5,48.379,0,0,0,0,0.038565,0
6626.7,54.233,19.977,0,0.031877,0,6670.5,48.379,0,0,0,0,0.038565,0
6626.7,54.233,19.977,0,0.031877,0,6670.5,48.379,0,0,0,0,0.038565,0
6626.7,54.233,19.977,0,0.031877,0,6670.5,48.379,0,0,0,0,0.038565,0
6627.1,54.233,19.977,0,0.031819,0,6670.5,48.379,0,0,0,0,0.038914,0
6627.1,54.233,19.977,0,0.031819,0,6670.5,48.379,0,0,0,0,0.038914,0
6627.1,54.233,19.977,0,0.031819,0,6670.5,48.379,0,0,0,0,0.038914,0
6627.5,54.233,19.978,0,0.03176,0,6670.5,48.379,0,0,0,0,0.039269,0
6627.5,54.233,19.978,0,0.03176,0,6670.5,48.379,0,0,0,0,0.039269,0
6629.1,54.233,19.98,0,0.031525,0,6670.5,48.379,0,0,0,0,0.040755,0
6629.1,54.233,19.98,0,0.031525,0,6670.5,48.379,0,0,0,0,0.040755,0
6629.1,54.233,19.98,0,0.031525,0,6670.5,48.379,0,0,0,0,0.040755,0
6629.1,54.233,19.98,0,0.031525,0,6670.5,48.379,0,0,0,0,0.040755,0
6631.1,54.233,19.984,0,0.03123,0,6670.5,48.379,0,0,0,0,0.042777,0
6631.1,54.233,19.984,0,0.03123,0,6670.5,48.379,0,0,0,0,0.042777,0
6631.5,54.233,19.984,0,0.031172,0,6670.5,48.379,0,0,0,0,0.043205,0
6631.5,54.233,19.984,0,0.031172,0,6670.5,48.379,0,0,0,0,0.043205,0
6631.5,54.233,19.984,0,0.031172,0,6670.5,48.379,0,0,0,0,0.043205,0
6631.5,54.233,19.984,0,0.031172,0,6670.5,48.379,0,0,0,0,0.043205,0
6631.5,54.233,19.984,0,0.031172,0,6670.5,48.379,0,0,0,0,0.043205,0
6631.5,54.233,19.984,0,0.031172,0,6670.5,48.379,0,0,0,0,0.043205,0
6631.5,54.233,19.984,0,0.031172,0,6670.5,48.379,0,0,0,0,0.043205,0
6631.5,54.233,19.984,0,0.031172,0,6670.5,48.379,0,0,0,0,0.043205,0
6631.5,54.233,19.984,0,0.031172,0,6670.5,48.379,0,0,0,0,0.043205,0
6631.5,54.233,19.984,0,0.031172,0,6670.5,48.379,0,0,0,0,0.043205,0
6631.5,54.233,19.984,0,0.031172,0,6670.5,48.379,0,0,0,0,0.043205,0
6631.5,54.233,19.984,0,0.031172,0,6670.5,48.379,0,0,0,0,0.043205,0
6633.1,54.233,19.987,0,0.030932,0,6670.5,48.379,0,0,0,0,0.045008,0
6633.1,54.233,19.987,0,0.030932,0,6670.5,48.379,0,0,0,0,0.045008,0
6633.1,54.233,19.987,0,0.030932,0,6670.5,48.379,0,0,0,0,0.045008,0
6633.1,54.233,19.987,0,0.030932,0,6670.5,48.379,0,0,0,0,0.045008,0
6635.1,54.233,19.99,0,0.030633,0,6670.5,48.379,0,0,0,0,0.047481,0
6635.1,54.233,19.99,0,0.030633,0,6670.5,48.379,0,0,0,0,0.047481,0
6635.1,54.233,19.99,0,0.030633,0,6670.5,48.379,0,0,0,0,0.047481,0
6635.1,54.233,19.99,0,0.030633,0,6670.5,48.379,0,0,0,0,0.047481,0
6635.1,54.233,19.99,0,0.030633,0,6670.5,48.379,0,0,0,0,0.047481,0
6635.1,54.233,19.99,0,0.030633,0,6670.5,48.379,0,0,0,0,0.047481,0
6635.1,54.233,19.99,0,0.030633,0,6670.5,48.379,0,0,0,0,0.047481,0
6635.1,54.233,19.99,0,0.030633,0,6670.5,48.379,0,0,0,0,0.047481,0
6635.5,54.233,19.99,0,0.030572,0,6670.5,48.379,0,0,0,0,0.048009,0
6635.5,54.233,19.99,0,0.030572,0,6670.5,48.379,0,0,0,0,0.048009,0
6635.5,54.233,19.99,0,0.030572,0,6670.5,48.379,0,0,0,0,0.048009,0
6635.5,54.233,19.99,0,0.030572,0,6670.5,48.379,0,0,0,0,0.048009,0
6635.5,54.233,19.99,0,0.030572,0,6670.5,48.379,0,0,0,0,0.048009,0
6635.5,54.233,19.99,0,0.030572,0,6670.5,48.379,0,0,0,0,0.048009,0
6635.5,54.233,19.99,0,0.030572,0,6670.5,48.379,0,0,0,0,0.048009,0
6635.5,54.233,19.99,0,0.030572,0,6670.5,48.379,0,0,0,0,0.048009,0
6635.9,54.233,19.991,0,0.030512,0,6670.5,48.379,0,0,0,0,0.048548,0
6635.9,54.233,19.991,0,0.030512,0,6670.5,48.379,0,0,0,0,0.048548,0
6635.9,54.233,19.991,0,0.030512,0,6670.5,48.379,0,0,0,0,0.048548,0
6637.5,54.233,19.993,0,0.030269,0,6670.5,48.379,0,0,0,0,0.050828,0
6637.5,54.233,19.993,0,0.030269,0,6670.5,48.379,0,0,0,0,0.050828,0
6637.9,54.233,19.994,0,0.030208,0,6670.5,48.379,0,0,0,0,0.051432,0
6637.9,54.233,19.994,0,0.030208,0,6670.5,48.379,0,0,0,0,0.051432,0
6637.9,54.233,19.994,0,0.030208,0,6670.5,48.379,0,0,0,0,0.051432,0
6637.9,54.233,19.994,0,0.030208,0,6670.5,48.379,0,0,0,0,0.051432,0
6637.9,54.233,19.994,0,0.030208,0,6670.5,48.379,0,0,0,0,0.051432,0
6637.9,54.233,19.994,0,0.030208,0,6670.5,48.379,0,0,0,0,0.051432,0
6637.9,54.233,19.994,0,0.030208,0,6670.5,48.379,0,0,0,0,0.051432,0
6637.9,54.233,19.994,0,0.030208,0,6670.5,48.379,0,0,0,0,0.051432,0
6639.9,54.233,19.997,0,0.029903,0,6670.5,48.379,0,0,0,0,0.054675,0
6639.9,54.233,19.997,0,0.029903,0,6670.5,48.379,0,0,0,0,0.054675,0
6640.3,54.233,19.998,0,0.029841,0,6670.5,48.379,0,0,0,0,0.055372,0
6640.3,54.233,19.998,0,0.029841,0,6670.5,48.379,0,0,0,0,0.055372,0
6640.3,54.233,19.998,0,0.029841,0,6670.5,48.379,0,0,0,0,0.055372,0
6640.3,54.233,19.998,0,0.029841,0,6670.5,48.379,0,0,0,0,0.055372,0
6640.3,54.233,19.998,0,0.029841,0,6670.5,48.379,0,0,0,0,0.055372,0
6640.3,54.233,19.998,0,0.029841,0,6670.5,48.379,0,0,0,0,0.055372,0
6640.3,54.233,19.998,0,0.029841,0,6670.5,48.379,0,0,0,0,0.055372,0
6640.7,54.233,19.998,0,0.029779,0,6670.5,48.379,0,0,0,0,0.056087,0
6641.1,54.233,19.999,0,0.029718,0,6670.5,48.379,0,0,0,0,0.05682,0
6641.1,54.233,19.999,0,0.029718,0,6670.5,48.379,0,0,0,0,0.05682,0
6641.1,54.233,19.999,0,0.029718,0,6670.5,48.379,0,0,0,0,0.05682,0
6641.9,54.233,20,0,0.029594,0,6670.5,48.379,0,0,0,0,0.058345,0
6643.5,54.233,20.002,0,0.029346,0,6670.5,48.379,0,0,0,0,0.061648,0
6643.5,54.233,20.002,0,0.029346,0,6670.5,48.379,0,0,0,0,0.061648,0
6643.5,54.233,20.002,0,0.029346,0,6670.5,48.379,0,0,0,0,0.061648,0
6643.5,54.233,20.002,0,0.029346,0,6670.5,48.379,0,0,0,0,0.061648,0
6643.5,54.233,20.002,0,0.029346,0,6670.5,48.379,0,0,0,0,0.061648,0
6643.5,54.233,20.002,0,0.029346,0,6670.5,48.379,0,0,0,0,0.061648,0
6643.5,54.233,20.002,0,0.029346,0,6670.5,48.379,0,0,0,0,0.061648,0
6643.5,54.233,20.002,0,0.029346,0,6670.5,48.379,0,0,0,0,0.061648,0
6643.5,54.233,20.002,0,0.029346,0,6670.5,48.379,0,0,0,0,0.061648,0
6643.5,54.233,20.002,0,0.029346,0,6670.5,48.379,0,0,0,0,0.061648,0
6643.5,54.233,20.002,0,0.029346,0,6670.5,48.379,0,0,0,0,0.061648,0
6643.5,54.233,20.002,0,0.029346,0,6670.5,48.379,0,0,0,0,0.061648,0
6643.5,54.233,20.002,0,0.029346,0,6670.5,48.379,0,0,0,0,0.061648,0
6643.5,54.233,20.002,0,0.029346,0,6670.5,48.379,0,0,0,0,0.061648,0
6643.5,54.233,20.002,0,0.029346,0,6670.5,48.379,0,0,0,0,0.061648,0
6643.5,54.233,20.002,0,0.029346,0,6670.5,48.379,0,0,0,0,0.061648,0
6644.7,54.233,20.004,0,0.02916,0,6670.5,48.379,0,0,0,0,0.064376,0
6645.5,54.233,20.005,0,0.029034,0,6670.5,48.379,0,0,0,0,0.066329,0
6645.5,54.233,20.005,0,0.029034,0,6670.5,48.379,0,0,0,0,0.066329,0
6645.5,54.233,20.005,0,0.029034,0,6670.5,48.379,0,0,0,0,0.066329,0
6645.5,54.233,20.005,0,0.029034,0,6670.5,48.379,0,0,0,0,0.066329,0
6645.5,54.233,20.005,0,0.029034,0,6670.5,48.379,0,0,0,0,0.066329,0
6647.5,54.233,20.008,0,0.028721,0,6670.5,48.379,0,0,0,0,0.071755,0
6647.5,54.233,20.008,0,0.028721,0,6670.5,48.379,0,0,0,0,0.071755,0
6647.5,54.233,20.008,0,0.028721,0,6670.5,48.379,0,0,0,0,0.071755,0
6647.5,54.233,20.008,0,0.028721,0,6670.5,48.379,0,0,0,0,0.071755,0
6647.5,54.233,20.008,0,0.028721,0,6670.5,48.379,0,0,0,0,0.071755,0
6647.5,54.233,20.008,0,0.028721,0,6670.5,48.379,0,0,0,0,0.071755,0
6647.5,54.233,20.008,0,0.028721,0,6670.5,48.379,0,0,0,0,0.071755,0
6647.5,54.233,20.008,0,0.028721,0,6670.5,48.379,0,0,0,0,0.071755,0
6647.5,54.233,20.008,0,0.028721,0,6670.5,48.379,0,0,0,0,0.071755,0
6647.5,54.233,20.008,0,0.028721,0,6670.5,48.379,0,0,0,0,0.071755,0
6649.1,54.233,20.01,0,0.028469,0,6670.5,48.379,0,0,0,0,0.076755,0
6649.1,54.233,20.01,0,0.028469,0,6670.5,48.379,0,0,0,0,0.076755,0
6649.1,54.233,20.01,0,0.028469,0,6670.5,48.379,0,0,0,0,0.076755,0
6649.1,54.233,20.01,0,0.028469,0,6670.5,48.379,0,0,0,0,0.076755,0
6649.1,54.233,20.01,0,0.028469,0,6670.5,48.379,0,0,0,0,0.076755,0
6649.1,54.233,20.01,0,0.028469,0,6670.5,48.379,0,0,0,0,0.076755,0
6649.1,54.233,20.01,0,0.028469,0,6670.5,48.379,0,0,0,0,0.076755,0
6649.1,54.233,20.01,0,0.028469,0,6670.5,48.379,0,0,0,0,0.076755,0
6649.1,54.233,20.01,0,0.028469,0,6670.5,48.379,0,0,0,0,0.076755,0
6649.1,54.233,20.01,0,0.028469,0,6670.5,48.379,0,0,0,0,0.076755,0
6650.7,54.233,20.013,0,0.028213,0,6670.5,48.379,0,0,0,0,0.082472,0
6650.7,54.233,20.013,0,0.028213,0,6670.5,48.379,0,0,0,0,0.082472,0
6650.7,54.233,20.013,0,0.028213,0,6670.5,48.379,0,0,0,0,0.082472,0
6651.5,54.233,20.014,0,0.028085,0,6670.5,48.379,0,0,0,0,0.085648,0
6651.9,54.233,20.014,0,0.028021,0,6670.5,48.379,0,0,0,0,0.087324,0
6651.9,54.233,20.014,0,0.028021,0,6670.5,48.379,0,0,0,0,0.087324,0
6651.9,54.233,20.014,0,0.028021,0,6670.5,48.379,0,0,0,0,0.087324,0
6651.9,54.233,20.014,0,0.028021,0,6670.5,48.379,0,0,0,0,0.087324,0
6651.9,54.233,20.014,0,0.028021,0,6670.5,48.379,0,0,0,0,0.087324,0
6651.9,54.233,20.014,0,0.028021,0,6670.5,48.379,0,0,0,0,0.087324,0
6651.9,54.233,20.014,0,0.028021,0,6670.5,48.379,0,0,0,0,0.087324,0
6653.5,54.233,20.017,0,0.027765,0,6670.5,48.379,0,0,0,0,0.094703,0
6653.5,54.233,20.017,0,0.027765,0,6670.5,48.379,0,0,0,0,0.094703,0
6653.5,54.233,20.017,0,0.027765,0,6670.5,48.379,0,0,0,0,0.094703,0
6653.5,54.233,20.017,0,0.027765,0,6670.5,48.379,0,0,0,0,0.094703,0
6653.5,54.233,20.017,0,0.027765,0,6670.5,48.379,0,0,0,0,0.094703,0
6653.5,54.233,20.017,0,0.027765,0,6670.5,48.379,0,0,0,0,0.094703,0
6653.5,54.233,20.017,0,0.027765,0,6670.5,48.379,0,0,0,0,0.094703,0
6653.5,54.233,20.017,0,0.027765,0,6670.5,48.379,0,0,0,0,0.094703,0
6654.7,54.233,20.018,0,0.027572,0,6670.5,48.379,0,0,0,0,0.10105,0
6654.7,54.233,20.018,0,0.027572,0,6670.5,48.379,0,0,0,0,0.10105,0
6654.7,54.233,20.018,0,0.027572,0,6670.5,48.379,0,0,0,0,0.10105,0
6654.7,54.233,20.018,0,0.027572,0,6670.5,48.379,0,0,0,0,0.10105,0
6654.7,54.233,20.018,0,0.027572,0,6670.5,48.379,0,0,0,0,0.10105,0
6654.7,54.233,20.018,0,0.027572,0,6670.5,48.379,0,0,0,0,0.10105,0
6654.7,54.233,20.018,0,0.027572,0,6670.5,48.379,0,0,0,0,0.10105,0
6654.7,54.233,20.018,0,0.027572,0,6670.5,48.379,0,0,0,0,0.10105,0
6654.7,54.233,20.018,0,0.027572,0,6670.5,48.379,0,0,0,0,0.10105,0
6654.7,54.233,20.018,0,0.027572,0,6670.5,48.379,0,0,0,0,0.10105,0
6654.7,54.233,20.018,0,0.027572,0,6670.5,48.379,0,0,0,0,0.10105,0
6657.1,54.233,20.022,0,0.027183,0,6670.5,48.379,0,0,0,0,0.11644,0
6657.1,54.233,20.022,0,0.027183,0,6670.5,48.379,0,0,0,0,0.11644,0
6657.1,54.233,20.022,0,0.027183,0,6670.5,48.379,0,0,0,0,0.11644,0
6657.1,54.233,20.022,0,0.027183,0,6670.5,48.379,0,0,0,0,0.11644,0
6657.1,54.233,20.022,0,0.027183,0,6670.5,48.379,0,0,0,0,0.11644,0
6657.1,54.233,20.022,0,0.027183,0,6670.5,48.379,0,0,0,0,0.11644,0
6657.1,54.233,20.022,0,0.027183,0,6670.5,48.379,0,0,0,0,0.11644,0
6657.1,54.233,20.022,0,0.027183,0,6670.5,48.379,0,0,0,0,0.11644,0
6657.1,54.233,20.022,0,0.027183,0,6670.5,48.379,0,0,0,0,0.11644,0
6657.1,54.233,20.022,0,0.027183,0,6670.5,48.379,0,0,0,0,0.11644,0
6657.1,54.233,20.022,0,0.027183,0,6670.5,48.379,0,0,0,0,0.11644,0
6657.1,54.233,20.022,0,0.027183,0,6670.5,48.379,0,0,0,0,0.11644,0
6658.7,54.233,20.024,0,0.026922,0,6670.5,48.379,0,0,0,0,0.12926,0
6659.5,54.233,20.025,0,0.026791,0,6670.5,48.379,0,0,0,0,0.13664,0
6659.5,54.233,20.025,0,0.026791,0,6670.5,48.379,0,0,0,0,0.13664,0
6661.1,54.233,20.027,0,0.026527,0,6670.5,48.379,0,0,0,0,0.15376,0
6661.1,54.233,20.027,0,0.026527,0,6670.5,48.379,0,0,0,0,0.15376,0
6661.1,54.233,20.027,0,0.026527,0,6670.5,48.379,0,0,0,0,0.15376,0
6661.1,54.233,20.027,0,0.026527,0,6670.5,48.379,0,0,0,0,0.15376,0
6661.1,54.233,20.027,0,0.026527,0,6670.5,48.379,0,0,0,0,0.15376,0
6661.1,54.233,20.027,0,0.026527,0,6670.5,48.379,0,0,0,0,0.15376,0
6661.1,54.233,20.027,0,0.026527,0,6670.5,48.379,0,0,0,0,0.15376,0
6661.1,54.233,20.027,0,0.026527,0,6670.5,48.379,0,0,0,0,0.15376,0
6661.1,54.233,20.027,0,0.026527,0,6670.5,48.379,0,0,0,0,0.15376,0
6661.1,54.233,20.027,0,0.026527,0,6670.5,48.379,0,0,0,0,0.15376,0
6661.1,54.233,20.027,0,0.026527,0,6670.5,48.379,0,0,0,0,0.15376,0
6661.1,54.233,20.027,0,0.026527,0,6670.5,48.379,0,0,0,0,0.15376,0
6661.1,54.233,20.027,0,0.026527,0,6670.5,48.379,0,0,0,0,0.15376,0
6661.1,54.233,20.027,0,0.026527,0,6670.5,48.379,0,0,0,0,0.15376,0
6661.1,54.233,20.027,0,0.026527,0,6670.5,48.379,0,0,0,0,0.15376,0
6661.1,54.233,20.027,0,0.026527,0,6670.5,48.379,0,0,0,0,0.15376,0
6661.1,54.233,20.027,0,0.026527,0,6670.5,48.379,0,0,0,0,0.15376,0
6661.9,54.233,20.028,0,0.026395,0,6670.5,48.379,0,0,0,0,0.16368,0
6661.9,54.233,20.028,0,0.026395,0,6670.5,48.379,0,0,0,0,0.16368,0
6661.9,54.233,20.028,0,0.026395,0,6670.5,48.379,0,0,0,0,0.16368,0
6661.9,54.233,20.028,0,0.026395,0,6670.5,48.379,0,0,0,0,0.16368,0
6663.1,54.233,20.03,0,0.026197,0,6670.5,48.379,0,0,0,0,0.18049,0
6663.1,54.233,20.03,0,0.026197,0,6670.5,48.379,0,0,0,0,0.18049,0
6663.1,54.233,20.03,0,0.026197,0,6670.5,48.379,0,0,0,0,0.18049,0
6663.5,54.233,20.03,0,0.02613,0,6670.5,48.379,0,0,0,0,0.18663,0
6663.5,54.233,20.03,0,0.02613,0,6670.5,48.379,0,0,0,0,0.18663,0
6665.1,54.233,20.032,0,0.025863,0,6670.5,48.379,0,0,0,0,0.21388,0
6665.1,54.233,20.032,0,0.025863,0,6670.5,48.379,0,0,0,0,0.21388,0
6665.9,54.233,20.033,0,0.02573,0,6670.5,48.379,0,0,0,0,0.22882,0
6665.9,54.233,20.033,0,0.02573,0,6670.5,48.379,0,0,0,0,0.22882,0
6665.9,54.233,20.033,0,0.02573,0,6670.5,48.379,0,0,0,0,0.22882,0
6665.9,54.233,20.033,0,0.02573,0,6670.5,48.379,0,0,0,0,0.22882,0
6665.9,54.233,20.033,0,0.02573,0,6670.5,48.379,0,0,0,0,0.22882,0
6665.9,54.233,20.033,0,0.02573,0,6670.5,48.379,0,0,0,0,0.22882,0
6665.9,54.233,20.033,0,0.02573,0,6670.5,48.379,0,0,0,0,0.22882,0
6665.9,54.233,20.033,0,0.02573,0,6670.5,48.379,0,0,0,0,0.22882,0
6665.9,54.233,20.033,0,0.02573,0,6670.5,48.379,0,0,0,0,0.22882,0
6665.9,54.233,20.033,0,0.02573,0,6670.5,48.379,0,0,0,0,0.22882,0
6665.9,54.233,20.033,0,0.02573,0,6670.5,48.379,0,0,0,0,0.22882,0
6667.9,54.233,20.036,0,0.025394,0,6670.5,48.379,0,0,0,0,0.26607,0
6668.3,54.233,20.036,0,0.025327,0,6670.5,48.379,0,0,0,0,0.27255,0
6669.1,54.233,20.037,0,0.025192,0,6670.5,48.379,0,0,0,0,0.28322,0
6669.1,54.233,20.037,0,0.025192,0,6670.5,48.379,0,0,0,0,0.28322,0
6669.5,54.233,20.038,0,0.025125,0,6670.5,48.379,0,0,0,0,0.28707,0
6669.5,54.233,20.038,0,0.025125,0,6670.5,48.379,0,0,0,0,0.28707,0
6669.5,54.233,20.038,0,0.025125,0,6670.5,48.379,0,0,0,0,0.28707,0
6669.5,54.233,20.038,0,0.025125,0,6670.5,48.379,0,0,0,0,0.28707,0
6669.5,54.233,20.038,0,0.025125,0,6670.5,48.379,0,0,0,0,0.28707,0
6669.5,54.233,20.038,0,0.025125,0,6670.5,48.379,0,0,0,0,0.28707,0
6669.5,54.233,20.038,0,0.025125,0,6670.5,48.379,0,0,0,0,0.28707,0
6669.5,54.233,20.038,0,0.025125,0,6670.5,48.379,0,0,0,0,0.28707,0
6669.5,54.233,20.038,0,0.025125,0,6670.5,48.379,0,0,0,0,0.28707,0
6669.5,54.233,20.038,0,0.025125,0,6670.5,48.379,0,0,0,0,0.28707,0
6669.5,54.233,20.038,0,0.025125,0,6670.5,48.379,0,0,0,0,0.28707,0
6670.3,54.233,20.039,0,0.024988,0,6670.5,48.379,0,0,0,0,0.29108,0
6670.3,54.233,20.039,0,0.024988,0,6670.5,48.379,0,0,0,0,0.29108,0
6670.3,54.233,20.039,0,0.024988,0,6670.5,48.379,0,0,0,0,0.29108,0
6670.3,54.233,20.039,0,0.024988,0,6670.5,48.379,0,0,0,0,0.29108,0
6670.3,54.233,20.039,0,0.024988,0,6670.5,48.379,0,0,0,0,0.29108,0
6670.3,54.233,20.039,0,0.024988,0,6670.5,48.379,0,0,0,0,0.29108,0
6670.3,54.233,20.039,0,0.024988,0,6670.5,48.379,0,0,0,0,0.29108,0
6670.3,54.233,20.039,0,0.024988,0,6670.5,48.379,0,0,0,0,0.29108,0
6671.1,54.233,20.04,0,0.024853,0,6670.5,48.379,0,0,0,0,0.28974,0
6671.1,54.233,20.04,0,0.024853,0,6670.5,48.379,0,0,0,0,0.28974,0
6672.7,54.233,20.042,0,0.02458,0,6670.5,48.379,0,0,0,0,0.27259,0
6672.7,54.233,20.042,0,0.02458,0,6670.5,48.379,0,0,0,0,0.27259,0
6673.9,54.233,20.043,0,0.024376,0,6670.5,48.379,0,0,0,0,0.25176,0
6673.9,54.233,20.043,0,0.024376,0,6670.5,48.379,0,0,0,0,0.25176,0
6673.9,54.233,20.043,0,0.024376,0,6670.5,48.379,0,0,0,0,0.25176,0
6673.9,54.233,20.043,0,0.024376,0,6670.5,48.379,0,0,0,0,0.25176,0
6673.9,54.233,20.043,0,0.024376,0,6670.5,48.379,0,0,0,0,0.25176,0
6673.9,54.233,20.043,0,0.024376,0,6670.5,48.379,0,0,0,0,0.25176,0
6673.9,54.233,20.043,0,0.024376,0,6670.5,48.379,0,0,0,0,0.25176,0
6673.9,54.233,20.043,0,0.024376,0,6670.5,48.379,0,0,0,0,0.25176,0
6673.9,54.233,20.043,0,0.024376,0,6670.5,48.379,0,0,0,0,0.25176,0
6673.9,54.233,20.043,0,0.024376,0,6670.5,48.379,0,0,0,0,0.25176,0
6673.9,54.233,20.043,0,0.024376,0,6670.5,48.379,0,0,0,0,0.25176,0
6673.9,54.233,20.043,0,0.024376,0,6670.5,48.379,0,0,0,0,0.25176,0
6673.9,54.233,20.043,0,0.024376,0,6670.5,48.379,0,0,0,0,0.25176,0
6673.9,54.233,20.043,0,0.024376,0,6670.5,48.379,0,0,0,0,0.25176,0
6675.6,54.233,20.045,0,0.0241,0,6670.5,48.379,0,0,0,0,0.2213,0
6675.6,54.233,20.045,0,0.0241,0,6670.5,48.379,0,0,0,0,0.2213,0
6675.6,54.233,20.045,0,0.0241,0,6670.5,48.379,0,0,0,0,0.2213,0
6676,54.233,20.046,0,0.024031,0,6670.5,48.379,0,0,0,0,0.2139,0
6676,54.233,20.046,0,0.024031,0,6670.5,48.379,0,0,0,0,0.2139,0
6676,54.233,20.046,0,0.024031,0,6670.5,48.379,0,0,0,0,0.2139,0
6676,54.233,20.046,0,0.024031,0,6670.5,48.379,0,0,0,0,0.2139,0
6676,54.233,20.046,0,0.024031,0,6670.5,48.379,0,0,0,0,0.2139,0
6678,54.233,20.048,0,0.023687,0,6670.5,48.379,0,0,0,0,0.18048,0
6678,54.233,20.048,0,0.023687,0,6670.5,48.379,0,0,0,0,0.18048,0
6678,54.233,20.048,0,0.023687,0,6670.5,48.379,0,0,0,0,0.18048,0
6678,54.233,20.048,0,0.023687,0,6670.5,48.379,0,0,0,0,0.18048,0
6679.2,54.233,20.049,0,0.023479,0,6670.5,48.379,0,0,0,0,0.16366,0
6679.2,54.233,20.049,0,0.023479,0,6670.5,48.379,0,0,0,0,0.16366,0
6679.2,54.233,20.049,0,0.023479,0,6670.5,48.379,0,0,0,0,0.16366,0
6679.2,54.233,20.049,0,0.023479,0,6670.5,48.379,0,0,0,0,0.16366,0
6679.2,54.233,20.049,0,0.023479,0,6670.5,48.379,0,0,0,0,0.16366,0
6679.2,54.233,20.049,0,0.023479,0,6670.5,48.379,0,0,0,0,0.16366,0
6679.2,54.233,20.049,0,0.023479,0,6670.5,48.379,0,0,0,0,0.16366,0
6679.2,54.233,20.049,0,0.023479,0,6670.5,48.379,0,0,0,0,0.16366,0
6680,54.233,20.05,0,0.02334,0,6670.5,48.379,0,0,0,0,0.15374,0
6680,54.233,20.05,0,0.02334,0,6670.5,48.379,0,0,0,0,0.15374,0
6680.4,54.233,20.051,0,0.02327,0,6670.5,48.379,0,0,0,0,0.14913,0
6680.4,54.233,20.051,0,0.02327,0,6670.5,48.379,0,0,0,0,0.14913,0
6680.4,54.233,20.051,0,0.02327,0,6670.5,48.379,0,0,0,0,0.14913,0
6680.4,54.233,20.051,0,0.02327,0,6670.5,48.379,0,0,0,0,0.14913,0
6680.4,54.233,20.051,0,0.02327,0,6670.5,48.379,0,0,0,0,0.14913,0
6680.4,54.233,20.051,0,0.02327,0,6670.5,48.379,0,0,0,0,0.14913,0
6680.4,54.233,20.051,0,0.02327,0,6670.5,48.379,0,0,0,0,0.14913,0
6680.8,54.233,20.051,0,0.0232,0,6670.5,48.379,0,0,0,0,0.14475,0
6680.8,54.233,20.051,0,0.0232,0,6670.5,48.379,0,0,0,0,0.14475,0
6682,54.233,20.053,0,0.022991,0,6670.5,48.379,0,0,0,0,0.13282,0
6682,54.233,20.053,0,0.022991,0,6670.5,48.379,0,0,0,0,0.13282,0
6682,54.233,20.053,0,0.022991,0,6670.5,48.379,0,0,0,0,0.13282,0
6683.6,54.233,20.055,0,0.022711,0,6670.5,48.379,0,0,0,0,0.11937,0
6683.6,54.233,20.055,0,0.022711,0,6670.5,48.379,0,0,0,0,0.11937,0
6683.6,54.233,20.055,0,0.022711,0,6670.5,48.379,0,0,0,0,0.11937,0
6683.6,54.233,20.055,0,0.022711,0,6670.5,48.379,0,0,0,0,0.11937,0
6684.4,54.233,20.055,0,0.02257,0,6670.5,48.379,0,0,0,0,0.11352,0
6684.4,54.233,20.055,0,0.02257,0,6670.5,48.379,0,0,0,0,0.11352,0
6684.4,54.233,20.055,0,0.02257,0,6670.5,48.379,0,0,0,0,0.11352,0
6684.4,54.233,20.055,0,0.02257,0,6670.5,48.379,0,0,0,0,0.11352,0
6684.4,54.233,20.055,0,0.02257,0,6670.5,48.379,0,0,0,0,0.11352,0
6684.4,54.233,20.055,0,0.02257,0,6670.5,48.379,0,0,0,0,0.11352,0
6684.8,54.233,20.056,0,0.022499,0,6670.5,48.379,0,0,0,0,0.11079,0
6684.8,54.233,20.056,0,0.022499,0,6670.5,48.379,0,0,0,0,0.11079,0
6684.8,54.233,20.056,0,0.022499,0,6670.5,48.379,0,0,0,0,0.11079,0
6684.8,54.233,20.056,0,0.022499,0,6670.5,48.379,0,0,0,0,0.11079,0
6684.8,54.233,20.056,0,0.022499,0,6670.5,48.379,0,0,0,0,0.11079,0
6684.8,54.233,20.056,0,0.022499,0,6670.5,48.379,0,0,0,0,0.11079,0
6685.2,54.233,20.056,0,0.022429,0,6670.5,48.379,0,0,0,0,0.10818,0
6685.2,54.233,20.056,0,0.022429,0,6670.5,48.379,0,0,0,0,0.10818,0
6685.2,54.233,20.056,0,0.022429,0,6670.5,48.379,0,0,0,0,0.10818,0
6686,54.233,20.057,0,0.022288,0,6670.5,48.379,0,0,0,0,0.10328,0
6686,54.233,20.057,0,0.022288,0,6670.5,48.379,0,0,0,0,0.10328,0
6687.6,54.233,20.059,0,0.022005,0,6670.5,48.379,0,0,0,0,0.094629,0
6687.6,54.233,20.059,0,0.022005,0,6670.5,48.379,0,0,0,0,0.094629,0
6687.6,54.233,20.059,0,0.022005,0,6670.5,48.379,0,0,0,0,0.094629,0
6687.6,54.233,20.059,0,0.022005,0,6670.5,48.379,0,0,0,0,0.094629,0
6687.6,54.233,20.059,0,0.022005,0,6670.5,48.379,0,0,0,0,0.094629,0
6687.6,54.233,20.059,0,0.022005,0,6670.5,48.379,0,0,0,0,0.094629,0
6687.6,54.233,20.059,0,0.022005,0,6670.5,48.379,0,0,0,0,0.094629,0
6687.6,54.233,20.059,0,0.022005,0,6670.5,48.379,0,0,0,0,0.094629,0
6687.6,54.233,20.059,0,0.022005,0,6670.5,48.379,0,0,0,0,0.094629,0
6687.6,54.233,20.059,0,0.022005,0,6670.5,48.379,0,0,0,0,0.094629,0
6687.6,54.233,20.059,0,0.022005,0,6670.5,48.379,0,0,0,0,0.094629,0
6687.6,54.233,20.059,0,0.022005,0,6670.5,48.379,0,0,0,0,0.094629,0
6690,54.233,20.062,0,0.021578,0,6670.5,48.379,0,0,0,0,0.083951,0
6690.4,54.233,20.062,0,0.021507,0,6670.5,48.379,0,0,0,0,0.082391,0
6690.4,54.233,20.062,0,0.021507,0,6670.5,48.379,0,0,0,0,0.082391,0
6690.4,54.233,20.062,0,0.021507,0,6670.5,48.379,0,0,0,0,0.082391,0
6690.4,54.233,20.062,0,0.021507,0,6670.5,48.379,0,0,0,0,0.082391,0
6690.8,54.233,20.062,0,0.021435,0,6670.5,48.379,0,0,0,0,0.080886,0
6690.8,54.233,20.062,0,0.021435,0,6670.5,48.379,0,0,0,0,0.080886,0
6690.8,54.233,20.062,0,0.021435,0,6670.5,48.379,0,0,0,0,0.080886,0
6690.8,54.233,20.062,0,0.021435,0,6670.5,48.379,0,0,0,0,0.080886,0
6691.6,54.233,20.063,0,0.021292,0,6670.5,48.379,0,0,0,0,0.078028,0
6692,54.233,20.064,0,0.021221,0,6670.5,48.379,0,0,0,0,0.07667,0
6692,54.233,20.064,0,0.021221,0,6670.5,48.379,0,0,0,0,0.07667,0
6692,54.233,20.064,0,0.021221,0,6670.5,48.379,0,0,0,0,0.07667,0
6692,54.233,20.064,0,0.021221,0,6670.5,48.379,0,0,0,0,0.07667,0
6692,54.233,20.064,0,0.021221,0,6670.5,48.379,0,0,0,0,0.07667,0
6692,54.233,20.064,0,0.021221,0,6670.5,48.379,0,0,0,0,0.07667,0
6692,54.233,20.064,0,0.021221,0,6670.5,48.379,0,0,0,0,0.07667,0
6692,54.233,20.064,0,0.021221,0,6670.5,48.379,0,0,0,0,0.07667,0
6693.2,54.233,20.065,0,0.021005,0,6670.5,48.379,0,0,0,0,0.072858,0
6693.2,54.233,20.065,0,0.021005,0,6670.5,48.379,0,0,0,0,0.072858,0
6693.2,54.233,20.065,0,0.021005,0,6670.5,48.379,0,0,0,0,0.072858,0
6693.2,54.233,20.065,0,0.021005,0,6670.5,48.379,0,0,0,0,0.072858,0
6693.2,54.233,20.065,0,0.021005,0,6670.5,48.379,0,0,0,0,0.072858,0
6693.2,54.233,20.065,0,0.021005,0,6670.5,48.379,0,0,0,0,0.072858,0
6693.2,54.233,20.065,0,0.021005,0,6670.5,48.379,0,0,0,0,0.072858,0
6694.8,54.233,20.067,0,0.020718,0,6670.5,48.379,0,0,0,0,0.068312,0
6694.8,54.233,20.067,0,0.020718,0,6670.5,48.379,0,0,0,0,0.068312,0
6695.2,54.233,20.067,0,0.020646,0,6670.5,48.379,0,0,0,0,0.06726,0
6696,54.233,20.068,0,0.020501,0,6670.5,48.379,0,0,0,0,0.065248,0
6696,54.233,20.068,0,0.020501,0,6670.5,48.379,0,0,0,0,0.065248,0
6696,54.233,20.068,0,0.020501,0,6670.5,48.379,0,0,0,0,0.065248,0
6696,54.233,20.068,0,0.020501,0,6670.5,48.379,0,0,0,0,0.065248,0
6696,54.233,20.068,0,0.020501,0,6670.5,48.379,0,0,0,0,0.065248,0
6696.4,54.233,20.068,0,0.020429,0,6670.5,48.379,0,0,0,0,0.064285,0
6696.8,54.233,20.069,0,0.020357,0,6670.5,48.379,0,0,0,0,0.06335,0
6696.8,54.233,20.069,0,0.020357,0,6670.5,48.379,0,0,0,0,0.06335,0
6696.8,54.233,20.069,0,0.020357,0,6670.5,48.379,0,0,0,0,0.06335,0
6696.8,54.233,20.069,0,0.020357,0,6670.5,48.379,0,0,0,0,0.06335,0
6696.8,54.233,20.069,0,0.020357,0,6670.5,48.379,0,0,0,0,0.06335,0
6696.8,54.233,20.069,0,0.020357,0,6670.5,48.379,0,0,0,0,0.06335,0
6696.8,54.233,20.069,0,0.020357,0,6670.5,48.379,0,0,0,0,0.06335,0
6696.8,54.233,20.069,0,0.020357,0,6670.5,48.379,0,0,0,0,0.06335,0
6697.2,54.233,20.069,0,0.020284,0,6670.5,48.379,0,0,0,0,0.062441,0
6697.2,54.233,20.069,0,0.020284,0,6670.5,48.379,0,0,0,0,0.062441,0
6697.2,54.233,20.069,0,0.020284,0,6670.5,48.379,0,0,0,0,0.062441,0
6697.2,54.233,20.069,0,0.020284,0,6670.5,48.379,0,0,0,0,0.062441,0
6697.2,54.233,20.069,0,0.020284,0,6670.5,48.379,0,0,0,0,0.062441,0
6697.2,54.233,20.069,0,0.020284,0,6670.5,48.379,0,0,0,0,0.062441,0
6697.2,54.233,20.069,0,0.020284,0,6670.5,48.379,0,0,0,0,0.062441,0
6697.2,54.233,20.069,0,0.020284,0,6670.5,48.379,0,0,0,0,0.062441,0
6697.2,54.233,20.069,0,0.020284,0,6670.5,48.379,0,0,0,0,0.062441,0
6697.2,54.233,20.069,0,0.020284,0,6670.5,48.379,0,0,0,0,0.062441,0
6697.2,54.233,20.069,0,0.020284,0,6670.5,48.379,0,0,0,0,0.062441,0
6697.2,54.233,20.069,0,0.020284,0,6670.5,48.379,0,0,0,0,0.062441,0
6699.6,54.233,20.072,0,0.019847,0,6670.5,48.379,0,0,0,0,0.057479,0
6699.6,54.233,20.072,0,0.019847,0,6670.5,48.379,0,0,0,0,0.057479,0
6700,54.233,20.072,0,0.019775,0,6670.5,48.379,0,0,0,0,0.056727,0
6700,54.233,20.072,0,0.019775,0,6670.5,48.379,0,0,0,0,0.056727,0
6700.4,54.233,20.072,0,0.019702,0,6670.5,48.379,0,0,0,0,0.055993,0
6700.4,54.233,20.072,0,0.019702,0,6670.5,48.379,0,0,0,0,0.055993,0
6700.4,54.233,20.072,0,0.019702,0,6670.5,48.379,0,0,0,0,0.055993,0
6700.4,54.233,20.072,0,0.019702,0,6670.5,48.379,0,0,0,0,0.055993,0
6700.4,54.233,20.072,0,0.019702,0,6670.5,48.379,0,0,0,0,0.055993,0
6700.4,54.233,20.072,0,0.019702,0,6670.5,48.379,0,0,0,0,0.055993,0
6700.4,54.233,20.072,0,0.019702,0,6670.5,48.379,0,0,0,0,0.055993,0
6703.2,54.233,20.075,0,0.01919,0,6670.5,48.379,0,0,0,0,0.051336,0
6703.2,54.233,20.075,0,0.01919,0,6670.5,48.379,0,0,0,0,0.051336,0
6703.2,54.233,20.075,0,0.01919,0,6670.5,48.379,0,0,0,0,0.051336,0
6703.2,54.233,20.075,0,0.01919,0,6670.5,48.379,0,0,0,0,0.051336,0
6703.2,54.233,20.075,0,0.01919,0,6670.5,48.379,0,0,0,0,0.051336,0
6703.2,54.233,20.075,0,0.01919,0,6670.5,48.379,0,0,0,0,0.051336,0
6703.2,54.233,20.075,0,0.01919,0,6670.5,48.379,0,0,0,0,0.051336,0
6703.2,54.233,20.075,0,0.01919,0,6670.5,48.379,0,0,0,0,0.051336,0
6704,54.233,20.076,0,0.019043,0,6670.5,48.379,0,0,0,0,0.050142,0
6704,54.233,20.076,0,0.019043,0,6670.5,48.379,0,0,0,0,0.050142,0
6704.4,54.233,20.076,0,0.018969,0,6670.5,48.379,0,0,0,0,0.049566,0
6704.4,54.233,20.076,0,0.018969,0,6670.5,48.379,0,0,0,0,0.049566,0
6704.4,54.233,20.076,0,0.018969,0,6670.5,48.379,0,0,0,0,0.049566,0
6704.4,54.233,20.076,0,0.018969,0,6670.5,48.379,0,0,0,0,0.049566,0
6704.4,54.233,20.076,0,0.018969,0,6670.5,48.379,0,0,0,0,0.049566,0
6704.4,54.233,20.076,0,0.018969,0,6670.5,48.379,0,0,0,0,0.049566,0
6704.4,54.233,20.076,0,0.018969,0,6670.5,48.379,0,0,0,0,0.049566,0
6706,54.233,20.078,0,0.018674,0,6670.5,48.379,0,0,0,0,0.047384,0
6706,54.233,20.078,0,0.018674,0,6670.5,48.379,0,0,0,0,0.047384,0
6706,54.233,20.078,0,0.018674,0,6670.5,48.379,0,0,0,0,0.047384,0
6706,54.233,20.078,0,0.018674,0,6670.5,48.379,0,0,0,0,0.047384,0
6706.8,54.233,20.078,0,0.018526,0,6670.5,48.379,0,0,0,0,0.046363,0
6707.7,54.233,20.079,0,0.018378,0,6670.5,48.379,0,0,0,0,0.045384,0
6708.1,54.233,20.08,0,0.018304,0,6670.5,48.379,0,0,0,0,0.04491,0
6708.1,54.233,20.08,0,0.018304,0,6670.5,48.379,0,0,0,0,0.04491,0
6708.1,54.233,20.08,0,0.018304,0,6670.5,48.379,0,0,0,0,0.04491,0
6708.1,54.233,20.08,0,0.018304,0,6670.5,48.379,0,0,0,0,0.04491,0
6708.5,54.233,20.08,0,0.01823,0,6670.5,48.379,0,0,0,0,0.044445,0
6708.5,54.233,20.08,0,0.01823,0,6670.5,48.379,0,0,0,0,0.044445,0
6708.5,54.233,20.08,0,0.01823,0,6670.5,48.379,0,0,0,0,0.044445,0
6708.5,54.233,20.08,0,0.01823,0,6670.5,48.379,0,0,0,0,0.044445,0
6708.5,54.233,20.08,0,0.01823,0,6670.5,48.379,0,0,0,0,0.044445,0
6708.5,54.233,20.08,0,0.01823,0,6670.5,48.379,0,0,0,0,0.044445,0
6708.5,54.233,20.08,0,0.01823,0,6670.5,48.379,0,0,0,0,0.044445,0
6708.5,54.233,20.08,0,0.01823,0,6670.5,48.379,0,0,0,0,0.044445,0
6708.5,54.233,20.08,0,0.01823,0,6670.5,48.379,0,0,0,0,0.044445,0
6708.5,54.233,20.08,0,0.01823,0,6670.5,48.379,0,0,0,0,0.044445,0
6708.5,54.233,20.08,0,0.01823,0,6670.5,48.379,0,0,0,0,0.044445,0
6709.3,54.233,20.081,0,0.018082,0,6670.5,48.379,0,0,0,0,0.043544,0
6709.3,54.233,20.081,0,0.018082,0,6670.5,48.379,0,0,0,0,0.043544,0
6709.3,54.233,20.081,0,0.018082,0,6670.5,48.379,0,0,0,0,0.043544,0
6709.3,54.233,20.081,0,0.018082,0,6670.5,48.379,0,0,0,0,0.043544,0
6709.3,54.233,20.081,0,0.018082,0,6670.5,48.379,0,0,0,0,0.043544,0
6709.3,54.233,20.081,0,0.018082,0,6670.5,48.379,0,0,0,0,0.043544,0
6709.3,54.233,20.081,0,0.018082,0,6670.5,48.379,0,0,0,0,0.043544,0
6712.1,54.233,20.083,0,0.01756,0,6670.5,48.379,0,0,0,0,0.040655,0
6712.1,54.233,20.083,0,0.01756,0,6670.5,48.379,0,0,0,0,0.040655,0
6712.1,54.233,20.083,0,0.01756,0,6670.5,48.379,0,0,0,0,0.040655,0
6712.1,54.233,20.083,0,0.01756,0,6670.5,48.379,0,0,0,0,0.040655,0
6712.1,54.233,20.083,0,0.01756,0,6670.5,48.379,0,0,0,0,0.040655,0
6712.9,54.233,20.084,0,0.01741,0,6670.5,48.379,0,0,0,0,0.039898,0
6712.9,54.233,20.084,0,0.01741,0,6670.5,48.379,0,0,0,0,0.039898,0
6712.9,54.233,20.084,0,0.01741,0,6670.5,48.379,0,0,0,0,0.039898,0
6712.9,54.233,20.084,0,0.01741,0,6670.5,48.379,0,0,0,0,0.039898,0
6714.1,54.233,20.085,0,0.017186,0,6670.5,48.379,0,0,0,0,0.038814,0
6714.1,54.233,20.085,0,0.017186,0,6670.5,48.379,0,0,0,0,0.038814,0
6714.1,54.233,20.085,0,0.017186,0,6670.5,48.379,0,0,0,0,0.038814,0
6714.1,54.233,20.085,0,0.017186,0,6670.5,48.379,0,0,0,0,0.038814,0
6714.1,54.233,20.085,0,0.017186,0,6670.5,48.379,0,0,0,0,0.038814,0
6714.1,54.233,20.085,0,0.017186,0,6670.5,48.379,0,0,0,0,0.038814,0
6714.1,54.233,20.085,0,0.017186,0,6670.5,48.379,0,0,0,0,0.038814,0
6714.1,54.233,20.085,0,0.017186,0,6670.5,48.379,0,0,0,0,0.038814,0
6714.1,54.233,20.085,0,0.017186,0,6670.5,48.379,0,0,0,0,0.038814,0
6714.1,54.233,20.085,0,0.017186,0,6670.5,48.379,0,0,0,0,0.038814,0
6714.1,54.233,20.085,0,0.017186,0,6670.5,48.379,0,0,0,0,0.038814,0
6714.9,54.233,20.086,0,0.017036,0,6670.5,48.379,0,0,0,0,0.038123,0
6715.3,54.233,20.086,0,0.01696,0,6670.5,48.379,0,0,0,0,0.037786,0
6715.3,54.233,20.086,0,0.01696,0,6670.5,48.379,0,0,0,0,0.037786,0
6715.3,54.233,20.086,0,0.01696,0,6670.5,48.379,0,0,0,0,0.037786,0
6715.7,54.233,20.086,0,0.016885,0,6670.5,48.379,0,0,0,0,0.037456,0
6715.7,54.233,20.086,0,0.016885,0,6670.5,48.379,0,0,0,0,0.037456,0
6717.3,54.233,20.088,0,0.016584,0,6670.5,48.379,0,0,0,0,0.036188,0
6717.3,54.233,20.088,0,0.016584,0,6670.5,48.379,0,0,0,0,0.036188,0
6717.3,54.233,20.088,0,0.016584,0,6670.5,48.379,0,0,0,0,0.036188,0
6717.3,54.233,20.088,0,0.016584,0,6670.5,48.379,0,0,0,0,0.036188,0
6717.3,54.233,20.088,0,0.016584,0,6670.5,48.379,0,0,0,0,0.036188,0
6717.3,54.233,20.088,0,0.016584,0,6670.5,48.379,0,0,0,0,0.036188,0
