-14.531,-26.523,-21.452,-20.972,-10.656,-7.4158,0.1918,0.8374,-8.6158,-6.8775,-16.621,-12.755,-1.2548,-2.9483,2.4064,-2.2914
-14.45,-26.518,-21.352,-20.934,-10.544,-7.4162,0.2779,0.8509,-8.5051,-6.8183,-16.515,-12.717,-1.089,-2.8974,2.6243,-2.2847
-14.384,-26.491,-21.211,-20.917,-10.43,-7.4167,0.3563,0.8761,-8.4271,-6.7592,-16.387,-12.694,-0.926,-2.8762,2.7785,-2.255
-14.325,-26.496,-21.105,-20.899,-10.404,-7.3732,0.4251,0.8961,-8.3595,-6.7582,-16.261,-12.684,-0.8195,-2.8822,2.8842,-2.2075
-14.325,-26.496,-21.105,-20.899,-10.404,-7.3732,0.4251,0.8961,-8.3595,-6.7582,-16.261,-12.684,-0.8195,-2.8822,2.8842,-2.2075
-14.325,-26.496,-21.105,-20.899,-10.404,-7.3732,0.4251,0.8961,-8.3595,-6.7582,-16.261,-12.684,-0.8195,-2.8822,2.8842,-2.2075
-14.227,-26.514,-21.029,-20.876,-10.402,-7.3206,0.4657,0.9173,-8.3029,-6.7658,-16.128,-12.696,-0.732,-2.8973,2.9494,-2.1737
-14.227,-26.514,-21.029,-20.876,-10.402,-7.3206,0.4657,0.9173,-8.3029,-6.7658,-16.128,-12.696,-0.732,-2.8973,2.9494,-2.1737
-14.076,-26.567,-20.965,-20.861,-10.427,-7.2853,0.533,0.9202,-8.2348,-6.7649,-16.008,-12.69,-0.6586,-2.8914,3.0216,-2.1493
-14.076,-26.567,-20.965,-20.861,-10.427,-7.2853,0.533,0.9202,-8.2348,-6.7649,-16.008,-12.69,-0.6586,-2.8914,3.0216,-2.1493
-14.076,-26.567,-20.965,-20.861,-10.427,-7.2853,0.533,0.9202,-8.2348,-6.7649,-16.008,-12.69,-0.6586,-2.8914,3.0216,-2.1493
-14.031,-26.549,-20.934,-20.854,-10.402,-7.2942,0.6088,0.9113,-8.1892,-6.756,-15.963,-12.657,-0.6192,-2.8735,3.063,-2.1353
-14.078,-26.483,-20.921,-20.846,-10.376,-7.3031,0.6827,0.8851,-8.132,-6.7637,-15.941,-12.623,-0.5306,-2.8889,3.1178,-2.1403
-14.078,-26.483,-20.921,-20.846,-10.376,-7.3031,0.6827,0.8851,-8.132,-6.7637,-15.941,-12.623,-0.5306,-2.8889,3.1178,-2.1403
-14.146,-26.425,-20.921,-20.846,-10.339,-7.3296,0.7198,0.872,-8.1206,-6.7552,-15.923,-12.615,-0.4762,-2.8921,3.1518,-2.1523
-14.146,-26.425,-20.921,-20.846,-10.339,-7.3296,0.7198,0.872,-8.1206,-6.7552,-15.923,-12.615,-0.4762,-2.8921,3.1518,-2.1523
-14.26,-26.385,-20.934,-20.854,-10.34,-7.356,0.6827,0.8851,-8.0976,-6.7633,-15.93,-12.606,-0.4216,-2.8954,3.1414,-2.1558
-14.26,-26.385,-20.934,-20.854,-10.34,-7.356,0.6827,0.8851,-8.0976,-6.7633,-15.93,-12.606,-0.4216,-2.8954,3.1414,-2.1558
-14.386,-26.407,-20.93,-20.887,-10.392,-7.3908,0.5903,0.9178,-8.1435,-6.7471,-15.947,-12.614,-0.3575,-2.95,3.1101,-2.1663
-14.386,-26.407,-20.93,-20.887,-10.392,-7.3908,0.5903,0.9178,-8.1435,-6.7471,-15.947,-12.614,-0.3575,-2.95,3.1101,-2.1663
-14.452,-26.434,-20.937,-20.902,-10.442,-7.373,0.5248,0.932,-8.1892,-6.756,-15.988,-12.62,-0.3776,-2.9589,3.0724,-2.1672
-14.452,-26.434,-20.937,-20.902,-10.442,-7.373,0.5248,0.932,-8.1892,-6.756,-15.988,-12.62,-0.3776,-2.9589,3.0724,-2.1672
-14.422,-26.478,-20.944,-20.906,-10.48,-7.3729,0.4962,0.9332,-8.1777,-6.7726,-15.999,-12.637,-0.4469,-2.9344,3.0516,-2.1742
-14.428,-26.509,-20.968,-20.898,-10.493,-7.3816,0.5044,0.9214,-8.1205,-6.8053,-16.031,-12.64,-0.5306,-2.8889,3.031,-2.1812
-14.428,-26.509,-20.968,-20.898,-10.493,-7.3816,0.5044,0.9214,-8.1205,-6.8053,-16.031,-12.64,-0.5306,-2.8889,3.031,-2.1812
-14.428,-26.509,-20.968,-20.898,-10.493,-7.3816,0.5044,0.9214,-8.1205,-6.8053,-16.031,-12.64,-0.5306,-2.8889,3.031,-2.1812
-14.406,-26.5,-20.986,-20.885,-10.48,-7.3729,0.5044,0.9214,-8.0861,-6.8049,-16.031,-12.64,-0.5651,-2.8767,3.0648,-2.1931
-14.406,-26.5,-20.986,-20.885,-10.48,-7.3729,0.5044,0.9214,-8.0861,-6.8049,-16.031,-12.64,-0.5651,-2.8767,3.0648,-2.1931
-14.332,-26.527,-20.986,-20.885,-10.43,-7.3906,0.5146,0.9267,-8.1091,-6.7467,-16.031,-12.64,-0.5798,-2.8555,3.0986,-2.2051
-14.332,-26.527,-20.986,-20.885,-10.43,-7.3906,0.5146,0.9267,-8.1091,-6.7467,-16.031,-12.64,-0.5798,-2.8555,3.0986,-2.2051
-14.332,-26.527,-20.986,-20.885,-10.43,-7.3906,0.5146,0.9267,-8.1091,-6.7467,-16.031,-12.64,-0.5798,-2.8555,3.0986,-2.2051
-14.332,-26.527,-20.992,-20.889,-10.417,-7.3819,0.5044,0.9214,-8.1207,-6.7301,-16.01,-12.654,-0.6339,-2.8524,3.0855,-2.1862
-14.272,-26.531,-20.974,-20.902,-10.441,-7.3468,0.5146,0.9267,-8.1435,-6.7471,-15.982,-12.678,-0.7074,-2.8583,3.0413,-2.1777
-14.272,-26.531,-20.974,-20.902,-10.441,-7.3468,0.5146,0.9267,-8.1435,-6.7471,-15.982,-12.678,-0.7074,-2.8583,3.0413,-2.1777
-14.159,-26.571,-20.969,-20.91,-10.466,-7.3116,0.5064,0.9385,-8.1435,-6.7471,-15.952,-12.689,-0.7074,-2.8583,3.0413,-2.1777
-14.159,-26.571,-20.969,-20.91,-10.466,-7.3116,0.5064,0.9385,-8.1435,-6.7471,-15.952,-12.689,-0.7074,-2.8583,3.0413,-2.1777
-14.152,-26.54,-20.987,-20.909,-10.453,-7.3292,0.5514,0.9137,-8.1549,-6.7556,-15.965,-12.67,-0.7416,-2.8462,3.0075,-2.1657
-14.152,-26.54,-20.987,-20.909,-10.453,-7.3292,0.5514,0.9137,-8.1549,-6.7556,-15.965,-12.67,-0.7416,-2.8462,3.0075,-2.1657
-14.16,-26.487,-20.987,-20.909,-10.453,-7.3292,0.5514,0.9137,-8.1549,-6.7556,-15.978,-12.652,-0.7416,-2.8462,3.0141,-2.1752
-14.16,-26.487,-20.987,-20.909,-10.453,-7.3292,0.5514,0.9137,-8.1549,-6.7556,-15.978,-12.652,-0.7416,-2.8462,3.0141,-2.1752
-14.16,-26.487,-20.987,-20.909,-10.453,-7.3292,0.5514,0.9137,-8.1549,-6.7556,-15.978,-12.652,-0.7416,-2.8462,3.0141,-2.1752
-14.258,-26.469,-21.007,-20.921,-10.492,-7.3553,0.5228,0.9149,-8.1435,-6.7471,-15.999,-12.637,-0.6536,-2.8614,3.0037,-2.1787
-14.362,-26.483,-21.021,-20.941,-10.555,-7.3726,0.4575,0.9291,-8.1778,-6.7475,-16.029,-12.627,-0.5849,-2.8856,2.9831,-2.1856
-14.362,-26.483,-21.021,-20.941,-10.555,-7.3726,0.4575,0.9291,-8.1778,-6.7475,-16.029,-12.627,-0.5849,-2.8856,2.9831,-2.1856
-14.422,-26.478,-21.046,-20.944,-10.581,-7.39,0.4189,0.9249,-8.1892,-6.756,-16.055,-12.638,-0.6339,-2.8524,2.9522,-2.1961
-14.422,-26.478,-21.046,-20.944,-10.581,-7.39,0.4189,0.9249,-8.1892,-6.756,-16.055,-12.638,-0.6339,-2.8524,2.9522,-2.1961
-14.406,-26.5,-21.082,-20.931,-10.556,-7.3988,0.3905,0.926,-8.1891,-6.781,-16.102,-12.636,-0.6829,-2.8191,2.9214,-2.2065
-14.406,-26.5,-21.082,-20.931,-10.556,-7.3988,0.3905,0.926,-8.1891,-6.781,-16.102,-12.636,-0.6829,-2.8191,2.9214,-2.2065
-14.422,-26.478,-21.118,-20.919,-10.531,-7.4076,0.3723,0.9325,-8.1776,-6.7976,-16.128,-12.647,-0.7856,-2.7828,2.8842,-2.2075
-14.422,-26.478,-21.118,-20.919,-10.531,-7.4076,0.3723,0.9325,-8.1776,-6.7976,-16.128,-12.647,-0.7856,-2.7828,2.8842,-2.2075
-14.422,-26.478,-21.118,-20.919,-10.531,-7.4076,0.3723,0.9325,-8.1776,-6.7976,-16.128,-12.647,-0.7856,-2.7828,2.8842,-2.2075
-14.406,-26.5,-21.167,-20.914,-10.494,-7.4338,0.3521,0.9219,-8.2348,-6.7649,-16.169,-12.654,-0.7904,-2.813,2.8869,-2.2297
-14.45,-26.518,-21.217,-20.921,-10.482,-7.4512,0.3137,0.9177,-8.3031,-6.7408,-16.209,-12.66,-0.8633,-2.8191,2.8498,-2.2308
-14.45,-26.518,-21.217,-20.921,-10.482,-7.4512,0.3137,0.9177,-8.3031,-6.7408,-16.209,-12.66,-0.8633,-2.8191,2.8498,-2.2308
-14.466,-26.496,-21.236,-20.932,-10.506,-7.4164,0.3037,0.9124,-8.3934,-6.7587,-16.246,-12.689,-0.9597,-2.8643,2.7692,-2.2235
-14.466,-26.496,-21.236,-20.932,-10.506,-7.4164,0.3037,0.9124,-8.3934,-6.7587,-16.246,-12.689,-0.9597,-2.8643,2.7692,-2.2235
-14.413,-26.531,-21.267,-20.94,-10.555,-7.3726,0.2918,0.8901,-8.4606,-6.7846,-16.267,-12.723,-1.0844,-2.8676,2.679,-2.2198
-14.413,-26.531,-21.267,-20.94,-10.555,-7.3726,0.2918,0.8901,-8.4606,-6.7846,-16.267,-12.723,-1.0844,-2.8676,2.679,-2.2198
-14.413,-26.531,-21.267,-20.94,-10.555,-7.3726,0.2918,0.8901,-8.4606,-6.7846,-16.267,-12.723,-1.0844,-2.8676,2.679,-2.2198
-14.264,-26.584,-21.292,-20.943,-10.592,-7.3463,0.2918,0.8901,-8.5053,-6.7936,-16.284,-12.73,-1.1559,-2.8738,2.6322,-2.2244
-14.264,-26.584,-21.292,-20.943,-10.592,-7.3463,0.2918,0.8901,-8.5053,-6.7936,-16.284,-12.73,-1.1559,-2.8738,2.6322,-2.2244
-14.264,-26.584,-21.292,-20.943,-10.592,-7.3463,0.2918,0.8901,-8.5053,-6.7936,-16.284,-12.73,-1.1559,-2.8738,2.6322,-2.2244
-14.294,-26.54,-21.335,-20.958,-10.667,-7.32,0.318,0.872,-8.5162,-6.8268,-16.394,-12.685,-1.2126,-2.9008,2.5949,-2.2603
-14.294,-26.54,-21.335,-20.958,-10.667,-7.32,0.318,0.872,-8.5162,-6.8268,-16.394,-12.685,-1.2126,-2.9008,2.5949,-2.2603
-14.294,-26.54,-21.335,-20.958,-10.667,-7.32,0.318,0.872,-8.5162,-6.8268,-16.394,-12.685,-1.2126,-2.9008,2.5949,-2.2603
-14.347,-26.505,-21.372,-20.957,-10.692,-7.3374,0.2999,0.8784,-8.5386,-6.8188,-16.423,-12.674,-1.1793,-2.9125,2.5685,-2.258
-14.347,-26.505,-21.372,-20.957,-10.692,-7.3374,0.2999,0.8784,-8.5386,-6.8188,-16.423,-12.674,-1.1793,-2.9125,2.5685,-2.258
-14.347,-26.505,-21.372,-20.957,-10.692,-7.3374,0.2999,0.8784,-8.5386,-6.8188,-16.423,-12.674,-1.1793,-2.9125,2.5685,-2.258
-14.562,-26.479,-21.428,-20.98,-10.756,-7.407,0.1713,0.9062,-8.5609,-6.8109,-16.501,-12.674,-1.0505,-2.9893,2.5057,-2.2568
-14.562,-26.479,-21.428,-20.98,-10.756,-7.407,0.1713,0.9062,-8.5609,-6.8109,-16.501,-12.674,-1.0505,-2.9893,2.5057,-2.2568
-14.627,-26.505,-21.447,-21.004,-10.781,-7.4242,0.1155,0.9083,-8.594,-6.8362,-16.528,-12.699,-1.1363,-2.9746,2.4432,-2.2556
-14.627,-26.505,-21.447,-21.004,-10.781,-7.4242,0.1155,0.9083,-8.594,-6.8362,-16.528,-12.699,-1.1363,-2.9746,2.4432,-2.2556
-14.575,-26.54,-21.46,-21.011,-10.768,-7.4156,0.0876,0.9093,-8.6051,-6.8446,-16.547,-12.72,-1.2171,-2.9304,2.3972,-2.2603
-14.575,-26.54,-21.46,-21.011,-10.768,-7.4156,0.0876,0.9093,-8.6051,-6.8446,-16.547,-12.72,-1.2171,-2.9304,2.3972,-2.2603
-14.538,-26.553,-21.495,-20.999,-10.768,-7.4156,0.0697,0.9157,-8.5715,-6.8687,-16.571,-12.731,-1.3309,-2.8746,2.3577,-2.2742
-14.553,-26.531,-21.543,-20.982,-10.78,-7.3983,0.0499,0.9051,-8.5713,-6.8933,-16.605,-12.747,-1.4341,-2.8694,2.3345,-2.2937
-14.553,-26.531,-21.543,-20.982,-10.78,-7.3983,0.0499,0.9051,-8.5713,-6.8933,-16.605,-12.747,-1.4341,-2.8694,2.3345,-2.2937
-14.553,-26.531,-21.543,-20.982,-10.78,-7.3983,0.0499,0.9051,-8.5713,-6.8933,-16.605,-12.747,-1.4341,-2.8694,2.3345,-2.2937
-14.553,-26.531,-21.584,-20.974,-10.731,-7.4157,0.0401,0.8998,-8.5938,-6.8608,-16.642,-12.741,-1.4855,-2.8668,2.331,-2.3064
-14.553,-26.531,-21.584,-20.974,-10.731,-7.4157,0.0401,0.8998,-8.5938,-6.8608,-16.642,-12.741,-1.4855,-2.8668,2.331,-2.3064
-14.553,-26.531,-21.584,-20.974,-10.731,-7.4157,0.0401,0.8998,-8.5938,-6.8608,-16.642,-12.741,-1.4855,-2.8668,2.331,-2.3064
-14.605,-26.496,-21.62,-20.973,-10.719,-7.407,0.0302,0.8945,-8.6828,-6.8294,-16.675,-12.756,-1.5266,-2.9144,2.2952,-2.3076
-14.627,-26.505,-21.662,-20.976,-10.731,-7.3896,0.0106,0.8839,-8.7598,-6.8389,-16.708,-12.771,-1.586,-2.9706,2.2174,-2.3008
-14.627,-26.505,-21.662,-20.976,-10.731,-7.3896,0.0106,0.8839,-8.7598,-6.8389,-16.708,-12.771,-1.586,-2.9706,2.2174,-2.3008
-14.59,-26.518,-21.703,-20.968,-10.791,-7.3287,0.0106,0.8839,-8.8477,-6.8323,-16.733,-12.783,-1.6733,-2.9859,2.1464,-2.3033
-14.59,-26.518,-21.703,-20.968,-10.791,-7.3287,0.0106,0.8839,-8.8477,-6.8323,-16.733,-12.783,-1.6733,-2.9859,2.1464,-2.3033
-14.575,-26.54,-21.733,-20.963,-10.816,-7.32,0.0186,0.8723,-8.8913,-6.8413,-16.761,-12.773,-1.7098,-3.0037,2.0853,-2.3024
-14.575,-26.54,-21.733,-20.963,-10.816,-7.32,0.0186,0.8723,-8.8913,-6.8413,-16.761,-12.773,-1.7098,-3.0037,2.0853,-2.3024
-14.605,-26.496,-21.738,-20.955,-10.779,-7.32,0.0562,0.8765,-8.8913,-6.8413,-16.794,-12.741,-1.6775,-3.0151,2.0853,-2.3024
-14.605,-26.496,-21.738,-20.955,-10.779,-7.32,0.0562,0.8765,-8.8913,-6.8413,-16.794,-12.741,-1.6775,-3.0151,2.0853,-2.3024
-14.605,-26.496,-21.738,-20.955,-10.779,-7.32,0.0562,0.8765,-8.8913,-6.8413,-16.794,-12.741,-1.6775,-3.0151,2.0853,-2.3024
-14.627,-26.505,-21.703,-20.956,-10.767,-7.3374,0.0759,0.8871,-8.8693,-6.8491,-16.784,-12.724,-1.5761,-3.0202,2.1303,-2.2976
-14.685,-26.501,-21.619,-20.961,-10.767,-7.3374,0.0876,0.9093,-8.7928,-6.8395,-16.735,-12.701,-1.3575,-3.0514,2.2179,-2.2664
-14.649,-26.514,-21.511,-20.951,-10.717,-7.3549,0.1191,0.9423,-8.705,-6.8215,-16.648,-12.684,-1.1931,-3.0012,2.3484,-2.243
-14.649,-26.514,-21.511,-20.951,-10.717,-7.3549,0.1191,0.9423,-8.705,-6.8215,-16.648,-12.684,-1.1931,-3.0012,2.3484,-2.243
-14.649,-26.514,-21.511,-20.951,-10.717,-7.3549,0.1191,0.9423,-8.705,-6.8215,-16.648,-12.684,-1.1931,-3.0012,2.3484,-2.243
-14.568,-26.509,-21.406,-20.909,-10.68,-7.3287,0.223,0.9498,-8.5162,-6.8268,-16.515,-12.669,-1.0411,-2.93,2.487,-2.1942
-14.568,-26.509,-21.406,-20.909,-10.68,-7.3287,0.223,0.9498,-8.5162,-6.8268,-16.515,-12.669,-1.0411,-2.93,2.487,-2.1942
-14.546,-26.501,-21.3,-20.879,-10.642,-7.3287,0.3094,0.9636,-8.3365,-6.816,-16.356,-12.643,-0.8874,-2.8582,2.6833,-2.172
-14.546,-26.501,-21.3,-20.879,-10.642,-7.3287,0.3094,0.9636,-8.3365,-6.816,-16.356,-12.643,-0.8874,-2.8582,2.6833,-2.172
-14.481,-26.474,-21.207,-20.857,-10.542,-7.3377,0.378,0.9839,-8.2348,-6.7649,-16.211,-12.625,-0.7367,-2.816,2.9055,-2.1654
-14.481,-26.474,-21.207,-20.857,-10.542,-7.3377,0.378,0.9839,-8.2348,-6.7649,-16.211,-12.625,-0.7367,-2.816,2.9055,-2.1654
-14.4,-26.469,-21.12,-20.85,-10.454,-7.3555,0.4204,1.0225,-8.2012,-6.6639,-16.104,-12.6,-0.6042,-2.7828,3.0592,-2.1483
-14.4,-26.469,-21.12,-20.85,-10.454,-7.3555,0.4204,1.0225,-8.2012,-6.6639,-16.104,-12.6,-0.6042,-2.7828,3.0592,-2.1483
-14.415,-26.447,-21.058,-20.847,-10.404,-7.3732,0.4407,1.0333,-8.1787,-6.6213,-16.023,-12.587,-0.53,-2.7768,3.115,-2.1178
-14.415,-26.447,-21.058,-20.847,-10.404,-7.3732,0.4407,1.0333,-8.1787,-6.6213,-16.023,-12.587,-0.53,-2.7768,3.115,-2.1178
-14.355,-26.452,-21.015,-20.856,-10.44,-7.3204,0.4508,1.0387,-8.1671,-6.6381,-15.969,-12.599,-0.5499,-2.7859,3.1122,-2.0952
-14.355,-26.452,-21.015,-20.856,-10.44,-7.3204,0.4508,1.0387,-8.1671,-6.6381,-15.969,-12.599,-0.5499,-2.7859,3.1122,-2.0952
-14.227,-26.514,-20.996,-20.857,-10.453,-7.3028,0.4692,1.0322,-8.1209,-6.6796,-15.908,-12.62,-0.5351,-2.8072,3.0885,-2.0797
-14.227,-26.514,-20.996,-20.857,-10.453,-7.3028,0.4692,1.0322,-8.1209,-6.6796,-15.908,-12.62,-0.5351,-2.8072,3.0885,-2.0797
-14.205,-26.505,-20.991,-20.865,-10.478,-7.2939,0.4959,1.0138,-8.0864,-6.6792,-15.903,-12.594,-0.5499,-2.7859,3.0885,-2.0797
-14.205,-26.505,-20.991,-20.865,-10.478,-7.2939,0.4959,1.0138,-8.0864,-6.6792,-15.903,-12.594,-0.5499,-2.7859,3.0885,-2.0797
-14.205,-26.505,-20.991,-20.865,-10.478,-7.2939,0.4959,1.0138,-8.0864,-6.6792,-15.903,-12.594,-0.5499,-2.7859,3.0885,-2.0797
-14.236,-26.46,-20.991,-20.865,-10.478,-7.2939,0.541,0.9889,-8.1095,-6.671,-15.94,-12.574,-0.5696,-2.795,3.0678,-2.0867
-14.274,-26.447,-21.01,-20.877,-10.478,-7.3203,0.5123,0.99,-8.1441,-6.6462,-15.949,-12.578,-0.5351,-2.8072,3.064,-2.0998
-14.274,-26.447,-21.01,-20.877,-10.478,-7.3203,0.5123,0.99,-8.1441,-6.6462,-15.949,-12.578,-0.5351,-2.8072,3.064,-2.0998
-14.34,-26.474,-21.029,-20.888,-10.517,-7.3465,0.447,1.0042,-8.1555,-6.6548,-15.951,-12.591,-0.5005,-2.8194,3.0433,-2.1068
-14.34,-26.474,-21.029,-20.888,-10.517,-7.3465,0.447,1.0042,-8.1555,-6.6548,-15.951,-12.591,-0.5005,-2.8194,3.0433,-2.1068
-14.4,-26.469,-21.03,-20.9,-10.543,-7.3639,0.4083,0.9999,-8.1669,-6.6634,-15.953,-12.604,-0.5005,-2.8194,3.0056,-2.1078
-14.4,-26.469,-21.03,-20.9,-10.543,-7.3639,0.4083,0.9999,-8.1669,-6.6634,-15.953,-12.604,-0.5005,-2.8194,3.0056,-2.1078
-14.384,-26.491,-21.048,-20.888,-10.543,-7.3639,0.4064,0.9828,-8.1323,-6.6882,-15.953,-12.604,-0.53,-2.7768,2.9887,-2.1019
-14.384,-26.491,-21.048,-20.888,-10.543,-7.3639,0.4064,0.9828,-8.1323,-6.6882,-15.953,-12.604,-0.53,-2.7768,2.9887,-2.1019
-14.384,-26.491,-21.066,-20.875,-10.567,-7.3551,0.3963,0.9774,-8.0978,-6.713,-15.975,-12.59,-0.5646,-2.7646,3.0122,-2.1173
-14.384,-26.491,-21.066,-20.875,-10.567,-7.3551,0.3963,0.9774,-8.0978,-6.713,-15.975,-12.59,-0.5646,-2.7646,3.0122,-2.1173
-14.384,-26.491,-21.072,-20.879,-10.505,-7.3902,0.4045,0.9656,-8.1323,-6.6882,-15.984,-12.594,-0.5499,-2.7859,3.0461,-2.1293
-14.384,-26.491,-21.072,-20.879,-10.505,-7.3902,0.4045,0.9656,-8.1323,-6.6882,-15.984,-12.594,-0.5499,-2.7859,3.0461,-2.1293
-14.444,-26.487,-21.079,-20.883,-10.505,-7.3902,0.4045,0.9656,-8.1439,-6.6715,-15.999,-12.588,-0.5499,-2.7859,3.063,-2.1353
-14.444,-26.487,-21.079,-20.883,-10.505,-7.3902,0.4045,0.9656,-8.1439,-6.6715,-15.999,-12.588,-0.5499,-2.7859,3.063,-2.1353
-14.444,-26.487,-21.085,-20.887,-10.518,-7.3727,0.378,0.9839,-8.1667,-6.6886,-16.016,-12.596,-0.5894,-2.8041,3.0226,-2.1138
-14.444,-26.487,-21.085,-20.887,-10.518,-7.3727,0.378,0.9839,-8.1667,-6.6886,-16.016,-12.596,-0.5894,-2.8041,3.0226,-2.1138
-14.316,-26.549,-21.085,-20.887,-10.567,-7.3289,0.378,0.9839,-8.2124,-6.6977,-16.012,-12.619,-0.6289,-2.8222,2.9784,-2.1054
-14.316,-26.549,-21.085,-20.887,-10.567,-7.3289,0.378,0.9839,-8.2124,-6.6977,-16.012,-12.619,-0.6289,-2.8222,2.9784,-2.1054
-14.219,-26.567,-21.085,-20.887,-10.579,-7.3113,0.433,0.9645,-8.2122,-6.7228,-16.02,-12.623,-0.6632,-2.81,2.9681,-2.1089
-14.212,-26.536,-21.103,-20.875,-10.591,-7.2937,0.4798,0.9568,-8.2121,-6.7479,-16.051,-12.612,-0.7172,-2.807,2.9813,-2.1279
-14.212,-26.536,-21.103,-20.875,-10.591,-7.2937,0.4798,0.9568,-8.2121,-6.7479,-16.051,-12.612,-0.7172,-2.807,2.9813,-2.1279
-14.212,-26.536,-21.103,-20.875,-10.591,-7.2937,0.4798,0.9568,-8.2121,-6.7479,-16.051,-12.612,-0.7172,-2.807,2.9813,-2.1279
-14.258,-26.469,-21.122,-20.874,-10.579,-7.3113,0.49,0.9622,-8.2121,-6.7479,-16.059,-12.616,-0.7514,-2.7949,2.9541,-2.1254
-14.258,-26.469,-21.122,-20.874,-10.579,-7.3113,0.49,0.9622,-8.2121,-6.7479,-16.059,-12.616,-0.7514,-2.7949,2.9541,-2.1254
-14.311,-26.434,-21.159,-20.874,-10.567,-7.3289,0.445,0.987,-8.2464,-6.7233,-16.083,-12.614,-0.7025,-2.8281,2.9269,-2.123
-14.311,-26.434,-21.159,-20.874,-10.567,-7.3289,0.445,0.987,-8.2464,-6.7233,-16.083,-12.614,-0.7025,-2.8281,2.9269,-2.123
-14.355,-26.452,-21.166,-20.89,-10.592,-7.3463,0.3818,1.0183,-8.2464,-6.7233,-16.115,-12.617,-0.6339,-2.8524,2.8999,-2.1206
-14.355,-26.452,-21.166,-20.89,-10.592,-7.3463,0.3818,1.0183,-8.2464,-6.7233,-16.115,-12.617,-0.6339,-2.8524,2.8999,-2.1206
-14.355,-26.452,-21.166,-20.89,-10.592,-7.3463,0.3818,1.0183,-8.2464,-6.7233,-16.115,-12.617,-0.6339,-2.8524,2.8999,-2.1206
-14.378,-26.461,-21.173,-20.905,-10.617,-7.3375,0.3452,1.0312,-8.269,-6.7403,-16.156,-12.623,-0.6389,-2.8825,2.8524,-2.1252
-14.378,-26.461,-21.173,-20.905,-10.617,-7.3375,0.3452,1.0312,-8.269,-6.7403,-16.156,-12.623,-0.6389,-2.8825,2.8524,-2.1252
-14.347,-26.505,-21.203,-20.901,-10.63,-7.3462,0.2886,1.0333,-8.2916,-6.7573,-16.19,-12.639,-0.7465,-2.8763,2.7781,-2.1274
-14.362,-26.483,-21.245,-20.88,-10.63,-7.3462,0.2785,1.0279,-8.2689,-6.7653,-16.207,-12.647,-0.8293,-2.8311,2.7477,-2.138
-14.362,-26.483,-21.245,-20.88,-10.63,-7.3462,0.2785,1.0279,-8.2689,-6.7653,-16.207,-12.647,-0.8293,-2.8311,2.7477,-2.138
-14.378,-26.461,-21.27,-20.884,-10.58,-7.3638,0.2685,1.0226,-8.2689,-6.7653,-16.233,-12.659,-0.9019,-2.8372,2.7238,-2.1579
-14.378,-26.461,-21.27,-20.884,-10.58,-7.3638,0.2685,1.0226,-8.2689,-6.7653,-16.233,-12.659,-0.9019,-2.8372,2.7238,-2.1579
-14.393,-26.438,-21.295,-20.887,-10.53,-7.3814,0.2585,1.0172,-8.3145,-6.7242,-16.286,-12.647,-0.955,-2.8343,2.71,-2.1743
-14.393,-26.438,-21.295,-20.887,-10.53,-7.3814,0.2585,1.0172,-8.3145,-6.7242,-16.286,-12.647,-0.955,-2.8343,2.71,-2.1743
-14.415,-26.447,-21.314,-20.899,-10.543,-7.3639,0.2385,1.0064,-8.4054,-6.6921,-16.326,-12.653,-1.0126,-2.8614,2.6531,-2.1825
-14.415,-26.447,-21.314,-20.899,-10.543,-7.3639,0.2385,1.0064,-8.4054,-6.6921,-16.326,-12.653,-1.0126,-2.8614,2.6531,-2.1825
-14.437,-26.456,-21.345,-20.906,-10.567,-7.3289,0.1922,1.0139,-8.4951,-6.7103,-16.339,-12.683,-1.0936,-2.9271,2.5698,-2.1883
-14.437,-26.456,-21.345,-20.906,-10.567,-7.3289,0.1922,1.0139,-8.4951,-6.7103,-16.339,-12.683,-1.0936,-2.9271,2.5698,-2.1883
-14.384,-26.491,-21.393,-20.901,-10.629,-7.2937,0.1904,0.9967,-8.5284,-6.7359,-16.364,-12.695,-1.165,-2.9332,2.507,-2.1872
-14.384,-26.491,-21.393,-20.901,-10.629,-7.2937,0.1904,0.9967,-8.5284,-6.7359,-16.364,-12.695,-1.165,-2.9332,2.507,-2.1872
-14.422,-26.478,-21.429,-20.901,-10.642,-7.3025,0.2067,0.9732,-8.5505,-6.7528,-16.394,-12.685,-1.236,-2.9394,2.4671,-2.2012
-14.422,-26.478,-21.429,-20.901,-10.642,-7.3025,0.2067,0.9732,-8.5505,-6.7528,-16.394,-12.685,-1.236,-2.9394,2.4671,-2.2012
-14.452,-26.434,-21.466,-20.9,-10.642,-7.3025,0.233,0.9551,-8.5726,-6.7698,-16.438,-12.669,-1.236,-2.9394,2.4373,-2.2117
-14.452,-26.434,-21.466,-20.9,-10.642,-7.3025,0.233,0.9551,-8.5726,-6.7698,-16.438,-12.669,-1.236,-2.9394,2.4373,-2.2117
-14.452,-26.434,-21.466,-20.9,-10.642,-7.3025,0.233,0.9551,-8.5726,-6.7698,-16.438,-12.669,-1.236,-2.9394,2.4373,-2.2117
-14.549,-26.417,-21.503,-20.911,-10.655,-7.3375,0.2049,0.9562,-8.5946,-6.7867,-16.469,-12.672,-1.2073,-2.9806,2.414,-2.2314
-14.636,-26.453,-21.54,-20.935,-10.73,-7.3636,0.1227,0.9764,-8.628,-6.7873,-16.509,-12.678,-1.1267,-3.0247,2.3681,-2.2361
-14.636,-26.453,-21.54,-20.935,-10.73,-7.3636,0.1227,0.9764,-8.628,-6.7873,-16.509,-12.678,-1.1267,-3.0247,2.3681,-2.2361
-14.744,-26.497,-21.577,-20.958,-10.78,-7.3983,0.0651,0.9613,-8.6831,-6.8047,-16.557,-12.689,-1.1646,-3.0423,2.3124,-2.2443
-14.744,-26.497,-21.577,-20.958,-10.78,-7.3983,0.0651,0.9613,-8.6831,-6.8047,-16.557,-12.689,-1.1646,-3.0423,2.3124,-2.2443
-14.765,-26.506,-21.596,-20.97,-10.83,-7.3809,0.0193,0.9687,-8.6941,-6.8131,-16.582,-12.7,-1.2405,-2.9689,2.2766,-2.2455
-14.765,-26.506,-21.596,-20.97,-10.83,-7.3809,0.0193,0.9687,-8.6941,-6.8131,-16.582,-12.7,-1.2405,-2.9689,2.2766,-2.2455
-14.713,-26.541,-21.643,-20.953,-10.866,-7.3549,0.0095,0.9633,-8.6496,-6.8288,-16.599,-12.708,-1.3495,-2.8836,2.2506,-2.2433
-14.713,-26.541,-21.643,-20.953,-10.866,-7.3549,0.0095,0.9633,-8.6496,-6.8288,-16.599,-12.708,-1.3495,-2.8836,2.2506,-2.2433
-14.75,-26.528,-21.684,-20.944,-10.866,-7.3549,0.0176,0.9517,-8.6271,-6.8613,-16.638,-12.715,-1.467,-2.8578,2.2374,-2.2594
-14.729,-26.519,-21.708,-20.948,-10.829,-7.3549,-0.0084,0.9697,-8.6831,-6.8047,-16.675,-12.708,-1.5182,-2.8552,2.2663,-2.2835
-14.729,-26.519,-21.708,-20.948,-10.829,-7.3549,-0.0084,0.9697,-8.6831,-6.8047,-16.675,-12.708,-1.5182,-2.8552,2.2663,-2.2835
-14.729,-26.519,-21.708,-20.948,-10.829,-7.3549,-0.0084,0.9697,-8.6831,-6.8047,-16.675,-12.708,-1.5182,-2.8552,2.2663,-2.2835
-14.729,-26.519,-21.744,-20.947,-10.817,-7.3461,-0.0182,0.9643,-8.7393,-6.7479,-16.692,-12.716,-1.5694,-2.8527,2.2629,-2.2961
-14.729,-26.519,-21.744,-20.947,-10.817,-7.3461,-0.0182,0.9643,-8.7393,-6.7479,-16.692,-12.716,-1.5694,-2.8527,2.2629,-2.2961
-14.729,-26.519,-21.744,-20.947,-10.817,-7.3461,-0.0182,0.9643,-8.7393,-6.7479,-16.692,-12.716,-1.5694,-2.8527,2.2629,-2.2961
-14.75,-26.528,-21.78,-20.959,-10.805,-7.3635,-0.0637,0.9716,-8.8166,-6.7329,-16.731,-12.723,-1.6102,-2.9003,2.1886,-2.2768
-14.655,-26.545,-21.792,-20.966,-10.829,-7.3287,-0.0637,0.9716,-8.8824,-6.7343,-16.727,-12.745,-1.651,-2.9477,2.1147,-2.2576
-14.56,-26.562,-21.804,-20.962,-10.841,-7.3113,-0.0718,0.9833,-8.8927,-6.7675,-16.729,-12.757,-1.6551,-2.977,2.0666,-2.2406
-14.56,-26.562,-21.804,-20.962,-10.841,-7.3113,-0.0718,0.9833,-8.8927,-6.7675,-16.729,-12.757,-1.6551,-2.977,2.0666,-2.2406
-14.56,-26.562,-21.804,-20.962,-10.841,-7.3113,-0.0718,0.9833,-8.8927,-6.7675,-16.729,-12.757,-1.6551,-2.977,2.0666,-2.2406
-14.486,-26.588,-21.762,-20.959,-10.853,-7.2939,-0.0165,0.9813,-8.8378,-6.7746,-16.71,-12.737,-1.5677,-2.9617,2.0892,-2.2209
-14.486,-26.588,-21.762,-20.959,-10.853,-7.2939,-0.0165,0.9813,-8.8378,-6.7746,-16.71,-12.737,-1.5677,-2.9617,2.0892,-2.2209
-14.494,-26.536,-21.702,-20.944,-10.816,-7.32,0.0471,0.9677,-8.761,-6.7649,-16.667,-12.704,-1.4939,-2.9259,2.1733,-2.2021
-14.494,-26.536,-21.702,-20.944,-10.816,-7.32,0.0471,0.9677,-8.761,-6.7649,-16.667,-12.704,-1.4939,-2.9259,2.1733,-2.2021
-14.518,-26.461,-21.599,-20.926,-10.779,-7.32,0.1145,0.9881,-8.6287,-6.7376,-16.574,-12.649,-1.2458,-2.889,2.333,-2.1678
-14.518,-26.461,-21.599,-20.926,-10.779,-7.32,0.1145,0.9881,-8.6287,-6.7376,-16.574,-12.649,-1.2458,-2.889,2.333,-2.1678
-14.555,-26.448,-21.479,-20.92,-10.742,-7.3461,0.146,1.0213,-8.4951,-6.7103,-16.453,-12.616,-0.9452,-2.8852,2.4946,-2.1335
-14.555,-26.448,-21.479,-20.92,-10.742,-7.3461,0.146,1.0213,-8.4951,-6.7103,-16.453,-12.616,-0.9452,-2.8852,2.4946,-2.1335
-14.555,-26.448,-21.479,-20.92,-10.742,-7.3461,0.146,1.0213,-8.4951,-6.7103,-16.453,-12.616,-0.9452,-2.8852,2.4946,-2.1335
-14.592,-26.435,-21.339,-20.914,-10.705,-7.3723,0.1759,1.0375,-8.3715,-6.6916,-16.294,-12.602,-0.6878,-2.8493,2.6746,-2.1051
-14.577,-26.457,-21.258,-20.888,-10.693,-7.3636,0.2057,1.0537,-8.2581,-6.6815,-16.173,-12.583,-0.5844,-2.7737,2.8094,-2.0815
-14.577,-26.457,-21.258,-20.888,-10.693,-7.3636,0.2057,1.0537,-8.2581,-6.6815,-16.173,-12.583,-0.5844,-2.7737,2.8094,-2.0815
-14.555,-26.448,-21.194,-20.849,-10.643,-7.355,0.2357,1.0699,-8.1553,-6.6801,-16.089,-12.556,-0.4852,-2.7281,2.9249,-2.065
-14.555,-26.448,-21.194,-20.849,-10.643,-7.355,0.2357,1.0699,-8.1553,-6.6801,-16.089,-12.556,-0.4852,-2.7281,2.9249,-2.065
-14.533,-26.439,-21.161,-20.817,-10.63,-7.3462,0.2822,1.0624,-8.0864,-6.6792,-16.022,-12.538,-0.4951,-2.6759,3.0272,-2.0652
-14.533,-26.439,-21.161,-20.817,-10.63,-7.3462,0.2822,1.0624,-8.0864,-6.6792,-16.022,-12.538,-0.4951,-2.6759,3.0272,-2.0652
-14.511,-26.43,-21.148,-20.797,-10.543,-7.3639,0.3105,1.0614,-8.075,-6.6706,-15.983,-12.545,-0.4951,-2.6759,3.116,-2.0821
-14.511,-26.43,-21.148,-20.797,-10.543,-7.3639,0.3105,1.0614,-8.075,-6.6706,-15.983,-12.545,-0.4951,-2.6759,3.116,-2.0821
-14.511,-26.43,-21.148,-20.797,-10.543,-7.3639,0.3105,1.0614,-8.075,-6.6706,-15.983,-12.545,-0.4951,-2.6759,3.116,-2.0821
-14.459,-26.465,-21.136,-20.801,-10.505,-7.364,0.3022,1.0732,-8.0982,-6.6371,-15.96,-12.546,-0.4453,-2.7097,3.1539,-2.0811
-14.459,-26.465,-21.137,-20.813,-10.492,-7.3553,0.3105,1.0614,-8.1557,-6.6294,-15.955,-12.569,-0.4903,-2.7586,3.1027,-2.063
-14.459,-26.465,-21.137,-20.813,-10.492,-7.3553,0.3105,1.0614,-8.1557,-6.6294,-15.955,-12.569,-0.4903,-2.7586,3.1027,-2.063
-14.4,-26.469,-21.137,-20.826,-10.516,-7.2938,0.3205,1.0668,-8.2128,-6.6472,-15.96,-12.595,-0.5499,-2.7859,3.0309,-2.0521
-14.4,-26.469,-21.137,-20.826,-10.516,-7.2938,0.3205,1.0668,-8.2128,-6.6472,-15.96,-12.595,-0.5499,-2.7859,3.0309,-2.0521
-14.325,-26.496,-21.156,-20.837,-10.566,-7.2762,0.347,1.0484,-8.2468,-6.6729,-15.971,-12.612,-0.6583,-2.7797,2.9727,-2.0603
-14.325,-26.496,-21.156,-20.837,-10.566,-7.2762,0.347,1.0484,-8.2468,-6.6729,-15.971,-12.612,-0.6583,-2.7797,2.9727,-2.0603
-14.355,-26.452,-21.163,-20.841,-10.603,-7.2497,0.402,1.029,-8.2694,-6.6901,-16.01,-12.605,-0.6976,-2.7979,2.9352,-2.0614
-14.355,-26.452,-21.163,-20.841,-10.603,-7.2497,0.402,1.029,-8.2694,-6.6901,-16.01,-12.605,-0.6976,-2.7979,2.9352,-2.0614
-14.355,-26.452,-21.163,-20.841,-10.603,-7.2497,0.402,1.029,-8.2694,-6.6901,-16.01,-12.605,-0.6976,-2.7979,2.9352,-2.0614
-14.364,-26.398,-21.164,-20.853,-10.603,-7.2497,0.4305,1.0279,-8.2807,-6.6986,-16.046,-12.586,-0.7172,-2.807,2.9212,-2.078
-14.364,-26.398,-21.164,-20.853,-10.603,-7.2497,0.4305,1.0279,-8.2807,-6.6986,-16.046,-12.586,-0.7172,-2.807,2.9212,-2.078
-14.439,-26.372,-21.164,-20.865,-10.628,-7.2673,0.3773,1.0646,-8.2579,-6.7067,-16.076,-12.575,-0.6486,-2.8312,2.9043,-2.0721
-14.446,-26.403,-21.129,-20.89,-10.629,-7.2937,0.3406,1.0776,-8.2466,-6.6981,-16.085,-12.579,-0.6142,-2.8434,2.8875,-2.0661
-14.446,-26.403,-21.129,-20.89,-10.629,-7.2937,0.3406,1.0776,-8.2466,-6.6981,-16.085,-12.579,-0.6142,-2.8434,2.8875,-2.0661
-14.446,-26.403,-21.129,-20.89,-10.629,-7.2937,0.3406,1.0776,-8.2466,-6.6981,-16.085,-12.579,-0.6142,-2.8434,2.8875,-2.0661
-14.446,-26.403,-21.128,-20.878,-10.617,-7.3113,0.3141,1.096,-8.2237,-6.7062,-16.078,-12.588,-0.6436,-2.801,2.8941,-2.0756
-14.446,-26.403,-21.139,-20.862,-10.58,-7.3376,0.304,1.0905,-8.1552,-6.7053,-16.07,-12.584,-0.6731,-2.7584,2.9109,-2.0816
-14.446,-26.403,-21.139,-20.862,-10.58,-7.3376,0.304,1.0905,-8.1552,-6.7053,-16.07,-12.584,-0.6731,-2.7584,2.9109,-2.0816
-14.461,-26.381,-21.144,-20.842,-10.542,-7.3377,0.3223,1.0841,-8.1092,-6.7215,-16.048,-12.599,-0.7418,-2.7342,2.9278,-2.0875
-14.461,-26.381,-21.144,-20.842,-10.542,-7.3377,0.3223,1.0841,-8.1092,-6.7215,-16.048,-12.599,-0.7418,-2.7342,2.9278,-2.0875
-14.461,-26.381,-21.144,-20.842,-10.542,-7.3377,0.3223,1.0841,-8.1092,-6.7215,-16.048,-12.599,-0.7418,-2.7342,2.9278,-2.0875
-14.461,-26.381,-21.144,-20.842,-10.467,-7.3642,0.3223,1.0841,-8.1209,-6.6796,-16.048,-12.599,-0.776,-2.7221,2.9615,-2.0994
-14.424,-26.394,-21.144,-20.842,-10.429,-7.3643,0.3406,1.0776,-8.1669,-6.6634,-16.036,-12.617,-0.7661,-2.7737,2.9278,-2.0875
-14.468,-26.412,-21.164,-20.853,-10.479,-7.3466,0.3022,1.0732,-8.2581,-6.6815,-16.055,-12.638,-0.8487,-2.8402,2.8699,-2.0957
-14.468,-26.412,-21.164,-20.853,-10.479,-7.3466,0.3022,1.0732,-8.2581,-6.6815,-16.055,-12.638,-0.8487,-2.8402,2.8699,-2.0957
-14.468,-26.412,-21.164,-20.853,-10.479,-7.3466,0.3022,1.0732,-8.2581,-6.6815,-16.055,-12.638,-0.8487,-2.8402,2.8699,-2.0957
-14.415,-26.447,-21.182,-20.853,-10.541,-7.285,0.284,1.0797,-8.3148,-6.6991,-16.015,-12.68,-0.8583,-2.9001,2.8057,-2.0945
-14.415,-26.447,-21.182,-20.853,-10.541,-7.285,0.284,1.0797,-8.3148,-6.6991,-16.015,-12.68,-0.8583,-2.9001,2.8057,-2.0945
-14.415,-26.447,-21.182,-20.853,-10.541,-7.285,0.284,1.0797,-8.3148,-6.6991,-16.015,-12.68,-0.8583,-2.9001,2.8057,-2.0945
-14.303,-26.487,-21.206,-20.844,-10.577,-7.2321,0.2657,1.0861,-8.3373,-6.7162,-16.017,-12.694,-0.8776,-2.9091,2.7585,-2.0992
-14.25,-26.522,-21.231,-20.848,-10.615,-7.2321,0.2922,1.0678,-8.3597,-6.7332,-16.062,-12.678,-0.897,-2.918,2.7114,-2.1039
-14.25,-26.522,-21.231,-20.848,-10.615,-7.2321,0.2922,1.0678,-8.3597,-6.7332,-16.062,-12.678,-0.897,-2.918,2.7114,-2.1039
-14.303,-26.487,-21.274,-20.851,-10.628,-7.2409,0.3187,1.0495,-8.3597,-6.7332,-16.126,-12.634,-0.9115,-2.8972,2.7078,-2.1168
-14.303,-26.487,-21.274,-20.851,-10.628,-7.2409,0.3187,1.0495,-8.3597,-6.7332,-16.126,-12.634,-0.9115,-2.8972,2.7078,-2.1168
-14.393,-26.438,-21.305,-20.859,-10.603,-7.2761,0.337,1.043,-8.3824,-6.7252,-16.179,-12.622,-0.9115,-2.8972,2.6941,-2.1333
-14.393,-26.438,-21.305,-20.859,-10.603,-7.2761,0.337,1.043,-8.3824,-6.7252,-16.179,-12.622,-0.9115,-2.8972,2.6941,-2.1333
-14.511,-26.43,-21.355,-20.866,-10.629,-7.32,0.2739,1.0743,-8.3824,-6.7252,-16.226,-12.62,-0.7954,-2.9539,2.684,-2.1368
-14.511,-26.43,-21.355,-20.866,-10.629,-7.32,0.2739,1.0743,-8.3824,-6.7252,-16.226,-12.62,-0.7954,-2.9539,2.684,-2.1368
-14.511,-26.43,-21.355,-20.866,-10.629,-7.32,0.2739,1.0743,-8.3824,-6.7252,-16.226,-12.62,-0.7954,-2.9539,2.684,-2.1368
-14.614,-26.444,-21.368,-20.898,-10.667,-7.3462,0.2275,1.0817,-8.4162,-6.7257,-16.26,-12.635,-0.747,-2.9868,2.6573,-2.1345
-14.657,-26.461,-21.394,-20.913,-10.73,-7.3374,0.2075,1.0709,-8.4614,-6.7098,-16.316,-12.636,-0.8148,-2.9628,2.6307,-2.1321
-14.657,-26.461,-21.394,-20.913,-10.73,-7.3374,0.2075,1.0709,-8.4614,-6.7098,-16.316,-12.636,-0.8148,-2.9628,2.6307,-2.1321
-14.642,-26.483,-21.418,-20.917,-10.754,-7.3287,0.1893,1.0773,-8.4614,-6.7098,-16.341,-12.648,-0.8922,-2.8882,2.6141,-2.1263
-14.642,-26.483,-21.418,-20.917,-10.754,-7.3287,0.1893,1.0773,-8.4614,-6.7098,-16.341,-12.648,-0.8922,-2.8882,2.6141,-2.1263
-14.642,-26.483,-21.471,-20.892,-10.779,-7.32,0.1794,1.0719,-8.3934,-6.7587,-16.366,-12.66,-1.0225,-2.8105,2.5675,-2.131
-14.642,-26.483,-21.471,-20.892,-10.779,-7.32,0.1794,1.0719,-8.3934,-6.7587,-16.366,-12.66,-1.0225,-2.8105,2.5675,-2.131
-14.664,-26.492,-21.513,-20.883,-10.791,-7.3287,0.1677,1.0493,-8.3705,-6.7916,-16.392,-12.672,-1.1089,-2.7958,2.531,-2.1323
-14.664,-26.492,-21.513,-20.883,-10.791,-7.3287,0.1677,1.0493,-8.3705,-6.7916,-16.392,-12.672,-1.1089,-2.7958,2.531,-2.1323
-14.642,-26.483,-21.555,-20.875,-10.791,-7.3287,0.1396,1.0503,-8.3705,-6.7916,-16.421,-12.661,-1.1469,-2.814,2.5669,-2.1661
-14.642,-26.483,-21.555,-20.875,-10.791,-7.3287,0.1396,1.0503,-8.3705,-6.7916,-16.421,-12.661,-1.1469,-2.814,2.5669,-2.1661
-14.642,-26.483,-21.579,-20.878,-10.767,-7.3374,0.1034,1.0631,-8.4497,-6.7512,-16.467,-12.659,-1.1992,-2.8113,2.5799,-2.1848
-14.642,-26.483,-21.579,-20.878,-10.767,-7.3374,0.1034,1.0631,-8.4497,-6.7512,-16.467,-12.659,-1.1992,-2.8113,2.5799,-2.1848
-14.679,-26.47,-21.609,-20.886,-10.73,-7.3636,0.0837,1.0522,-8.5176,-6.7024,-16.49,-12.657,-1.2225,-2.8502,2.5269,-2.1802
-14.679,-26.47,-21.609,-20.886,-10.73,-7.3636,0.0837,1.0522,-8.5176,-6.7024,-16.49,-12.657,-1.2225,-2.8502,2.5269,-2.1802
-14.701,-26.479,-21.622,-20.905,-10.755,-7.3548,0.0377,1.0596,-8.6071,-6.6956,-16.524,-12.673,-1.2978,-2.8863,2.4413,-2.164
-14.701,-26.479,-21.622,-20.905,-10.755,-7.3548,0.0377,1.0596,-8.6071,-6.6956,-16.524,-12.673,-1.2978,-2.8863,2.4413,-2.164
-14.722,-26.488,-21.635,-20.925,-10.816,-7.32,0.0164,1.0316,-8.6733,-6.7218,-16.528,-12.699,-1.3396,-2.9339,2.3463,-2.1515
-14.722,-26.488,-21.635,-20.925,-10.816,-7.32,0.0164,1.0316,-8.6733,-6.7218,-16.528,-12.699,-1.3396,-2.9339,2.3463,-2.1515
-14.722,-26.488,-21.635,-20.925,-10.816,-7.32,0.0164,1.0316,-8.6733,-6.7218,-16.528,-12.699,-1.3396,-2.9339,2.3463,-2.1515
-14.612,-26.527,-21.654,-20.937,-10.877,-7.2852,-0.0033,1.0209,-8.6952,-6.7388,-16.509,-12.726,-1.3583,-2.9428,2.268,-2.1448
-14.538,-26.553,-21.69,-20.936,-10.89,-7.2939,-0.0489,1.0281,-8.6839,-6.7552,-16.523,-12.721,-1.3912,-2.9312,2.2224,-2.1497
-14.538,-26.553,-21.69,-20.936,-10.89,-7.2939,-0.0489,1.0281,-8.6839,-6.7552,-16.523,-12.721,-1.3912,-2.9312,2.2224,-2.1497
-14.538,-26.553,-21.725,-20.936,-10.902,-7.3027,-0.0506,1.0111,-8.6948,-6.7636,-16.58,-12.687,-1.3912,-2.9312,2.1995,-2.1695
-14.584,-26.488,-21.755,-20.931,-10.915,-7.3115,-0.0425,0.9994,-8.7506,-6.7316,-16.63,-12.663,-1.4426,-2.9285,2.1702,-2.1801
-14.584,-26.488,-21.755,-20.931,-10.915,-7.3115,-0.0425,0.9994,-8.7506,-6.7316,-16.63,-12.663,-1.4426,-2.9285,2.1702,-2.1801
-14.584,-26.488,-21.755,-20.931,-10.915,-7.3115,-0.0425,0.9994,-8.7506,-6.7316,-16.63,-12.663,-1.4426,-2.9285,2.1702,-2.1801
-14.688,-26.418,-21.791,-20.931,-10.903,-7.3288,-0.0523,0.994,-8.7728,-6.7237,-16.674,-12.648,-1.4426,-2.9285,2.1572,-2.1964
-14.688,-26.418,-21.791,-20.931,-10.903,-7.3288,-0.0523,0.994,-8.7728,-6.7237,-16.674,-12.648,-1.4426,-2.9285,2.1572,-2.1964
-14.688,-26.418,-21.791,-20.931,-10.903,-7.3288,-0.0523,0.994,-8.7728,-6.7237,-16.674,-12.648,-1.4426,-2.9285,2.1572,-2.1964
-14.798,-26.378,-21.808,-20.931,-10.879,-7.3636,-0.0702,1.0003,-8.7837,-6.7322,-16.711,-12.641,-1.3627,-2.9723,2.1635,-2.2056
-14.862,-26.405,-21.773,-20.943,-10.879,-7.3896,-0.0961,1.0183,-8.8058,-6.7244,-16.711,-12.641,-1.2638,-3.0072,2.1894,-2.2078
-14.862,-26.405,-21.773,-20.943,-10.879,-7.3896,-0.0961,1.0183,-8.8058,-6.7244,-16.711,-12.641,-1.2638,-3.0072,2.1894,-2.2078
-14.847,-26.427,-21.685,-20.956,-10.855,-7.3982,-0.0766,1.0291,-8.7619,-6.7152,-16.657,-12.64,-1.141,-3.0041,2.248,-2.1867
-14.847,-26.427,-21.685,-20.956,-10.855,-7.3982,-0.0766,1.0291,-8.7619,-6.7152,-16.657,-12.64,-1.141,-3.0041,2.248,-2.1867
-14.81,-26.44,-21.588,-20.942,-10.83,-7.3809,-0.0294,1.0389,-8.6738,-6.6969,-16.557,-12.641,-1.0555,-2.9092,2.3725,-2.1537
-14.81,-26.44,-21.588,-20.942,-10.83,-7.3809,-0.0294,1.0389,-8.6738,-6.6969,-16.557,-12.641,-1.0555,-2.9092,2.3725,-2.1537
-14.716,-26.457,-21.502,-20.899,-10.767,-7.3635,0.0377,1.0596,-8.5287,-6.7109,-16.453,-12.616,-0.9358,-2.8253,2.498,-2.1206
-14.716,-26.457,-21.502,-20.899,-10.767,-7.3635,0.0377,1.0596,-8.5287,-6.7109,-16.453,-12.616,-0.9358,-2.8253,2.498,-2.1206
-14.716,-26.457,-21.502,-20.899,-10.767,-7.3635,0.0377,1.0596,-8.5287,-6.7109,-16.453,-12.616,-0.9358,-2.8253,2.498,-2.1206
-14.636,-26.453,-21.409,-20.865,-10.705,-7.3462,0.1314,1.0621,-8.3827,-6.7001,-16.332,-12.596,-0.805,-2.7919,2.668,-2.0957
-14.592,-26.435,-21.335,-20.842,-10.605,-7.355,0.1975,1.0655,-8.3038,-6.6654,-16.22,-12.58,-0.6731,-2.7584,2.8196,-2.0779
-14.57,-26.426,-21.267,-20.835,-10.518,-7.3727,0.2275,1.0817,-8.2702,-6.6143,-16.13,-12.563,-0.5448,-2.7555,2.9183,-2.0555
-14.57,-26.426,-21.267,-20.835,-10.518,-7.3727,0.2275,1.0817,-8.2702,-6.6143,-16.13,-12.563,-0.5448,-2.7555,2.9183,-2.0555
-14.57,-26.426,-21.267,-20.835,-10.518,-7.3727,0.2275,1.0817,-8.2702,-6.6143,-16.13,-12.563,-0.5448,-2.7555,2.9183,-2.0555
-14.57,-26.426,-21.236,-20.828,-10.505,-7.364,0.2475,1.0926,-8.2589,-6.6056,-16.059,-12.567,-0.53,-2.7768,2.9359,-2.0257
-14.57,-26.426,-21.236,-20.828,-10.505,-7.364,0.2475,1.0926,-8.2589,-6.6056,-16.059,-12.567,-0.53,-2.7768,2.9359,-2.0257
-14.474,-26.443,-21.199,-20.828,-10.528,-7.3026,0.241,1.1218,-8.2815,-6.6229,-16.007,-12.592,-0.5696,-2.795,2.9227,-2.0066
-14.474,-26.443,-21.199,-20.828,-10.528,-7.3026,0.241,1.1218,-8.2815,-6.6229,-16.007,-12.592,-0.5696,-2.795,2.9227,-2.0066
-14.4,-26.469,-21.193,-20.825,-10.578,-7.2585,0.2592,1.1153,-8.2697,-6.6649,-15.964,-12.621,-0.6436,-2.801,2.9124,-2.0102
-14.4,-26.469,-21.193,-20.825,-10.578,-7.2585,0.2592,1.1153,-8.2697,-6.6649,-15.964,-12.621,-0.6436,-2.801,2.9124,-2.0102
-14.362,-26.483,-21.187,-20.833,-10.628,-7.2409,0.304,1.0905,-8.2581,-6.6815,-15.962,-12.608,-0.678,-2.7888,2.919,-2.0198
-14.362,-26.483,-21.187,-20.833,-10.628,-7.2409,0.304,1.0905,-8.2581,-6.6815,-15.962,-12.608,-0.678,-2.7888,2.919,-2.0198
-14.371,-26.43,-21.211,-20.824,-10.616,-7.2585,0.3406,1.0776,-8.2581,-6.6815,-16.005,-12.579,-0.6976,-2.7979,2.9154,-2.0329
-14.371,-26.43,-21.211,-20.824,-10.616,-7.2585,0.3406,1.0776,-8.2581,-6.6815,-16.005,-12.579,-0.6976,-2.7979,2.9154,-2.0329
-14.408,-26.416,-21.236,-20.828,-10.653,-7.2585,0.3406,1.0776,-8.2581,-6.6815,-16.044,-12.572,-0.6829,-2.8191,2.878,-2.034
-14.408,-26.416,-21.236,-20.828,-10.653,-7.2585,0.3406,1.0776,-8.2581,-6.6815,-16.044,-12.572,-0.6829,-2.8191,2.878,-2.034
-14.468,-26.412,-21.255,-20.84,-10.642,-7.3025,0.2958,1.1024,-8.281,-6.6734,-16.076,-12.575,-0.6192,-2.8735,2.8407,-2.0352
-14.468,-26.412,-21.255,-20.84,-10.642,-7.3025,0.2958,1.1024,-8.281,-6.6734,-16.076,-12.575,-0.6192,-2.8735,2.8407,-2.0352
-14.468,-26.412,-21.255,-20.84,-10.642,-7.3025,0.2958,1.1024,-8.281,-6.6734,-16.076,-12.575,-0.6192,-2.8735,2.8407,-2.0352
-14.496,-26.452,-21.268,-20.859,-10.655,-7.3375,0.2392,1.1045,-8.2922,-6.682,-16.093,-12.583,-0.5849,-2.8856,2.8202,-2.0423
-14.481,-26.474,-21.275,-20.863,-10.655,-7.3375,0.2028,1.1173,-8.2807,-6.6986,-16.096,-12.596,-0.6486,-2.8312,2.7831,-2.0436
-14.481,-26.474,-21.275,-20.863,-10.655,-7.3375,0.2028,1.1173,-8.2807,-6.6986,-16.096,-12.596,-0.6486,-2.8312,2.7831,-2.0436
-14.481,-26.474,-21.28,-20.843,-10.642,-7.3287,0.2028,1.1173,-8.2007,-6.7394,-16.113,-12.604,-0.7123,-2.7767,2.7795,-2.0566
-14.481,-26.474,-21.28,-20.843,-10.642,-7.3287,0.2028,1.1173,-8.2007,-6.7394,-16.113,-12.604,-0.7123,-2.7767,2.7795,-2.0566
-14.459,-26.465,-21.279,-20.831,-10.642,-7.3025,0.2292,1.099,-8.1435,-6.7471,-16.119,-12.595,-0.7808,-2.7525,2.8028,-2.072
-14.459,-26.465,-21.279,-20.831,-10.642,-7.3025,0.2292,1.099,-8.1435,-6.7471,-16.119,-12.595,-0.7808,-2.7525,2.8028,-2.072
-14.49,-26.421,-21.273,-20.827,-10.592,-7.3201,0.2475,1.0926,-8.1436,-6.7219,-16.119,-12.595,-0.815,-2.7404,2.8531,-2.0898
-14.49,-26.421,-21.273,-20.827,-10.592,-7.3201,0.2475,1.0926,-8.1436,-6.7219,-16.119,-12.595,-0.815,-2.7404,2.8531,-2.0898
-14.49,-26.421,-21.273,-20.827,-10.592,-7.3201,0.2475,1.0926,-8.1436,-6.7219,-16.119,-12.595,-0.815,-2.7404,2.8531,-2.0898
-14.49,-26.421,-21.266,-20.823,-10.529,-7.3289,0.2657,1.0861,-8.1899,-6.6553,-16.119,-12.595,-0.8344,-2.7495,2.8699,-2.0957
-14.527,-26.408,-21.261,-20.831,-10.492,-7.3553,0.2557,1.0807,-8.236,-6.6137,-16.104,-12.6,-0.8197,-2.7707,2.8802,-2.0922
-14.527,-26.408,-21.261,-20.831,-10.492,-7.3553,0.2557,1.0807,-8.236,-6.6137,-16.104,-12.6,-0.8197,-2.7707,2.8802,-2.0922
-14.511,-26.43,-21.249,-20.848,-10.504,-7.3378,0.2557,1.0807,-8.3044,-6.6148,-16.091,-12.618,-0.8293,-2.8311,2.8298,-2.0744
-14.511,-26.43,-21.249,-20.848,-10.504,-7.3378,0.2557,1.0807,-8.3044,-6.6148,-16.091,-12.618,-0.8293,-2.8311,2.8298,-2.0744
-14.415,-26.447,-21.267,-20.835,-10.541,-7.285,0.2475,1.0926,-8.3497,-6.624,-16.07,-12.633,-0.868,-2.8492,2.7861,-2.0661
-14.415,-26.447,-21.267,-20.835,-10.541,-7.285,0.2475,1.0926,-8.3497,-6.624,-16.07,-12.633,-0.868,-2.8492,2.7861,-2.0661
-14.362,-26.483,-21.285,-20.835,-10.578,-7.2585,0.2557,1.0807,-8.3721,-6.6412,-16.064,-12.642,-0.9019,-2.8372,2.7424,-2.0578
-14.362,-26.483,-21.285,-20.835,-10.578,-7.2585,0.2557,1.0807,-8.3721,-6.6412,-16.064,-12.642,-0.9019,-2.8372,2.7424,-2.0578
-14.362,-26.483,-21.285,-20.835,-10.578,-7.2585,0.2557,1.0807,-8.3721,-6.6412,-16.064,-12.642,-0.9019,-2.8372,2.7424,-2.0578
-14.362,-26.483,-21.322,-20.834,-10.591,-7.2673,0.2822,1.0624,-8.3718,-6.6664,-16.107,-12.613,-0.9067,-2.8672,2.6787,-2.0567
-14.408,-26.416,-21.34,-20.834,-10.566,-7.2762,0.2904,1.0506,-8.3715,-6.6916,-16.158,-12.588,-0.8922,-2.8882,2.665,-2.0733
-14.49,-26.421,-21.384,-20.849,-10.641,-7.2761,0.2439,1.058,-8.4054,-6.6921,-16.205,-12.585,-0.8776,-2.9091,2.6479,-2.1027
-14.49,-26.421,-21.384,-20.849,-10.641,-7.2761,0.2439,1.058,-8.4054,-6.6921,-16.205,-12.585,-0.8776,-2.9091,2.6479,-2.1027
-14.49,-26.421,-21.384,-20.849,-10.641,-7.2761,0.2439,1.058,-8.4054,-6.6921,-16.205,-12.585,-0.8776,-2.9091,2.6479,-2.1027
-14.629,-26.422,-21.41,-20.877,-10.716,-7.3025,0.1612,1.0783,-8.4389,-6.7177,-16.269,-12.591,-0.8342,-2.9717,2.5976,-2.1204
-14.629,-26.422,-21.41,-20.877,-10.716,-7.3025,0.1612,1.0783,-8.4389,-6.7177,-16.269,-12.591,-0.8342,-2.9717,2.5976,-2.1204
-14.752,-26.444,-21.412,-20.913,-10.791,-7.3287,0.0772,1.0812,-8.4726,-6.7183,-16.303,-12.606,-0.8536,-2.9806,2.5675,-2.131
-14.752,-26.444,-21.412,-20.913,-10.791,-7.3287,0.0772,1.0812,-8.4726,-6.7183,-16.303,-12.606,-0.8536,-2.9806,2.5675,-2.131
-14.752,-26.444,-21.412,-20.913,-10.791,-7.3287,0.0772,1.0812,-8.4726,-6.7183,-16.303,-12.606,-0.8536,-2.9806,2.5675,-2.131
-14.832,-26.449,-21.425,-20.933,-10.829,-7.3287,0.0214,1.0831,-8.4837,-6.7268,-16.335,-12.609,-0.8825,-2.9389,2.531,-2.1323
-14.832,-26.449,-21.425,-20.933,-10.829,-7.3287,0.0214,1.0831,-8.4837,-6.7268,-16.335,-12.609,-0.8825,-2.9389,2.531,-2.1323
-14.832,-26.449,-21.425,-20.933,-10.829,-7.3287,0.0214,1.0831,-8.4837,-6.7268,-16.335,-12.609,-0.8825,-2.9389,2.531,-2.1323
-14.817,-26.471,-21.496,-20.907,-10.841,-7.3375,0.0197,1.0659,-8.4611,-6.7348,-16.377,-12.629,-1.0562,-2.7986,2.4746,-2.1406
-14.817,-26.471,-21.496,-20.907,-10.841,-7.3375,0.0197,1.0659,-8.4611,-6.7348,-16.377,-12.629,-1.0562,-2.7986,2.4746,-2.1406
-14.795,-26.462,-21.537,-20.887,-10.829,-7.3287,0.0377,1.0596,-8.4386,-6.7427,-16.4,-12.627,-1.1234,-2.7748,2.4647,-2.1441
-14.795,-26.462,-21.537,-20.887,-10.829,-7.3287,0.0377,1.0596,-8.4386,-6.7427,-16.4,-12.627,-1.1234,-2.7748,2.4647,-2.1441
-14.795,-26.462,-21.585,-20.87,-10.779,-7.3461,0.0279,1.0542,-8.4951,-6.7103,-16.417,-12.635,-1.1469,-2.814,2.4677,-2.1663
-14.795,-26.462,-21.585,-20.87,-10.779,-7.3461,0.0279,1.0542,-8.4951,-6.7103,-16.417,-12.635,-1.1469,-2.814,2.4677,-2.1663
-14.795,-26.462,-21.585,-20.87,-10.779,-7.3461,0.0279,1.0542,-8.4951,-6.7103,-16.417,-12.635,-1.1469,-2.814,2.4677,-2.1663
-14.759,-26.475,-21.632,-20.866,-10.705,-7.3723,0.0099,1.0605,-8.5741,-6.67,-16.448,-12.638,-1.1848,-2.8321,2.4642,-2.1791
-14.722,-26.488,-21.651,-20.877,-10.693,-7.3636,-0.0081,1.0669,-8.6075,-6.6706,-16.48,-12.64,-1.2081,-2.871,2.4086,-2.1524
-14.722,-26.488,-21.651,-20.877,-10.693,-7.3636,-0.0081,1.0669,-8.6075,-6.6706,-16.48,-12.64,-1.2081,-2.871,2.4086,-2.1524
-14.722,-26.488,-21.651,-20.877,-10.693,-7.3636,-0.0081,1.0669,-8.6075,-6.6706,-16.48,-12.64,-1.2081,-2.871,2.4086,-2.1524
-14.722,-26.488,-21.676,-20.893,-10.705,-7.3462,-0.0277,1.0561,-8.6961,-6.689,-16.501,-12.674,-1.3022,-2.916,2.33,-2.1457
-14.722,-26.488,-21.676,-20.893,-10.705,-7.3462,-0.0277,1.0561,-8.6961,-6.689,-16.501,-12.674,-1.3022,-2.916,2.33,-2.1457
-14.722,-26.488,-21.676,-20.893,-10.705,-7.3462,-0.0277,1.0561,-8.6961,-6.689,-16.501,-12.674,-1.3022,-2.916,2.33,-2.1457
-14.722,-26.488,-21.676,-20.893,-10.705,-7.3462,-0.0277,1.0561,-8.6961,-6.689,-16.501,-12.674,-1.3022,-2.916,2.33,-2.1457
-14.56,-26.562,-21.73,-20.916,-10.816,-7.2938,-0.075,1.0462,-8.7393,-6.7479,-16.536,-12.703,-1.3814,-2.9812,2.2126,-2.1532
-14.56,-26.562,-21.73,-20.916,-10.816,-7.2938,-0.075,1.0462,-8.7393,-6.7479,-16.536,-12.703,-1.3814,-2.9812,2.2126,-2.1532
-14.575,-26.54,-21.754,-20.919,-10.89,-7.2677,-0.0587,1.0228,-8.7837,-6.7322,-16.572,-12.684,-1.4142,-2.9696,2.1769,-2.1546
-14.657,-26.461,-21.778,-20.923,-10.877,-7.2852,-0.0506,1.0111,-8.8058,-6.7244,-16.615,-12.668,-1.447,-2.958,2.1477,-2.1652
-14.657,-26.461,-21.778,-20.923,-10.877,-7.2852,-0.0506,1.0111,-8.8058,-6.7244,-16.615,-12.668,-1.447,-2.958,2.1477,-2.1652
-14.752,-26.444,-21.814,-20.934,-10.903,-7.3288,-0.0961,1.0183,-8.8393,-6.7003,-16.651,-12.649,-1.3814,-2.9812,2.1283,-2.1723
-14.752,-26.444,-21.814,-20.934,-10.903,-7.3288,-0.0961,1.0183,-8.8393,-6.7003,-16.651,-12.649,-1.3814,-2.9812,2.1283,-2.1723
-14.868,-26.436,-21.815,-20.946,-10.928,-7.3723,-0.1578,1.0489,-8.8614,-6.6924,-16.674,-12.648,-1.3156,-3.0044,2.1186,-2.1758
-14.868,-26.436,-21.815,-20.946,-10.928,-7.3723,-0.1578,1.0489,-8.8614,-6.6924,-16.674,-12.648,-1.3156,-3.0044,2.1186,-2.1758
-14.911,-26.454,-21.78,-20.959,-10.916,-7.4155,-0.1918,1.0786,-8.8501,-6.7088,-16.667,-12.657,-1.2638,-3.0072,2.1219,-2.163
-14.911,-26.454,-21.78,-20.959,-10.916,-7.4155,-0.1918,1.0786,-8.8501,-6.7088,-16.667,-12.657,-1.2638,-3.0072,2.1219,-2.163
-14.911,-26.454,-21.78,-20.959,-10.916,-7.4155,-0.1918,1.0786,-8.8501,-6.7088,-16.667,-12.657,-1.2638,-3.0072,2.1219,-2.163
-14.875,-26.467,-21.72,-20.944,-10.892,-7.3982,-0.1724,1.0895,-8.7728,-6.7237,-16.628,-12.65,-1.1885,-2.9717,2.1867,-2.151
-14.832,-26.449,-21.646,-20.897,-10.83,-7.3809,-0.1075,1.0931,-8.6177,-6.7291,-16.547,-12.624,-1.1034,-2.8766,2.3008,-2.1214
-14.752,-26.444,-21.56,-20.855,-10.731,-7.3896,-0.0146,1.0959,-8.4726,-6.7183,-16.434,-12.595,-0.955,-2.8343,2.4686,-2.0961
-14.752,-26.444,-21.56,-20.855,-10.731,-7.3896,-0.0146,1.0959,-8.4726,-6.7183,-16.434,-12.595,-0.955,-2.8343,2.4686,-2.0961
-14.752,-26.444,-21.56,-20.855,-10.731,-7.3896,-0.0146,1.0959,-8.4726,-6.7183,-16.434,-12.595,-0.955,-2.8343,2.4686,-2.0961
-14.672,-26.439,-21.467,-20.82,-10.618,-7.3899,0.0871,1.0867,-8.3606,-6.6579,-16.297,-12.567,-0.7514,-2.7949,2.6983,-2.085
-14.672,-26.439,-21.467,-20.82,-10.618,-7.3899,0.0871,1.0867,-8.3606,-6.6579,-16.297,-12.567,-0.7514,-2.7949,2.6983,-2.085
-14.607,-26.413,-21.369,-20.805,-10.48,-7.3991,0.163,1.0956,-8.2818,-6.5975,-16.175,-12.547,-0.5844,-2.7737,2.8604,-2.0637
-14.607,-26.413,-21.369,-20.805,-10.48,-7.3991,0.163,1.0956,-8.2818,-6.5975,-16.175,-12.547,-0.5844,-2.7737,2.8604,-2.0637
-14.607,-26.413,-21.369,-20.805,-10.48,-7.3991,0.163,1.0956,-8.2818,-6.5975,-16.175,-12.547,-0.5844,-2.7737,2.8604,-2.0637
-14.607,-26.413,-21.29,-20.803,-10.418,-7.4081,0.201,1.1,-8.2366,-6.5628,-16.085,-12.53,-0.4903,-2.7586,2.9764,-2.0472
-14.607,-26.413,-21.29,-20.803,-10.418,-7.4081,0.201,1.1,-8.2366,-6.5628,-16.085,-12.53,-0.4903,-2.7586,2.9764,-2.0472
-14.607,-26.413,-21.29,-20.803,-10.418,-7.4081,0.201,1.1,-8.2366,-6.5628,-16.085,-12.53,-0.4903,-2.7586,2.9764,-2.0472
-14.564,-26.395,-21.179,-20.805,-10.415,-7.3293,0.251,1.1272,-8.2479,-6.5715,-15.923,-12.566,-0.4806,-2.8104,2.9845,-1.9852
-14.564,-26.395,-21.179,-20.805,-10.415,-7.3293,0.251,1.1272,-8.2479,-6.5715,-15.923,-12.566,-0.4806,-2.8104,2.9845,-1.9852
-14.43,-26.425,-21.142,-20.805,-10.464,-7.2587,0.2893,1.1317,-8.2247,-6.6051,-15.853,-12.584,-0.4806,-2.8104,2.9779,-1.9756
-14.43,-26.425,-21.142,-20.805,-10.464,-7.2587,0.2893,1.1317,-8.2247,-6.6051,-15.853,-12.584,-0.4806,-2.8104,2.9779,-1.9756
-14.355,-26.452,-21.136,-20.801,-10.502,-7.2321,0.3159,1.1133,-8.2131,-6.6218,-15.829,-12.585,-0.5152,-2.7981,2.9948,-1.9816
-14.303,-26.487,-21.142,-20.805,-10.54,-7.2321,0.3526,1.1003,-8.1901,-6.6299,-15.849,-12.557,-0.5152,-2.7981,3.0015,-1.9912
-14.303,-26.487,-21.142,-20.805,-10.54,-7.2321,0.3526,1.1003,-8.1901,-6.6299,-15.849,-12.557,-0.5152,-2.7981,3.0015,-1.9912
-14.303,-26.487,-21.142,-20.805,-10.54,-7.2321,0.3526,1.1003,-8.1901,-6.6299,-15.849,-12.557,-0.5152,-2.7981,3.0015,-1.9912
-14.349,-26.421,-21.16,-20.793,-10.54,-7.2321,0.426,1.0744,-8.1785,-6.6467,-15.899,-12.518,-0.5499,-2.7859,3.0148,-2.0103
-14.349,-26.421,-21.16,-20.793,-10.54,-7.2321,0.426,1.0744,-8.1785,-6.6467,-15.899,-12.518,-0.5499,-2.7859,3.0148,-2.0103
-14.38,-26.376,-21.178,-20.792,-10.552,-7.2409,0.426,1.0744,-8.1785,-6.6467,-15.944,-12.502,-0.5499,-2.7859,3.0007,-2.027
-14.38,-26.376,-21.178,-20.792,-10.552,-7.2409,0.426,1.0744,-8.1785,-6.6467,-15.944,-12.502,-0.5499,-2.7859,3.0007,-2.027
-14.439,-26.372,-21.186,-20.808,-10.566,-7.2762,0.381,1.0993,-8.2015,-6.6386,-15.977,-12.505,-0.4658,-2.8317,2.9904,-2.0306
-14.439,-26.372,-21.186,-20.808,-10.566,-7.2762,0.381,1.0993,-8.2015,-6.6386,-15.977,-12.505,-0.4658,-2.8317,2.9904,-2.0306
-14.52,-26.377,-21.175,-20.837,-10.579,-7.3113,0.3159,1.1133,-8.2131,-6.6218,-15.979,-12.518,-0.3963,-2.8562,2.9735,-2.0246
-14.52,-26.377,-21.175,-20.837,-10.579,-7.3113,0.3159,1.1133,-8.2131,-6.6218,-15.979,-12.518,-0.3963,-2.8562,2.9735,-2.0246
-14.505,-26.399,-21.163,-20.841,-10.542,-7.3377,0.2875,1.1143,-8.2131,-6.6218,-15.975,-12.541,-0.4111,-2.8349,2.9462,-2.0222
-14.505,-26.399,-21.163,-20.841,-10.542,-7.3377,0.2875,1.1143,-8.2131,-6.6218,-15.975,-12.541,-0.4111,-2.8349,2.9462,-2.0222
-14.468,-26.412,-21.168,-20.821,-10.554,-7.3201,0.2793,1.1262,-8.1557,-6.6294,-15.96,-12.546,-0.4555,-2.7709,2.9565,-2.0186
-14.468,-26.412,-21.168,-20.821,-10.554,-7.3201,0.2793,1.1262,-8.1557,-6.6294,-15.96,-12.546,-0.4555,-2.7709,2.9565,-2.0186
-14.446,-26.403,-21.167,-20.809,-10.516,-7.3202,0.2793,1.1262,-8.0982,-6.6371,-15.96,-12.546,-0.4903,-2.7586,2.9735,-2.0246
-14.446,-26.403,-21.167,-20.809,-10.516,-7.3202,0.2793,1.1262,-8.0982,-6.6371,-15.96,-12.546,-0.4903,-2.7586,2.9735,-2.0246
-14.424,-26.394,-21.161,-20.805,-10.453,-7.3292,0.2893,1.1317,-8.0984,-6.6117,-15.944,-12.551,-0.525,-2.7463,3.0073,-2.0366
-14.424,-26.394,-21.161,-20.805,-10.453,-7.3292,0.2893,1.1317,-8.0984,-6.6117,-15.944,-12.551,-0.525,-2.7463,3.0073,-2.0366
-14.446,-26.403,-21.149,-20.809,-10.403,-7.3469,0.2893,1.1317,-8.1217,-6.578,-15.944,-12.551,-0.5448,-2.7555,3.0073,-2.0366
-14.446,-26.403,-21.149,-20.809,-10.403,-7.3469,0.2893,1.1317,-8.1217,-6.578,-15.944,-12.551,-0.5448,-2.7555,3.0073,-2.0366
-14.468,-26.412,-21.156,-20.825,-10.453,-7.3292,0.2692,1.1208,-8.1676,-6.5872,-15.925,-12.579,-0.5549,-2.8162,2.9735,-2.0246
-14.468,-26.412,-21.156,-20.825,-10.453,-7.3292,0.2692,1.1208,-8.1676,-6.5872,-15.925,-12.579,-0.5549,-2.8162,2.9735,-2.0246
-14.408,-26.416,-21.156,-20.825,-10.465,-7.2852,0.261,1.1327,-8.2017,-6.6132,-15.906,-12.607,-0.6142,-2.8434,2.919,-2.0198
-14.408,-26.416,-21.156,-20.825,-10.465,-7.2852,0.261,1.1327,-8.2017,-6.6132,-15.906,-12.607,-0.6142,-2.8434,2.919,-2.0198
-14.355,-26.452,-21.174,-20.825,-10.49,-7.2763,0.2875,1.1143,-8.2131,-6.6218,-15.899,-12.617,-0.6682,-2.8402,2.8985,-2.0269
-14.355,-26.452,-21.174,-20.825,-10.49,-7.2763,0.2875,1.1143,-8.2131,-6.6218,-15.899,-12.617,-0.6682,-2.8402,2.8985,-2.0269
-14.408,-26.416,-21.199,-20.828,-10.515,-7.2674,0.2958,1.1024,-8.2128,-6.6472,-15.936,-12.597,-0.6878,-2.8493,2.8677,-2.0376
-14.408,-26.416,-21.199,-20.828,-10.515,-7.2674,0.2958,1.1024,-8.2128,-6.6472,-15.936,-12.597,-0.6878,-2.8493,2.8677,-2.0376
-14.476,-26.359,-21.236,-20.828,-10.503,-7.2851,0.2857,1.097,-8.2357,-6.6391,-15.966,-12.586,-0.6878,-2.8493,2.8539,-2.0542
-14.476,-26.359,-21.236,-20.828,-10.503,-7.2851,0.2857,1.097,-8.2357,-6.6391,-15.966,-12.586,-0.6878,-2.8493,2.8539,-2.0542
-14.476,-26.359,-21.236,-20.828,-10.503,-7.2851,0.2857,1.097,-8.2357,-6.6391,-15.966,-12.586,-0.6878,-2.8493,2.8539,-2.0542
-14.505,-26.399,-21.261,-20.843,-10.541,-7.3114,0.2392,1.1045,-8.2355,-6.6643,-16.014,-12.583,-0.6243,-2.9036,2.8064,-2.059
-14.549,-26.417,-21.28,-20.855,-10.579,-7.3113,0.211,1.1055,-8.2925,-6.6568,-16.046,-12.586,-0.6097,-2.9246,2.7759,-2.0696
-14.592,-26.435,-21.311,-20.863,-10.617,-7.3375,0.1729,1.101,-8.2925,-6.6568,-16.085,-12.579,-0.6586,-2.8914,2.7323,-2.0614
-14.592,-26.435,-21.311,-20.863,-10.617,-7.3375,0.1729,1.101,-8.2925,-6.6568,-16.085,-12.579,-0.6586,-2.8914,2.7323,-2.0614
-14.629,-26.422,-21.335,-20.854,-10.617,-7.3375,0.1811,1.0892,-8.2466,-6.6981,-16.126,-12.585,-0.7416,-2.8462,2.712,-2.0685
-14.629,-26.422,-21.335,-20.854,-10.617,-7.3375,0.1811,1.0892,-8.2466,-6.6981,-16.126,-12.585,-0.7416,-2.8462,2.712,-2.0685
-14.629,-26.422,-21.335,-20.854,-10.617,-7.3375,0.1811,1.0892,-8.2466,-6.6981,-16.126,-12.585,-0.7416,-2.8462,2.712,-2.0685
-14.614,-26.444,-21.384,-20.849,-10.63,-7.3462,0.1612,1.0783,-8.2466,-6.6981,-16.149,-12.584,-0.7611,-2.8552,2.715,-2.0909
-14.614,-26.444,-21.384,-20.849,-10.63,-7.3462,0.1612,1.0783,-8.2466,-6.6981,-16.149,-12.584,-0.7611,-2.8552,2.715,-2.0909
-14.614,-26.444,-21.409,-20.853,-10.58,-7.3638,0.1431,1.0847,-8.281,-6.6734,-16.181,-12.587,-0.7952,-2.8432,2.7114,-2.1039
-14.614,-26.444,-21.409,-20.853,-10.58,-7.3638,0.1431,1.0847,-8.281,-6.6734,-16.181,-12.587,-0.7952,-2.8432,2.7114,-2.1039
-14.636,-26.453,-21.439,-20.86,-10.605,-7.355,0.1233,1.0739,-8.3378,-6.6659,-16.216,-12.602,-0.8535,-2.8702,2.6514,-2.0898
-14.636,-26.453,-21.439,-20.86,-10.605,-7.355,0.1233,1.0739,-8.3378,-6.6659,-16.216,-12.602,-0.8535,-2.8702,2.6514,-2.0898
-14.636,-26.453,-21.458,-20.872,-10.642,-7.3287,0.0952,1.0749,-8.3942,-6.6836,-16.214,-12.638,-0.9452,-2.8852,2.5881,-2.0887
-14.636,-26.453,-21.458,-20.872,-10.642,-7.3287,0.0952,1.0749,-8.3942,-6.6836,-16.214,-12.638,-0.9452,-2.8852,2.5881,-2.0887
-14.584,-26.488,-21.489,-20.88,-10.667,-7.32,0.0673,1.0758,-8.4277,-6.7092,-16.239,-12.65,-0.9692,-2.924,2.5415,-2.0935
-14.584,-26.488,-21.489,-20.88,-10.667,-7.32,0.0673,1.0758,-8.4277,-6.7092,-16.239,-12.65,-0.9692,-2.924,2.5415,-2.0935
-14.525,-26.492,-21.507,-20.879,-10.692,-7.3112,0.0854,1.0694,-8.4277,-6.7092,-16.275,-12.63,-1.0028,-2.9121,2.4985,-2.0854
-14.525,-26.492,-21.507,-20.879,-10.692,-7.3112,0.0854,1.0694,-8.4277,-6.7092,-16.275,-12.63,-1.0028,-2.9121,2.4985,-2.0854
-14.577,-26.457,-21.543,-20.879,-10.729,-7.3112,0.1017,1.0459,-8.4503,-6.7012,-16.311,-12.61,-1.07,-2.8884,2.4786,-2.0925
-14.577,-26.457,-21.543,-20.879,-10.729,-7.3112,0.1017,1.0459,-8.4503,-6.7012,-16.311,-12.61,-1.07,-2.8884,2.4786,-2.0925
-14.577,-26.457,-21.543,-20.879,-10.729,-7.3112,0.1017,1.0459,-8.4503,-6.7012,-16.311,-12.61,-1.07,-2.8884,2.4786,-2.0925
-14.629,-26.422,-21.579,-20.878,-10.742,-7.3199,0.0837,1.0522,-8.4955,-6.6853,-16.335,-12.609,-1.07,-2.8884,2.4651,-2.109
-14.688,-26.418,-21.586,-20.894,-10.767,-7.3374,0.0279,1.0542,-8.518,-6.6773,-16.358,-12.608,-0.9884,-2.933,2.4617,-2.1219
-14.688,-26.418,-21.586,-20.894,-10.767,-7.3374,0.0279,1.0542,-8.518,-6.6773,-16.358,-12.608,-0.9884,-2.933,2.4617,-2.1219
-14.768,-26.422,-21.599,-20.914,-10.804,-7.3374,-0.0179,1.0615,-8.5516,-6.6779,-16.368,-12.625,-1.0076,-2.9419,2.4254,-2.1232
-14.768,-26.422,-21.599,-20.914,-10.804,-7.3374,-0.0179,1.0615,-8.5516,-6.6779,-16.368,-12.625,-1.0076,-2.9419,2.4254,-2.1232
-14.789,-26.431,-21.64,-20.905,-10.792,-7.3548,-0.0554,1.057,-8.5626,-6.6865,-16.408,-12.631,-1.0555,-2.9092,2.3793,-2.128
-14.789,-26.431,-21.64,-20.905,-10.792,-7.3548,-0.0554,1.057,-8.5626,-6.6865,-16.408,-12.631,-1.0555,-2.9092,2.3793,-2.128
-14.774,-26.453,-21.669,-20.889,-10.804,-7.3374,-0.0652,1.0516,-8.5173,-6.7274,-16.44,-12.634,-1.108,-2.9064,2.327,-2.1236
-14.774,-26.453,-21.669,-20.889,-10.804,-7.3374,-0.0652,1.0516,-8.5173,-6.7274,-16.44,-12.634,-1.108,-2.9064,2.327,-2.1236
-14.774,-26.453,-21.669,-20.889,-10.804,-7.3374,-0.0652,1.0516,-8.5173,-6.7274,-16.44,-12.634,-1.108,-2.9064,2.327,-2.1236
-14.795,-26.462,-21.711,-20.88,-10.817,-7.3461,-0.0847,1.0408,-8.4945,-6.7602,-16.471,-12.636,-1.1937,-2.8918,2.3137,-2.1399
-14.795,-26.462,-21.747,-20.88,-10.793,-7.3809,-0.1042,1.03,-8.5284,-6.7359,-16.494,-12.635,-1.2126,-2.9008,2.3266,-2.1585
-14.795,-26.462,-21.747,-20.88,-10.793,-7.3809,-0.1042,1.03,-8.5284,-6.7359,-16.494,-12.635,-1.2126,-2.9008,2.3266,-2.1585
-14.817,-26.471,-21.77,-20.884,-10.768,-7.3896,-0.114,1.0246,-8.6067,-6.7206,-16.543,-12.646,-1.236,-2.9394,2.2971,-2.1691
-14.817,-26.471,-21.77,-20.884,-10.768,-7.3896,-0.114,1.0246,-8.6067,-6.7206,-16.543,-12.646,-1.236,-2.9394,2.2971,-2.1691
-14.817,-26.471,-21.765,-20.892,-10.767,-7.3635,-0.1221,1.0363,-8.707,-6.6975,-16.561,-12.667,-1.2736,-2.9572,2.2548,-2.1611
-14.817,-26.471,-21.765,-20.892,-10.767,-7.3635,-0.1221,1.0363,-8.707,-6.6975,-16.561,-12.667,-1.2736,-2.9572,2.2548,-2.1611
-14.817,-26.471,-21.765,-20.892,-10.767,-7.3635,-0.1221,1.0363,-8.707,-6.6975,-16.561,-12.667,-1.2736,-2.9572,2.2548,-2.1611
-14.707,-26.51,-21.723,-20.888,-10.767,-7.3374,-0.0766,1.0291,-8.7179,-6.7061,-16.532,-12.677,-1.2879,-2.9366,2.2517,-2.1391
-14.707,-26.51,-21.723,-20.888,-10.767,-7.3374,-0.0766,1.0291,-8.7179,-6.7061,-16.532,-12.677,-1.2879,-2.9366,2.2517,-2.1391
-14.707,-26.51,-21.723,-20.888,-10.767,-7.3374,-0.0766,1.0291,-8.7179,-6.7061,-16.532,-12.677,-1.2879,-2.9366,2.2517,-2.1391
-14.577,-26.457,-21.547,-20.847,-10.629,-7.2937,0.0854,1.0694,-8.5516,-6.6779,-16.375,-12.616,-1.0173,-2.8913,2.4985,-2.0854
-14.577,-26.457,-21.547,-20.847,-10.629,-7.2937,0.0854,1.0694,-8.5516,-6.6779,-16.375,-12.616,-1.0173,-2.8913,2.4985,-2.0854
-14.592,-26.435,-21.438,-20.836,-10.604,-7.3025,0.1168,1.103,-8.4172,-6.6504,-16.252,-12.583,-0.7465,-2.8763,2.6555,-2.0414
-14.592,-26.435,-21.438,-20.836,-10.604,-7.3025,0.1168,1.103,-8.4172,-6.6504,-16.252,-12.583,-0.7465,-2.8763,2.6555,-2.0414
-14.533,-26.439,-21.297,-20.831,-10.541,-7.3114,0.1664,1.1302,-8.2928,-6.6315,-16.128,-12.55,-0.5255,-2.8587,2.8041,-2.0007
-14.533,-26.439,-21.297,-20.831,-10.541,-7.3114,0.1664,1.1302,-8.2928,-6.6315,-16.128,-12.55,-0.5255,-2.8587,2.8041,-2.0007
-14.49,-26.421,-21.192,-20.812,-10.516,-7.2938,0.2245,1.1456,-8.1673,-6.6127,-15.99,-12.535,-0.3658,-2.7864,2.927,-1.9576
-14.49,-26.421,-21.192,-20.812,-10.516,-7.2938,0.2245,1.1456,-8.1673,-6.6127,-15.99,-12.535,-0.3658,-2.7864,2.927,-1.9576
-14.483,-26.39,-21.116,-20.789,-10.44,-7.3204,0.281,1.1436,-8.0406,-6.6194,-15.883,-12.524,-0.2852,-2.7501,3.0503,-1.9504
-14.483,-26.39,-21.116,-20.789,-10.44,-7.3204,0.281,1.1436,-8.0406,-6.6194,-15.883,-12.524,-0.2852,-2.7501,3.0503,-1.9504
-14.439,-26.372,-21.059,-20.766,-10.364,-7.3207,0.3479,1.1471,-7.9597,-6.5843,-15.785,-12.516,-0.2395,-2.701,3.1814,-1.953
-14.439,-26.372,-21.059,-20.766,-10.364,-7.3207,0.3479,1.1471,-7.9597,-6.5843,-15.785,-12.516,-0.2395,-2.701,3.1814,-1.953
-14.38,-26.376,-21.009,-20.759,-10.275,-7.3388,0.3663,1.1406,-7.9249,-6.5583,-15.728,-12.515,-0.2192,-2.6919,3.2405,-1.9447
-14.38,-26.376,-21.009,-20.759,-10.275,-7.3388,0.3663,1.1406,-7.9249,-6.5583,-15.728,-12.515,-0.2192,-2.6919,3.2405,-1.9447
-14.304,-26.403,-20.984,-20.755,-10.249,-7.3213,0.3948,1.1395,-7.9483,-6.55,-15.681,-12.531,-0.2448,-2.7318,3.2271,-1.9253
-14.304,-26.403,-20.984,-20.755,-10.249,-7.3213,0.3948,1.1395,-7.9483,-6.55,-15.681,-12.531,-0.2448,-2.7318,3.2271,-1.9253
-14.304,-26.403,-20.984,-20.755,-10.249,-7.3213,0.3948,1.1395,-7.9483,-6.55,-15.681,-12.531,-0.2448,-2.7318,3.2271,-1.9253
-14.229,-26.429,-20.977,-20.751,-10.299,-7.2769,0.4132,1.133,-7.9599,-6.5587,-15.651,-12.542,-0.2501,-2.7625,3.2166,-1.9289
-14.229,-26.429,-20.977,-20.751,-10.299,-7.2769,0.4132,1.133,-7.9599,-6.5587,-15.651,-12.542,-0.2501,-2.7625,3.2166,-1.9289
-14.238,-26.376,-20.989,-20.747,-10.261,-7.277,0.4501,1.12,-7.9597,-6.5843,-15.666,-12.537,-0.2905,-2.7806,3.2023,-1.9458
-14.275,-26.363,-20.997,-20.763,-10.299,-7.2769,0.4501,1.12,-7.9597,-6.5843,-15.673,-12.527,-0.2554,-2.793,3.1985,-1.9591
-14.275,-26.363,-20.997,-20.763,-10.299,-7.2769,0.4501,1.12,-7.9597,-6.5843,-15.673,-12.527,-0.2554,-2.793,3.1985,-1.9591
-14.335,-26.358,-20.992,-20.784,-10.338,-7.2767,0.4132,1.133,-7.9713,-6.593,-15.703,-12.516,-0.2405,-2.8145,3.1671,-1.9698
-14.335,-26.358,-20.992,-20.784,-10.338,-7.2767,0.4132,1.133,-7.9713,-6.593,-15.703,-12.516,-0.2405,-2.8145,3.1671,-1.9698
-14.357,-26.367,-20.998,-20.788,-10.376,-7.2766,0.4031,1.1276,-7.9829,-6.6017,-15.721,-12.524,-0.2756,-2.8021,3.1633,-1.983
-14.357,-26.367,-20.998,-20.788,-10.376,-7.2766,0.4031,1.1276,-7.9829,-6.6017,-15.721,-12.524,-0.2756,-2.8021,3.1633,-1.983
-14.357,-26.367,-21.01,-20.771,-10.351,-7.2855,0.4132,1.133,-7.913,-6.6263,-15.721,-12.524,-0.2703,-2.7716,3.1633,-1.983
-14.357,-26.367,-21.01,-20.771,-10.351,-7.2855,0.4132,1.133,-7.913,-6.6263,-15.721,-12.524,-0.2703,-2.7716,3.1633,-1.983
-14.357,-26.367,-21.01,-20.771,-10.351,-7.2855,0.4132,1.133,-7.913,-6.6263,-15.721,-12.524,-0.2703,-2.7716,3.1633,-1.983
-14.342,-26.39,-21.01,-20.771,-10.338,-7.3032,0.3948,1.1395,-7.8663,-6.6173,-15.721,-12.524,-0.2501,-2.7625,3.1977,-1.9952
-14.342,-26.39,-21.015,-20.763,-10.3,-7.3034,0.4049,1.145,-7.8782,-6.5748,-15.706,-12.53,-0.2501,-2.7625,3.2253,-1.9977
-14.342,-26.39,-21.015,-20.763,-10.3,-7.3034,0.4049,1.145,-7.8782,-6.5748,-15.706,-12.53,-0.2501,-2.7625,3.2253,-1.9977
-14.289,-26.425,-20.997,-20.775,-10.312,-7.2857,0.3865,1.1515,-7.9133,-6.5495,-15.699,-12.539,-0.2554,-2.793,3.2186,-1.988
-14.289,-26.425,-20.997,-20.775,-10.312,-7.2857,0.3865,1.1515,-7.9133,-6.5495,-15.699,-12.539,-0.2554,-2.793,3.2186,-1.988
-14.198,-26.474,-20.992,-20.784,-10.325,-7.2679,0.3764,1.146,-7.9016,-6.5665,-15.655,-12.569,-0.3107,-2.7897,3.1947,-1.9723
-14.198,-26.474,-20.992,-20.784,-10.325,-7.2679,0.3764,1.146,-7.9016,-6.5665,-15.655,-12.569,-0.3107,-2.7897,3.1947,-1.9723
-14.16,-26.487,-20.986,-20.792,-10.35,-7.259,0.4031,1.1276,-7.9132,-6.5752,-15.638,-12.561,-0.2958,-2.8111,3.1776,-1.9662
-14.16,-26.487,-20.986,-20.792,-10.35,-7.259,0.4031,1.1276,-7.9132,-6.5752,-15.638,-12.561,-0.2958,-2.8111,3.1776,-1.9662
-14.191,-26.443,-20.992,-20.796,-10.375,-7.25,0.4482,1.1026,-7.9249,-6.5583,-15.657,-12.533,-0.2608,-2.8235,3.1776,-1.9662
-14.191,-26.443,-20.992,-20.796,-10.375,-7.25,0.4482,1.1026,-7.9249,-6.5583,-15.657,-12.533,-0.2608,-2.8235,3.1776,-1.9662
-14.238,-26.376,-20.992,-20.796,-10.363,-7.2678,0.4584,1.108,-7.9367,-6.5413,-15.664,-12.523,-0.2756,-2.8021,3.1671,-1.9698
-14.238,-26.376,-20.992,-20.796,-10.363,-7.2678,0.4584,1.108,-7.9367,-6.5413,-15.664,-12.523,-0.2756,-2.8021,3.1671,-1.9698
-14.238,-26.376,-20.992,-20.796,-10.363,-7.2678,0.4584,1.108,-7.9367,-6.5413,-15.664,-12.523,-0.2756,-2.8021,3.1671,-1.9698
-14.335,-26.358,-20.994,-20.82,-10.402,-7.2942,0.4298,1.1091,-7.9483,-6.55,-15.688,-12.522,-0.1905,-2.8484,3.1529,-1.9866
-14.335,-26.358,-20.994,-20.82,-10.402,-7.2942,0.4298,1.1091,-7.9483,-6.55,-15.688,-12.522,-0.1905,-2.8484,3.1529,-1.9866
-14.335,-26.358,-20.994,-20.82,-10.402,-7.2942,0.4298,1.1091,-7.9483,-6.55,-15.688,-12.522,-0.1905,-2.8484,3.1529,-1.9866
-14.424,-26.394,-21.044,-20.815,-10.441,-7.3468,0.3259,1.1187,-7.9597,-6.5843,-15.717,-12.547,-0.2351,-2.784,3.1111,-2.0009
-14.424,-26.394,-21.044,-20.815,-10.441,-7.3468,0.3259,1.1187,-7.9597,-6.5843,-15.717,-12.547,-0.2351,-2.784,3.1111,-2.0009
-14.446,-26.403,-21.068,-20.807,-10.466,-7.3379,0.3058,1.1079,-7.9363,-6.6181,-15.75,-12.55,-0.3054,-2.7592,3.0733,-2.002
-14.446,-26.403,-21.068,-20.807,-10.466,-7.3379,0.3058,1.1079,-7.9363,-6.6181,-15.75,-12.55,-0.3054,-2.7592,3.0733,-2.002
-14.468,-26.412,-21.105,-20.806,-10.454,-7.3555,0.304,1.0905,-7.948,-6.6012,-15.789,-12.543,-0.3405,-2.7468,3.1103,-2.0368
-14.49,-26.421,-21.13,-20.809,-10.429,-7.3643,0.284,1.0797,-7.9829,-6.6017,-15.84,-12.553,-0.3658,-2.7864,3.0961,-2.0535
-14.49,-26.421,-21.13,-20.809,-10.429,-7.3643,0.284,1.0797,-7.9829,-6.6017,-15.84,-12.553,-0.3658,-2.7864,3.0961,-2.0535
-14.474,-26.443,-21.149,-20.821,-10.453,-7.3292,0.2557,1.0807,-8.0523,-6.6026,-15.875,-12.569,-0.3911,-2.8259,3.0517,-2.045
-14.474,-26.443,-21.149,-20.821,-10.453,-7.3292,0.2557,1.0807,-8.0523,-6.6026,-15.875,-12.569,-0.3911,-2.8259,3.0517,-2.045
-14.474,-26.443,-21.149,-20.821,-10.453,-7.3292,0.2557,1.0807,-8.0523,-6.6026,-15.875,-12.569,-0.3911,-2.8259,3.0517,-2.045
-14.415,-26.447,-21.162,-20.829,-10.44,-7.3204,0.2557,1.0807,-8.1329,-6.6122,-15.903,-12.594,-0.5351,-2.8072,2.9698,-2.0377
-14.415,-26.447,-21.162,-20.829,-10.44,-7.3204,0.2557,1.0807,-8.1329,-6.6122,-15.903,-12.594,-0.5351,-2.8072,2.9698,-2.0377
-14.415,-26.447,-21.162,-20.829,-10.44,-7.3204,0.2557,1.0807,-8.1329,-6.6122,-15.903,-12.594,-0.5351,-2.8072,2.9698,-2.0377
-14.355,-26.452,-21.187,-20.833,-10.453,-7.3028,0.2739,1.0743,-8.1327,-6.6376,-15.921,-12.602,-0.6239,-2.7919,2.9322,-2.0388
-14.402,-26.385,-21.206,-20.832,-10.478,-7.2939,0.2922,1.0678,-8.1671,-6.6381,-15.951,-12.591,-0.6436,-2.801,2.9117,-2.046
-14.402,-26.385,-21.206,-20.832,-10.478,-7.2939,0.2922,1.0678,-8.1671,-6.6381,-15.951,-12.591,-0.6436,-2.801,2.9117,-2.046
-14.424,-26.394,-21.231,-20.848,-10.503,-7.3115,0.2375,1.0872,-8.1901,-6.6299,-15.975,-12.59,-0.5798,-2.8555,2.8846,-2.0435
-14.424,-26.394,-21.231,-20.848,-10.503,-7.3115,0.2375,1.0872,-8.1901,-6.6299,-15.975,-12.59,-0.5798,-2.8555,2.8846,-2.0435
-14.483,-26.39,-21.226,-20.868,-10.492,-7.3553,0.1911,1.0946,-8.2128,-6.6472,-16.023,-12.587,-0.516,-2.91,2.8305,-2.0388
-14.483,-26.39,-21.226,-20.868,-10.492,-7.3553,0.1911,1.0946,-8.2128,-6.6472,-16.023,-12.587,-0.516,-2.91,2.8305,-2.0388
-14.474,-26.443,-21.245,-20.88,-10.53,-7.3552,0.153,1.0901,-8.2357,-6.6391,-16.025,-12.6,-0.5504,-2.8978,2.8035,-2.0364
-14.474,-26.443,-21.245,-20.88,-10.53,-7.3552,0.153,1.0901,-8.2357,-6.6391,-16.025,-12.6,-0.5504,-2.8978,2.8035,-2.0364
-14.474,-26.443,-21.245,-20.88,-10.53,-7.3552,0.153,1.0901,-8.2357,-6.6391,-16.025,-12.6,-0.5504,-2.8978,2.8035,-2.0364
-14.452,-26.434,-21.28,-20.855,-10.53,-7.3552,0.1349,1.0966,-8.1897,-6.6805,-16.051,-12.612,-0.6339,-2.8524,2.7562,-2.0412
-14.452,-26.434,-21.305,-20.847,-10.517,-7.3465,0.1513,1.0729,-8.1552,-6.7053,-16.083,-12.614,-0.7221,-2.8372,2.7323,-2.0614
-14.452,-26.434,-21.305,-20.847,-10.517,-7.3465,0.1513,1.0729,-8.1552,-6.7053,-16.083,-12.614,-0.7221,-2.8372,2.7323,-2.0614
-14.527,-26.408,-21.347,-20.838,-10.48,-7.3729,0.1233,1.0739,-8.2012,-6.6639,-16.107,-12.613,-0.7563,-2.8251,2.7454,-2.0803
-14.527,-26.408,-21.347,-20.838,-10.48,-7.3729,0.1233,1.0739,-8.2012,-6.6639,-16.107,-12.613,-0.7563,-2.8251,2.7454,-2.0803
-14.527,-26.408,-21.366,-20.85,-10.467,-7.3642,0.1314,1.0621,-8.2584,-6.6563,-16.147,-12.62,-0.8147,-2.8522,2.7085,-2.0815
-14.527,-26.408,-21.366,-20.85,-10.467,-7.3642,0.1314,1.0621,-8.2584,-6.6563,-16.147,-12.62,-0.8147,-2.8522,2.7085,-2.0815
-14.511,-26.43,-21.39,-20.853,-10.516,-7.3202,0.1034,1.0631,-8.3378,-6.6659,-16.145,-12.655,-0.8776,-2.9091,2.6449,-2.0804
-14.511,-26.43,-21.39,-20.853,-10.516,-7.3202,0.1034,1.0631,-8.3378,-6.6659,-16.145,-12.655,-0.8776,-2.9091,2.6449,-2.0804
-14.444,-26.487,-21.427,-20.853,-10.578,-7.285,0.0837,1.0522,-8.4168,-6.6756,-16.18,-12.671,-0.9692,-2.924,2.5715,-2.0829
-14.444,-26.487,-21.427,-20.853,-10.578,-7.285,0.0837,1.0522,-8.4168,-6.6756,-16.18,-12.671,-0.9692,-2.924,2.5715,-2.0829
-14.444,-26.487,-21.463,-20.852,-10.591,-7.2937,0.1099,1.0341,-8.4392,-6.6927,-16.209,-12.66,-1.0076,-2.9419,2.525,-2.0877
-14.444,-26.487,-21.463,-20.852,-10.591,-7.2937,0.1099,1.0341,-8.4392,-6.6927,-16.209,-12.66,-1.0076,-2.9419,2.525,-2.0877
-14.444,-26.487,-21.463,-20.852,-10.591,-7.2937,0.1099,1.0341,-8.4392,-6.6927,-16.209,-12.66,-1.0076,-2.9419,2.525,-2.0877
-14.518,-26.461,-21.494,-20.86,-10.604,-7.3025,0.1262,1.0106,-8.4503,-6.7012,-16.239,-12.65,-1.0267,-2.9508,2.5115,-2.1042
-14.518,-26.461,-21.494,-20.86,-10.604,-7.3025,0.1262,1.0106,-8.4503,-6.7012,-16.239,-12.65,-1.0267,-2.9508,2.5115,-2.1042
-14.518,-26.461,-21.494,-20.86,-10.604,-7.3025,0.1262,1.0106,-8.4503,-6.7012,-16.239,-12.65,-1.0267,-2.9508,2.5115,-2.1042
-14.694,-26.448,-21.514,-20.895,-10.642,-7.3287,0.0442,1.0307,-8.5065,-6.6938,-16.324,-12.64,-0.9644,-3.0041,2.4617,-2.1219
-14.694,-26.448,-21.514,-20.895,-10.642,-7.3287,0.0442,1.0307,-8.5065,-6.6938,-16.324,-12.64,-0.9644,-3.0041,2.4617,-2.1219
-14.679,-26.47,-21.489,-20.88,-10.642,-7.3287,0.0459,1.0478,-8.4729,-6.6932,-16.324,-12.64,-0.9404,-2.9656,2.4816,-2.1148
-14.679,-26.47,-21.489,-20.88,-10.642,-7.3287,0.0459,1.0478,-8.4729,-6.6932,-16.324,-12.64,-0.9404,-2.9656,2.4816,-2.1148
-14.636,-26.453,-21.427,-20.853,-10.604,-7.3025,0.1215,1.0567,-8.3488,-6.6996,-16.252,-12.631,-0.8583,-2.9001,2.568,-2.0958
-14.636,-26.453,-21.427,-20.853,-10.604,-7.3025,0.1215,1.0567,-8.3488,-6.6996,-16.252,-12.631,-0.8583,-2.9001,2.568,-2.0958
-14.555,-26.448,-21.34,-20.822,-10.516,-7.2938,0.1975,1.0655,-8.201,-6.6891,-16.16,-12.601,-0.6732,-2.8704,2.7388,-2.0708
-14.555,-26.448,-21.34,-20.822,-10.516,-7.2938,0.1975,1.0655,-8.201,-6.6891,-16.16,-12.601,-0.6732,-2.8704,2.7388,-2.0708
-14.511,-26.43,-21.24,-20.795,-10.415,-7.3029,0.2392,1.1045,-8.0982,-6.6371,-16.014,-12.583,-0.5005,-2.8194,2.922,-2.0424
-14.511,-26.43,-21.24,-20.795,-10.415,-7.3029,0.2392,1.1045,-8.0982,-6.6371,-16.014,-12.583,-0.5005,-2.8194,2.922,-2.0424
-14.446,-26.403,-21.122,-20.781,-10.326,-7.3209,0.2976,1.1198,-8.0178,-6.5766,-15.888,-12.55,-0.3308,-2.7988,3.0733,-2.002
-14.446,-26.403,-21.122,-20.781,-10.326,-7.3209,0.2976,1.1198,-8.0178,-6.5766,-15.888,-12.55,-0.3308,-2.7988,3.0733,-2.002
-14.446,-26.403,-21.122,-20.781,-10.326,-7.3209,0.2976,1.1198,-8.0178,-6.5766,-15.888,-12.55,-0.3308,-2.7988,3.0733,-2.002
-14.386,-26.407,-21.023,-20.779,-10.287,-7.2946,0.3378,1.1416,-7.8314,-6.5657,-15.602,-12.545,-0.068,-2.7943,3.2654,-1.9242
-14.213,-26.452,-20.935,-20.773,-10.286,-7.2681,0.3764,1.146,-7.7373,-6.5732,-15.539,-12.517,0.0087,-2.7887,3.3529,-1.9184
-14.213,-26.452,-20.935,-20.773,-10.286,-7.2681,0.3764,1.146,-7.7373,-6.5732,-15.539,-12.517,0.0087,-2.7887,3.3529,-1.9184
-14.115,-26.47,-20.877,-20.762,-10.273,-7.2593,0.4233,1.1385,-7.7256,-6.5387,-15.501,-12.488,0.0294,-2.7797,3.4022,-1.9137
-14.115,-26.47,-20.877,-20.762,-10.273,-7.2593,0.4233,1.1385,-7.7256,-6.5387,-15.501,-12.488,0.0294,-2.7797,3.4022,-1.9137
-14.086,-26.43,-20.826,-20.754,-10.235,-7.2594,0.4991,1.1298,-7.7139,-6.5041,-15.481,-12.467,0.0708,-2.7615,3.4583,-1.9189
-14.086,-26.43,-20.826,-20.754,-10.235,-7.2594,0.4991,1.1298,-7.7139,-6.5041,-15.481,-12.467,0.0708,-2.7615,3.4583,-1.9189
-14.117,-26.385,-20.808,-20.755,-10.235,-7.2594,0.5361,1.1167,-7.7021,-6.4954,-15.44,-12.474,0.1633,-2.7778,3.4933,-1.9312
-14.117,-26.385,-20.808,-20.755,-10.235,-7.2594,0.5361,1.1167,-7.7021,-6.4954,-15.44,-12.474,0.1633,-2.7778,3.4933,-1.9312
-14.117,-26.385,-20.808,-20.755,-10.235,-7.2594,0.5361,1.1167,-7.7021,-6.4954,-15.44,-12.474,0.1633,-2.7778,3.4933,-1.9312
-14.215,-26.367,-20.784,-20.776,-10.248,-7.2948,0.4889,1.1243,-7.7139,-6.5041,-15.434,-12.483,0.1633,-2.7778,3.4933,-1.9312
-14.2,-26.389,-20.759,-20.785,-10.236,-7.3125,0.4704,1.1309,-7.7138,-6.53,-15.443,-12.487,0.1274,-2.7651,3.4719,-1.9384
-14.2,-26.389,-20.759,-20.785,-10.236,-7.3125,0.4704,1.1309,-7.7138,-6.53,-15.443,-12.487,0.1274,-2.7651,3.4719,-1.9384
-14.238,-26.376,-20.777,-20.772,-10.236,-7.3125,0.4602,1.1254,-7.6901,-6.5384,-15.452,-12.491,0.0764,-2.7307,3.4961,-1.9543
-14.238,-26.376,-20.777,-20.772,-10.236,-7.3125,0.4602,1.1254,-7.6901,-6.5384,-15.452,-12.491,0.0764,-2.7307,3.4961,-1.9543
-14.215,-26.367,-20.789,-20.767,-10.236,-7.3125,0.4602,1.1254,-7.7138,-6.53,-15.47,-12.499,0.0557,-2.7398,3.5096,-1.9738
-14.215,-26.367,-20.789,-20.767,-10.236,-7.3125,0.4602,1.1254,-7.7138,-6.53,-15.47,-12.499,0.0557,-2.7398,3.5096,-1.9738
-14.215,-26.367,-20.789,-20.767,-10.236,-7.3125,0.4602,1.1254,-7.7138,-6.53,-15.47,-12.499,0.0557,-2.7398,3.5096,-1.9738
-14.222,-26.398,-20.803,-20.775,-10.198,-7.3392,0.4399,1.1145,-7.7256,-6.5387,-15.472,-12.512,0.0915,-2.7525,3.4989,-1.9773
-14.26,-26.385,-20.809,-20.779,-10.148,-7.3572,0.4482,1.1026,-7.7845,-6.5566,-15.493,-12.534,0.0143,-2.758,3.4292,-1.9527
-14.26,-26.385,-20.809,-20.779,-10.148,-7.3572,0.4482,1.1026,-7.7845,-6.5566,-15.493,-12.534,0.0143,-2.758,3.4292,-1.9527
-14.26,-26.385,-20.809,-20.779,-10.184,-7.304,0.4482,1.1026,-7.7844,-6.5823,-15.464,-12.558,-0.0419,-2.7545,3.3944,-1.9404
-14.26,-26.385,-20.809,-20.779,-10.184,-7.304,0.4482,1.1026,-7.7844,-6.5823,-15.464,-12.558,-0.0419,-2.7545,3.3944,-1.9404
-14.26,-26.385,-20.809,-20.779,-10.184,-7.304,0.4482,1.1026,-7.7844,-6.5823,-15.464,-12.558,-0.0419,-2.7545,3.3944,-1.9404
-14.131,-26.447,-20.797,-20.784,-10.235,-7.2594,0.4298,1.1091,-7.7727,-6.5736,-15.462,-12.545,-0.0063,-2.7671,3.405,-1.9368
-14.131,-26.447,-20.797,-20.784,-10.235,-7.2594,0.4298,1.1091,-7.7727,-6.5736,-15.462,-12.545,-0.0063,-2.7671,3.405,-1.9368
-14.001,-26.51,-20.797,-20.784,-10.247,-7.2416,0.4298,1.1091,-7.7373,-6.5989,-15.468,-12.535,-0.0419,-2.7545,3.4466,-1.9589
-14.001,-26.51,-20.797,-20.784,-10.247,-7.2416,0.4298,1.1091,-7.7373,-6.5989,-15.468,-12.535,-0.0419,-2.7545,3.4466,-1.9589
-14.001,-26.51,-20.797,-20.784,-10.247,-7.2416,0.4298,1.1091,-7.7373,-6.5989,-15.468,-12.535,-0.0419,-2.7545,3.4466,-1.9589
-14.002,-26.425,-20.796,-20.771,-10.221,-7.2506,0.5508,1.0754,-7.7019,-6.5986,-15.495,-12.498,-0.0419,-2.7545,3.4814,-1.9712
-14.002,-26.425,-20.796,-20.771,-10.221,-7.2506,0.5508,1.0754,-7.7019,-6.5986,-15.495,-12.498,-0.0419,-2.7545,3.4814,-1.9712
-14.094,-26.376,-20.809,-20.779,-10.222,-7.2772,0.5323,1.0819,-7.7373,-6.5732,-15.512,-12.505,0.0237,-2.8104,3.4466,-1.9589
-14.094,-26.376,-20.809,-20.779,-10.222,-7.2772,0.5323,1.0819,-7.7373,-6.5732,-15.512,-12.505,0.0237,-2.8104,3.4466,-1.9589
-14.193,-26.358,-20.798,-20.796,-10.223,-7.3038,0.4972,1.1124,-7.7727,-6.5736,-15.524,-12.523,-0.0119,-2.7978,3.4185,-1.9563
-14.193,-26.358,-20.798,-20.796,-10.223,-7.3038,0.4972,1.1124,-7.7727,-6.5736,-15.524,-12.523,-0.0119,-2.7978,3.4185,-1.9563
-14.139,-26.394,-20.786,-20.812,-10.236,-7.3125,0.4602,1.1254,-7.7609,-6.5906,-15.52,-12.546,-0.0624,-2.7636,3.3625,-1.9512
-14.139,-26.394,-20.786,-20.812,-10.236,-7.3125,0.4602,1.1254,-7.7609,-6.5906,-15.52,-12.546,-0.0624,-2.7636,3.3625,-1.9512
-14.124,-26.416,-20.786,-20.812,-10.249,-7.3213,0.4132,1.133,-7.7138,-6.6329,-15.556,-12.562,-0.1892,-2.7351,3.3202,-1.9655
-14.124,-26.416,-20.786,-20.812,-10.249,-7.3213,0.4132,1.133,-7.7138,-6.6329,-15.556,-12.562,-0.1892,-2.7351,3.3202,-1.9655
-14.086,-26.43,-20.817,-20.796,-10.261,-7.3036,0.4215,1.1211,-7.6902,-6.6412,-15.58,-12.56,-0.2245,-2.7227,3.3336,-1.9849
-14.086,-26.43,-20.817,-20.796,-10.261,-7.3036,0.4215,1.1211,-7.6902,-6.6412,-15.58,-12.56,-0.2245,-2.7227,3.3336,-1.9849
-14.139,-26.394,-20.854,-20.782,-10.211,-7.3215,0.4298,1.1091,-7.7255,-6.6159,-15.607,-12.572,-0.265,-2.7409,3.3191,-2.0017
-14.139,-26.394,-20.867,-20.79,-10.172,-7.3218,0.4381,1.0972,-7.8196,-6.6083,-15.636,-12.597,-0.2958,-2.8111,3.2597,-2.0098
-14.139,-26.394,-20.867,-20.79,-10.172,-7.3218,0.4381,1.0972,-7.8196,-6.6083,-15.636,-12.597,-0.2958,-2.8111,3.2597,-2.0098
-14.139,-26.394,-20.867,-20.79,-10.172,-7.3218,0.4381,1.0972,-7.8196,-6.6083,-15.636,-12.597,-0.2958,-2.8111,3.2597,-2.0098
-14.2,-26.389,-20.899,-20.798,-10.197,-7.3128,0.4095,1.0982,-7.9014,-6.6177,-15.641,-12.623,-0.3763,-2.8472,3.1834,-2.0119
-14.2,-26.389,-20.899,-20.798,-10.197,-7.3128,0.4095,1.0982,-7.9014,-6.6177,-15.641,-12.623,-0.3763,-2.8472,3.1834,-2.0119
-14.2,-26.389,-20.918,-20.81,-10.26,-7.2504,0.3994,1.0928,-7.9712,-6.6185,-15.661,-12.645,-0.4511,-2.8529,3.1245,-2.0201
-14.2,-26.389,-20.918,-20.81,-10.26,-7.2504,0.3994,1.0928,-7.9712,-6.6185,-15.661,-12.645,-0.4511,-2.8529,3.1245,-2.0201
-14.2,-26.389,-20.918,-20.81,-10.26,-7.2504,0.3994,1.0928,-7.9712,-6.6185,-15.661,-12.645,-0.4511,-2.8529,3.1245,-2.0201
-14.162,-26.403,-20.955,-20.797,-10.285,-7.2148,0.381,1.0993,-7.971,-6.644,-15.698,-12.624,-0.4511,-2.8529,3.0866,-2.0212
-14.169,-26.434,-20.992,-20.796,-10.311,-7.2325,0.3874,1.0701,-7.9594,-6.6608,-15.757,-12.589,-0.471,-2.8619,3.0658,-2.0283
-14.169,-26.434,-20.992,-20.796,-10.311,-7.2325,0.3874,1.0701,-7.9594,-6.6608,-15.757,-12.589,-0.471,-2.8619,3.0658,-2.0283
-14.184,-26.412,-21.023,-20.791,-10.311,-7.2325,0.4324,1.0452,-7.9826,-6.6526,-15.781,-12.588,-0.4069,-2.9166,3.0687,-2.051
-14.184,-26.412,-21.023,-20.791,-10.311,-7.2325,0.4324,1.0452,-7.9826,-6.6526,-15.781,-12.588,-0.4069,-2.9166,3.0687,-2.051
-14.238,-26.376,-21.061,-20.791,-10.286,-7.2681,0.414,1.0517,-8.0173,-6.653,-15.844,-12.58,-0.3228,-2.9623,3.0376,-2.0616
-14.238,-26.376,-21.061,-20.791,-10.286,-7.2681,0.414,1.0517,-8.0173,-6.653,-15.844,-12.58,-0.3228,-2.9623,3.0376,-2.0616
-14.304,-26.403,-21.099,-20.814,-10.338,-7.3032,0.3306,1.0722,-8.052,-6.6534,-15.871,-12.591,-0.2733,-2.9957,2.9999,-2.0627
-14.304,-26.403,-21.099,-20.814,-10.338,-7.3032,0.3306,1.0722,-8.052,-6.6534,-15.871,-12.591,-0.2733,-2.9957,2.9999,-2.0627
-14.304,-26.403,-21.099,-20.814,-10.338,-7.3032,0.3306,1.0722,-8.052,-6.6534,-15.871,-12.591,-0.2733,-2.9957,2.9999,-2.0627
-14.446,-26.403,-21.113,-20.834,-10.389,-7.3118,0.2739,1.0743,-8.098,-6.6625,-15.906,-12.607,-0.3429,-2.9711,2.9521,-2.0674
-14.511,-26.43,-21.127,-20.854,-10.44,-7.3204,0.2275,1.0817,-8.0519,-6.6788,-15.923,-12.615,-0.4363,-2.8742,2.9249,-2.065
-14.511,-26.43,-21.127,-20.854,-10.44,-7.3204,0.2275,1.0817,-8.0519,-6.6788,-15.923,-12.615,-0.4363,-2.8742,2.9249,-2.065
-14.518,-26.461,-21.145,-20.854,-10.466,-7.3379,0.2075,1.0709,-8.0287,-6.7122,-15.949,-12.627,-0.5255,-2.8587,2.9109,-2.0816
-14.518,-26.461,-21.145,-20.854,-10.466,-7.3379,0.2075,1.0709,-8.0287,-6.7122,-15.949,-12.627,-0.5255,-2.8587,2.9109,-2.0816
-14.54,-26.47,-21.188,-20.845,-10.48,-7.3729,0.2157,1.0591,-8.0287,-6.7122,-15.973,-12.625,-0.5944,-2.8343,2.9344,-2.097
-14.54,-26.47,-21.188,-20.845,-10.48,-7.3729,0.2157,1.0591,-8.0287,-6.7122,-15.973,-12.625,-0.5944,-2.8343,2.9344,-2.097
-14.54,-26.47,-21.188,-20.845,-10.48,-7.3729,0.2157,1.0591,-8.0287,-6.7122,-15.973,-12.625,-0.5944,-2.8343,2.9344,-2.097
-14.577,-26.457,-21.218,-20.84,-10.493,-7.3816,0.2157,1.0591,-8.098,-6.6625,-16.006,-12.628,-0.6682,-2.8402,2.9241,-2.1005
-14.577,-26.457,-21.218,-20.84,-10.493,-7.3816,0.2157,1.0591,-8.098,-6.6625,-16.006,-12.628,-0.6682,-2.8402,2.9241,-2.1005
-14.577,-26.457,-21.243,-20.844,-10.455,-7.4079,0.2157,1.0591,-8.1669,-6.6634,-16.016,-12.645,-0.7124,-2.8883,2.8736,-2.0827
-14.518,-26.461,-21.268,-20.847,-10.493,-7.3816,0.1975,1.0655,-8.2355,-6.6643,-16.027,-12.662,-0.7905,-2.9241,2.8028,-2.072
-14.518,-26.461,-21.268,-20.847,-10.493,-7.3816,0.1975,1.0655,-8.2355,-6.6643,-16.027,-12.662,-0.7905,-2.9241,2.8028,-2.072
-14.406,-26.5,-21.293,-20.851,-10.518,-7.3727,0.1975,1.0655,-8.2581,-6.6815,-16.057,-12.651,-0.8148,-2.9628,2.7657,-2.0732
-14.406,-26.5,-21.293,-20.851,-10.518,-7.3727,0.1975,1.0655,-8.2581,-6.6815,-16.057,-12.651,-0.8148,-2.9628,2.7657,-2.0732
-14.422,-26.478,-21.323,-20.858,-10.58,-7.3638,0.1876,1.0601,-8.281,-6.6734,-16.109,-12.626,-0.8342,-2.9717,2.712,-2.0685
-14.422,-26.478,-21.323,-20.858,-10.58,-7.3638,0.1876,1.0601,-8.281,-6.6734,-16.109,-12.626,-0.8342,-2.9717,2.712,-2.0685
-14.452,-26.434,-21.355,-20.866,-10.618,-7.3637,0.1858,1.0429,-8.3381,-6.6407,-16.132,-12.625,-0.8198,-2.9925,2.665,-2.0733
-14.452,-26.434,-21.355,-20.866,-10.618,-7.3637,0.1858,1.0429,-8.3381,-6.6407,-16.132,-12.625,-0.8198,-2.9925,2.665,-2.0733
-14.542,-26.386,-21.373,-20.878,-10.655,-7.3637,0.1577,1.0439,-8.3721,-6.6412,-16.164,-12.627,-0.7715,-3.0253,2.6348,-2.0839
-14.542,-26.386,-21.373,-20.878,-10.655,-7.3637,0.1577,1.0439,-8.3721,-6.6412,-16.164,-12.627,-0.7715,-3.0253,2.6348,-2.0839
-14.645,-26.4,-21.381,-20.905,-10.669,-7.3984,0.0918,1.0405,-8.406,-6.6418,-16.188,-12.626,-0.8004,-2.9837,2.6046,-2.0946
-14.645,-26.4,-21.381,-20.905,-10.669,-7.3984,0.0918,1.0405,-8.406,-6.6418,-16.188,-12.626,-0.8004,-2.9837,2.6046,-2.0946
-14.688,-26.418,-21.388,-20.921,-10.669,-7.4245,0.054,1.0361,-8.3942,-6.6836,-16.22,-12.629,-0.8825,-2.9389,2.5846,-2.1017
-14.688,-26.418,-21.388,-20.921,-10.669,-7.4245,0.054,1.0361,-8.3942,-6.6836,-16.22,-12.629,-0.8825,-2.9389,2.5846,-2.1017
-14.709,-26.427,-21.393,-20.901,-10.656,-7.4158,0.054,1.0361,-8.3375,-6.6911,-16.203,-12.621,-0.8583,-2.9001,2.6479,-2.1027
-14.709,-26.427,-21.393,-20.901,-10.656,-7.4158,0.054,1.0361,-8.3375,-6.6911,-16.203,-12.621,-0.8583,-2.9001,2.6479,-2.1027
-14.694,-26.448,-21.379,-20.869,-10.619,-7.4159,0.0819,1.0351,-8.2697,-6.6649,-16.13,-12.612,-0.7124,-2.8883,2.7788,-2.0921
-14.694,-26.448,-21.379,-20.869,-10.619,-7.4159,0.0819,1.0351,-8.2697,-6.6649,-16.13,-12.612,-0.7124,-2.8883,2.7788,-2.0921
-14.694,-26.448,-21.379,-20.869,-10.619,-7.4159,0.0819,1.0351,-8.2697,-6.6649,-16.13,-12.612,-0.7124,-2.8883,2.7788,-2.0921
-14.614,-26.444,-21.317,-20.843,-10.506,-7.4164,0.1478,1.0385,-8.2017,-6.6132,-16.031,-12.591,-0.4909,-2.8709,2.9352,-2.0614
-14.614,-26.444,-21.317,-20.843,-10.506,-7.4164,0.1478,1.0385,-8.2017,-6.6132,-16.031,-12.591,-0.4909,-2.8709,2.9352,-2.0614
-14.614,-26.444,-21.317,-20.843,-10.506,-7.4164,0.1478,1.0385,-8.2017,-6.6132,-16.031,-12.591,-0.4909,-2.8709,2.9352,-2.0614
-14.496,-26.452,-21.118,-20.814,-10.278,-7.4177,0.2721,1.057,-8.0523,-6.6026,-15.788,-12.579,-0.281,-2.8326,3.1567,-1.9734
-14.496,-26.452,-21.118,-20.814,-10.278,-7.4177,0.2721,1.057,-8.0523,-6.6026,-15.788,-12.579,-0.281,-2.8326,3.1567,-1.9734
-14.355,-26.452,-21.011,-20.796,-10.25,-7.3477,0.3406,1.0776,-7.9829,-6.6017,-15.671,-12.563,-0.185,-2.8179,3.2683,-1.9472
-14.355,-26.452,-21.011,-20.796,-10.25,-7.3477,0.3406,1.0776,-7.9829,-6.6017,-15.671,-12.563,-0.185,-2.8179,3.2683,-1.9472
-14.355,-26.452,-21.011,-20.796,-10.25,-7.3477,0.3406,1.0776,-7.9829,-6.6017,-15.671,-12.563,-0.185,-2.8179,3.2683,-1.9472
-14.236,-26.46,-20.923,-20.789,-10.236,-7.3125,0.426,1.0744,-7.8898,-6.5835,-15.575,-12.533,-0.068,-2.7943,3.3876,-1.9307
-14.2,-26.389,-20.835,-20.783,-10.21,-7.295,0.5221,1.0765,-7.8079,-6.574,-15.512,-12.505,0.0294,-2.7797,3.469,-1.9153
-14.2,-26.389,-20.835,-20.783,-10.21,-7.295,0.5221,1.0765,-7.8079,-6.574,-15.512,-12.505,0.0294,-2.7797,3.469,-1.9153
-14.193,-26.358,-20.784,-20.776,-10.184,-7.304,0.5713,1.0862,-7.7256,-6.5645,-15.467,-12.486,0.1575,-2.8086,3.5226,-1.8973
-14.193,-26.358,-20.784,-20.776,-10.184,-7.304,0.5713,1.0862,-7.7256,-6.5645,-15.467,-12.486,0.1575,-2.8086,3.5226,-1.8973
-14.193,-26.358,-20.733,-20.781,-10.223,-7.3038,0.5463,1.1222,-7.7019,-6.5729,-15.452,-12.491,0.2143,-2.8123,3.5265,-1.8839
-14.193,-26.358,-20.733,-20.781,-10.223,-7.3038,0.5463,1.1222,-7.7019,-6.5729,-15.452,-12.491,0.2143,-2.8123,3.5265,-1.8839
-14.193,-26.358,-20.689,-20.79,-10.211,-7.3215,0.5297,1.1462,-7.6428,-6.5809,-15.445,-12.501,0.1993,-2.7905,3.5265,-1.8839
-14.193,-26.358,-20.689,-20.79,-10.211,-7.3215,0.5297,1.1462,-7.6428,-6.5809,-15.445,-12.501,0.1993,-2.7905,3.5265,-1.8839
-14.193,-26.358,-20.689,-20.778,-10.198,-7.3392,0.5111,1.1527,-7.5597,-6.6231,-15.454,-12.505,0.1274,-2.7651,3.5401,-1.9035
-14.193,-26.358,-20.689,-20.778,-10.198,-7.3392,0.5111,1.1527,-7.5597,-6.6231,-15.454,-12.505,0.1274,-2.7651,3.5401,-1.9035
-14.193,-26.358,-20.689,-20.778,-10.198,-7.3392,0.5111,1.1527,-7.5597,-6.6231,-15.454,-12.505,0.1274,-2.7651,3.5401,-1.9035
-14.17,-26.349,-20.7,-20.761,-10.198,-7.3392,0.538,1.1342,-7.5715,-6.5803,-15.463,-12.508,0.1066,-2.7742,3.5712,-1.9292
-14.148,-26.34,-20.718,-20.748,-10.134,-7.3485,0.538,1.1342,-7.6309,-6.5464,-15.475,-12.526,-0.0063,-2.7671,3.5497,-1.9364
-14.148,-26.34,-20.718,-20.748,-10.134,-7.3485,0.538,1.1342,-7.6309,-6.5464,-15.475,-12.526,-0.0063,-2.7671,3.5497,-1.9364
-14.148,-26.34,-20.718,-20.748,-10.095,-7.3488,0.5463,1.1222,-7.7138,-6.53,-15.464,-12.558,-0.0885,-2.8033,3.5,-1.941
-14.148,-26.34,-20.718,-20.748,-10.095,-7.3488,0.5463,1.1222,-7.7138,-6.53,-15.464,-12.558,-0.0885,-2.8033,3.5,-1.941
-14.148,-26.34,-20.725,-20.753,-10.12,-7.3133,0.5176,1.1233,-7.761,-6.5391,-15.458,-12.568,-0.1443,-2.7998,3.4544,-1.9322
-14.148,-26.34,-20.725,-20.753,-10.12,-7.3133,0.5176,1.1233,-7.761,-6.5391,-15.458,-12.568,-0.1443,-2.7998,3.4544,-1.9322
-14.079,-26.398,-20.732,-20.756,-10.158,-7.2864,0.5259,1.1113,-7.7492,-6.5562,-15.455,-12.554,-0.1443,-2.7998,3.4438,-1.9358
-14.079,-26.398,-20.732,-20.756,-10.158,-7.2864,0.5259,1.1113,-7.7492,-6.5562,-15.455,-12.554,-0.1443,-2.7998,3.4438,-1.9358
-14.079,-26.398,-20.732,-20.756,-10.158,-7.2864,0.5259,1.1113,-7.7492,-6.5562,-15.455,-12.554,-0.1443,-2.7998,3.4438,-1.9358
-14.056,-26.389,-20.744,-20.752,-10.17,-7.2686,0.5898,1.0796,-7.7373,-6.5732,-15.459,-12.531,-0.1089,-2.8123,3.4505,-1.9456
-14.11,-26.353,-20.756,-20.748,-10.145,-7.2777,0.627,1.0665,-7.7373,-6.5732,-15.481,-12.517,-0.0232,-2.8589,3.4573,-1.9553
-14.11,-26.353,-20.756,-20.748,-10.145,-7.2777,0.627,1.0665,-7.7373,-6.5732,-15.481,-12.517,-0.0232,-2.8589,3.4573,-1.9553
-14.155,-26.371,-20.752,-20.768,-10.171,-7.2952,0.6084,1.0731,-7.7727,-6.5736,-15.49,-12.52,0.0628,-2.9055,3.464,-1.965
-14.155,-26.371,-20.752,-20.768,-10.171,-7.2952,0.6084,1.0731,-7.7727,-6.5736,-15.49,-12.52,0.0628,-2.9055,3.464,-1.965
-14.298,-26.372,-20.741,-20.797,-10.211,-7.3215,0.5425,1.0873,-7.7255,-6.5902,-15.49,-12.52,0.0537,-2.8535,3.464,-1.965
-14.298,-26.372,-20.741,-20.797,-10.211,-7.3215,0.5425,1.0873,-7.7255,-6.5902,-15.49,-12.52,0.0537,-2.8535,3.464,-1.965
-14.304,-26.403,-20.735,-20.805,-10.224,-7.3303,0.5323,1.0819,-7.6547,-6.6153,-15.477,-12.539,-0.0063,-2.7671,3.4814,-1.9712
-14.304,-26.403,-20.735,-20.805,-10.224,-7.3303,0.5323,1.0819,-7.6547,-6.6153,-15.477,-12.539,-0.0063,-2.7671,3.4814,-1.9712
-14.304,-26.403,-20.735,-20.805,-10.224,-7.3303,0.5323,1.0819,-7.6547,-6.6153,-15.477,-12.539,-0.0063,-2.7671,3.4814,-1.9712
-14.274,-26.447,-20.76,-20.797,-10.224,-7.3303,0.5323,1.0819,-7.5836,-6.6404,-15.471,-12.549,-0.0364,-2.7237,3.4989,-1.9773
-14.274,-26.447,-20.778,-20.784,-10.224,-7.3303,0.5323,1.0819,-7.6073,-6.632,-15.495,-12.547,-0.0925,-2.7203,3.5366,-2.0127
-14.274,-26.447,-20.778,-20.784,-10.224,-7.3303,0.5323,1.0819,-7.6073,-6.632,-15.495,-12.547,-0.0925,-2.7203,3.5366,-2.0127
-14.251,-26.438,-20.803,-20.775,-10.236,-7.3125,0.5323,1.0819,-7.6309,-6.5722,-15.504,-12.551,-0.0569,-2.7328,3.5541,-2.0188
-14.251,-26.438,-20.803,-20.775,-10.236,-7.3125,0.5323,1.0819,-7.6309,-6.5722,-15.504,-12.551,-0.0569,-2.7328,3.5541,-2.0188
-14.229,-26.429,-20.822,-20.775,-10.172,-7.3218,0.524,1.0939,-7.7138,-6.5558,-15.531,-12.563,-0.1034,-2.7817,3.4977,-2.0136
-14.229,-26.429,-20.822,-20.775,-10.172,-7.3218,0.524,1.0939,-7.7138,-6.5558,-15.531,-12.563,-0.1034,-2.7817,3.4977,-2.0136
-14.207,-26.421,-20.835,-20.783,-10.159,-7.313,0.524,1.0939,-7.7609,-6.5649,-15.543,-12.58,-0.1294,-2.8214,3.4242,-2.0022
-14.207,-26.421,-20.835,-20.783,-10.159,-7.313,0.524,1.0939,-7.7609,-6.5649,-15.543,-12.58,-0.1294,-2.8214,3.4242,-2.0022
-14.207,-26.421,-20.835,-20.783,-10.159,-7.313,0.524,1.0939,-7.7609,-6.5649,-15.543,-12.58,-0.1294,-2.8214,3.4242,-2.0022
-14.131,-26.447,-20.842,-20.799,-10.184,-7.304,0.5036,1.083,-7.8079,-6.574,-15.545,-12.594,-0.1702,-2.8394,3.3576,-2.0007
-14.131,-26.447,-20.842,-20.799,-10.184,-7.304,0.5036,1.083,-7.8079,-6.574,-15.545,-12.594,-0.1702,-2.8394,3.3576,-2.0007
-14.093,-26.461,-20.867,-20.803,-10.21,-7.295,0.4934,1.0776,-7.8431,-6.5744,-15.582,-12.573,-0.2054,-2.8269,3.3191,-2.0017
-14.093,-26.461,-20.867,-20.803,-10.21,-7.295,0.4934,1.0776,-7.8431,-6.5744,-15.582,-12.573,-0.2054,-2.8269,3.3191,-2.0017
-14.093,-26.461,-20.867,-20.803,-10.21,-7.295,0.4934,1.0776,-7.8431,-6.5744,-15.582,-12.573,-0.2054,-2.8269,3.3191,-2.0017
-14.093,-26.461,-20.867,-20.803,-10.21,-7.295,0.4934,1.0776,-7.8431,-6.5744,-15.582,-12.573,-0.2054,-2.8269,3.3191,-2.0017
-14.2,-26.389,-20.913,-20.818,-10.249,-7.3213,0.4896,1.0429,-7.9247,-6.6095,-15.671,-12.563,-0.1812,-2.9001,3.2215,-2.0109
-14.2,-26.389,-20.913,-20.818,-10.249,-7.3213,0.4896,1.0429,-7.9247,-6.6095,-15.671,-12.563,-0.1812,-2.9001,3.2215,-2.0109
-14.2,-26.389,-20.913,-20.818,-10.249,-7.3213,0.4896,1.0429,-7.9247,-6.6095,-15.671,-12.563,-0.1812,-2.9001,3.2215,-2.0109
-14.289,-26.425,-20.921,-20.846,-10.327,-7.3473,0.4121,1.0344,-7.9245,-6.6604,-15.759,-12.553,-0.2661,-2.8539,3.152,-2.0226
-14.289,-26.425,-20.921,-20.846,-10.327,-7.3473,0.4121,1.0344,-7.9245,-6.6604,-15.759,-12.553,-0.2661,-2.8539,3.152,-2.0226
-14.311,-26.434,-20.957,-20.833,-10.34,-7.356,0.3837,1.0355,-7.9245,-6.6604,-15.783,-12.552,-0.316,-2.8202,3.1653,-2.0418
-14.311,-26.434,-20.957,-20.833,-10.34,-7.356,0.3837,1.0355,-7.9245,-6.6604,-15.783,-12.552,-0.316,-2.8202,3.1653,-2.0418
-14.311,-26.434,-20.957,-20.833,-10.34,-7.356,0.3837,1.0355,-7.9245,-6.6604,-15.783,-12.552,-0.316,-2.8202,3.1653,-2.0418
-14.333,-26.443,-20.988,-20.828,-10.34,-7.356,0.3818,1.0183,-7.9827,-6.6272,-15.816,-12.555,-0.3361,-2.8292,3.1615,-2.0549
-14.333,-26.443,-20.988,-20.828,-10.34,-7.356,0.3818,1.0183,-7.9827,-6.6272,-15.816,-12.555,-0.3361,-2.8292,3.1615,-2.0549
-14.333,-26.443,-20.988,-20.828,-10.34,-7.356,0.3818,1.0183,-7.9827,-6.6272,-15.816,-12.555,-0.3361,-2.8292,3.1615,-2.0549
-14.393,-26.438,-21.069,-20.819,-10.239,-7.418,0.3534,1.0193,-8.1096,-6.6457,-15.864,-12.601,-0.4909,-2.8709,3.0517,-2.045
-14.393,-26.438,-21.069,-20.819,-10.239,-7.418,0.3534,1.0193,-8.1096,-6.6457,-15.864,-12.601,-0.4909,-2.8709,3.0517,-2.045
-14.393,-26.438,-21.069,-20.819,-10.239,-7.418,0.3534,1.0193,-8.1096,-6.6457,-15.864,-12.601,-0.4909,-2.8709,3.0517,-2.045
-14.393,-26.438,-21.088,-20.831,-10.289,-7.3738,0.3251,1.0204,-8.1669,-6.6634,-15.899,-12.617,-0.5849,-2.8856,3.0036,-2.0497
-14.34,-26.474,-21.113,-20.834,-10.352,-7.3384,0.315,1.0151,-8.1667,-6.6886,-15.932,-12.619,-0.6389,-2.8825,2.9594,-2.0412
-14.34,-26.474,-21.113,-20.834,-10.352,-7.3384,0.315,1.0151,-8.1667,-6.6886,-15.932,-12.619,-0.6389,-2.8825,2.9594,-2.0412
-14.265,-26.5,-21.131,-20.834,-10.364,-7.3207,0.3333,1.0086,-8.1781,-6.6972,-15.975,-12.59,-0.6928,-2.8793,2.9727,-2.0603
-14.265,-26.5,-21.131,-20.834,-10.364,-7.3207,0.3333,1.0086,-8.1781,-6.6972,-15.975,-12.59,-0.6928,-2.8793,2.9727,-2.0603
-14.227,-26.514,-21.156,-20.825,-10.389,-7.3118,0.3698,0.9957,-8.178,-6.7224,-16.029,-12.578,-0.732,-2.8973,2.9418,-2.0709
-14.227,-26.514,-21.156,-20.825,-10.389,-7.3118,0.3698,0.9957,-8.178,-6.7224,-16.029,-12.578,-0.732,-2.8973,2.9418,-2.0709
-14.274,-26.447,-21.174,-20.825,-10.389,-7.3118,0.4146,0.9709,-8.2124,-6.6977,-16.061,-12.58,-0.766,-2.8852,2.9212,-2.078
-14.274,-26.447,-21.174,-20.825,-10.389,-7.3118,0.4146,0.9709,-8.2124,-6.6977,-16.061,-12.58,-0.766,-2.8852,2.9212,-2.078
-14.274,-26.447,-21.174,-20.825,-10.389,-7.3118,0.4146,0.9709,-8.2124,-6.6977,-16.061,-12.58,-0.766,-2.8852,2.9212,-2.078
-14.364,-26.398,-21.206,-20.832,-10.402,-7.3206,0.3963,0.9774,-8.2353,-6.6896,-16.078,-12.588,-0.6833,-2.9303,2.8838,-2.0791
-14.446,-26.403,-21.231,-20.848,-10.441,-7.3468,0.3131,0.9979,-8.2579,-6.7067,-16.098,-12.609,-0.7224,-2.9482,2.8196,-2.0779
-14.446,-26.403,-21.231,-20.848,-10.441,-7.3468,0.3131,0.9979,-8.2579,-6.7067,-16.098,-12.609,-0.7224,-2.9482,2.8196,-2.0779
-14.446,-26.403,-21.231,-20.848,-10.441,-7.3468,0.3131,0.9979,-8.2579,-6.7067,-16.098,-12.609,-0.7224,-2.9482,2.8196,-2.0779
-14.49,-26.421,-21.244,-20.868,-10.467,-7.3642,0.2485,1.0118,-8.2579,-6.7067,-16.124,-12.621,-0.7905,-2.9241,2.7723,-2.0826
-14.49,-26.421,-21.244,-20.868,-10.467,-7.3642,0.2485,1.0118,-8.2579,-6.7067,-16.124,-12.621,-0.7905,-2.9241,2.7723,-2.0826
-14.452,-26.434,-21.262,-20.855,-10.479,-7.3466,0.2221,1.03,-8.2236,-6.7313,-16.126,-12.634,-0.8244,-2.9121,2.7621,-2.0862
-14.452,-26.434,-21.262,-20.855,-10.479,-7.3466,0.2221,1.03,-8.2236,-6.7313,-16.126,-12.634,-0.8244,-2.9121,2.7621,-2.0862
-14.452,-26.434,-21.28,-20.843,-10.454,-7.3555,0.2121,1.0246,-8.201,-6.6891,-16.124,-12.621,-0.8195,-2.8822,2.8261,-2.0874
-14.452,-26.434,-21.28,-20.843,-10.454,-7.3555,0.2121,1.0246,-8.201,-6.6891,-16.124,-12.621,-0.8195,-2.8822,2.8261,-2.0874
-14.446,-26.403,-21.242,-20.832,-10.391,-7.3645,0.2321,1.0354,-8.1669,-6.6634,-16.083,-12.614,-0.7465,-2.8763,2.9043,-2.0721
-14.446,-26.403,-21.242,-20.832,-10.391,-7.3645,0.2321,1.0354,-8.1669,-6.6634,-16.083,-12.614,-0.7465,-2.8763,2.9043,-2.0721
-14.424,-26.394,-21.168,-20.821,-10.301,-7.3562,0.2721,1.057,-8.1213,-6.629,-15.971,-12.612,-0.5849,-2.8856,3.0007,-2.027
-14.424,-26.394,-21.168,-20.821,-10.301,-7.3562,0.2721,1.057,-8.1213,-6.629,-15.971,-12.612,-0.5849,-2.8856,3.0007,-2.027
-14.364,-26.398,-21.087,-20.806,-10.262,-7.33,0.3388,1.0603,-8.0406,-6.6194,-15.843,-12.616,-0.4563,-2.8831,3.1045,-1.9913
-14.213,-26.452,-21.004,-20.779,-10.223,-7.3038,0.3975,1.0755,-7.9247,-6.6095,-15.728,-12.564,-0.3012,-2.8416,3.2473,-1.9544
-14.213,-26.452,-21.004,-20.779,-10.223,-7.3038,0.3975,1.0755,-7.9247,-6.6095,-15.728,-12.564,-0.3012,-2.8416,3.2473,-1.9544
-14.108,-26.438,-20.903,-20.765,-10.158,-7.2864,0.5036,1.083,-7.8079,-6.5996,-15.63,-12.521,-0.1294,-2.8214,3.3944,-1.9404
-14.108,-26.438,-20.903,-20.765,-10.158,-7.2864,0.5036,1.083,-7.8079,-6.5996,-15.63,-12.521,-0.1294,-2.8214,3.3944,-1.9404
-14.132,-26.362,-20.832,-20.746,-10.094,-7.2957,0.5898,1.0796,-7.7019,-6.5986,-15.553,-12.498,0.0237,-2.8104,3.4933,-1.9312
-14.132,-26.362,-20.832,-20.746,-10.094,-7.2957,0.5898,1.0796,-7.7019,-6.5986,-15.553,-12.498,0.0237,-2.8104,3.4933,-1.9312
-14.132,-26.362,-20.832,-20.746,-10.094,-7.2957,0.5898,1.0796,-7.7019,-6.5986,-15.553,-12.498,0.0237,-2.8104,3.4933,-1.9312
-14.17,-26.349,-20.757,-20.76,-10.081,-7.3136,0.6104,1.0905,-7.6546,-6.5638,-15.492,-12.484,0.1934,-2.8213,3.5577,-1.9097
-14.193,-26.358,-20.707,-20.765,-10.095,-7.3223,0.6207,1.0959,-7.5953,-6.5719,-15.436,-12.497,0.2051,-2.7597,3.5968,-1.9087
-14.193,-26.358,-20.707,-20.765,-10.095,-7.3223,0.6207,1.0959,-7.5953,-6.5719,-15.436,-12.497,0.2051,-2.7597,3.5968,-1.9087
-14.177,-26.38,-20.674,-20.758,-10.12,-7.3133,0.631,1.1013,-7.5477,-6.5887,-15.421,-12.502,0.1748,-2.716,3.6144,-1.9149
-14.177,-26.38,-20.674,-20.758,-10.12,-7.3133,0.631,1.1013,-7.5477,-6.5887,-15.421,-12.502,0.1748,-2.716,3.6144,-1.9149
-14.162,-26.403,-20.674,-20.745,-10.12,-7.3133,0.6496,1.0947,-7.5237,-6.5713,-15.412,-12.498,0.1596,-2.6942,3.6673,-1.9336
-14.162,-26.403,-20.674,-20.745,-10.12,-7.3133,0.6496,1.0947,-7.5237,-6.5713,-15.412,-12.498,0.1596,-2.6942,3.6673,-1.9336
-14.139,-26.394,-20.692,-20.733,-10.069,-7.3314,0.6599,1.1002,-7.5475,-6.537,-15.421,-12.502,0.1388,-2.7033,3.6781,-1.93
-14.139,-26.394,-20.692,-20.733,-10.069,-7.3314,0.6599,1.1002,-7.5475,-6.537,-15.421,-12.502,0.1388,-2.7033,3.6781,-1.93
-14.101,-26.407,-20.704,-20.728,-10.056,-7.3226,0.6516,1.1122,-7.619,-6.5377,-15.441,-12.524,0.0557,-2.7398,3.6144,-1.9149
-14.101,-26.407,-20.704,-20.728,-10.056,-7.3226,0.6516,1.1122,-7.619,-6.5377,-15.441,-12.524,0.0557,-2.7398,3.6144,-1.9149
-14.101,-26.407,-20.712,-20.744,-10.094,-7.2957,0.631,1.1013,-7.6427,-6.5551,-15.437,-12.546,-0.0063,-2.7671,3.5577,-1.9097
-14.101,-26.407,-20.712,-20.744,-10.094,-7.2957,0.631,1.1013,-7.6427,-6.5551,-15.437,-12.546,-0.0063,-2.7671,3.5577,-1.9097
-13.971,-26.47,-20.732,-20.756,-10.118,-7.26,0.6104,1.0905,-7.6309,-6.5979,-15.455,-12.554,-0.0475,-2.7852,3.5254,-1.9204
-13.971,-26.47,-20.732,-20.756,-10.118,-7.26,0.6104,1.0905,-7.6309,-6.5979,-15.455,-12.554,-0.0475,-2.7852,3.5254,-1.9204
-13.933,-26.483,-20.738,-20.76,-10.17,-7.242,0.6373,1.0719,-7.6428,-6.5809,-15.468,-12.535,-0.0325,-2.8068,3.5147,-1.924
-13.933,-26.483,-20.738,-20.76,-10.17,-7.242,0.6373,1.0719,-7.6428,-6.5809,-15.468,-12.535,-0.0325,-2.8068,3.5147,-1.924
-13.941,-26.43,-20.738,-20.76,-10.182,-7.2241,0.6746,1.0588,-7.6546,-6.5638,-15.49,-12.52,-0.0119,-2.7978,3.5215,-1.9338
-13.941,-26.43,-20.738,-20.76,-10.182,-7.2241,0.6746,1.0588,-7.6546,-6.5638,-15.49,-12.52,-0.0119,-2.7978,3.5215,-1.9338
-13.988,-26.362,-20.738,-20.76,-10.17,-7.242,0.6746,1.0588,-7.6427,-6.5551,-15.481,-12.517,0.0951,-2.8356,3.5322,-1.9302
-13.988,-26.362,-20.738,-20.76,-10.17,-7.242,0.6746,1.0588,-7.6427,-6.5551,-15.481,-12.517,0.0951,-2.8356,3.5322,-1.9302
-14.065,-26.335,-20.72,-20.773,-10.133,-7.2955,0.6476,1.0773,-7.6546,-6.538,-15.472,-12.512,0.1725,-2.8303,3.5673,-1.9426
-14.065,-26.335,-20.72,-20.773,-10.133,-7.2955,0.6476,1.0773,-7.6546,-6.538,-15.472,-12.512,0.1725,-2.8303,3.5673,-1.9426
-14.126,-26.331,-20.702,-20.786,-10.147,-7.3308,0.6187,1.0785,-7.6071,-6.5548,-15.448,-12.514,0.2143,-2.8123,3.578,-1.939
-14.126,-26.331,-20.702,-20.786,-10.147,-7.3308,0.6187,1.0785,-7.6071,-6.5548,-15.448,-12.514,0.2143,-2.8123,3.578,-1.939
-14.148,-26.34,-20.689,-20.778,-10.147,-7.3308,0.6001,1.0851,-7.5595,-6.5716,-15.463,-12.508,0.1633,-2.7778,3.578,-1.939
-14.148,-26.34,-20.689,-20.778,-10.147,-7.3308,0.6001,1.0851,-7.5595,-6.5716,-15.463,-12.508,0.1633,-2.7778,3.578,-1.939
-14.17,-26.349,-20.7,-20.761,-10.147,-7.3308,0.5815,1.0916,-7.5356,-6.5542,-15.463,-12.508,0.1482,-2.7561,3.6132,-1.9514
-14.17,-26.349,-20.7,-20.761,-10.147,-7.3308,0.5815,1.0916,-7.5356,-6.5542,-15.463,-12.508,0.1482,-2.7561,3.6132,-1.9514
-14.17,-26.349,-20.7,-20.761,-10.147,-7.3308,0.5815,1.0916,-7.5356,-6.5542,-15.463,-12.508,0.1482,-2.7561,3.6132,-1.9514
-14.139,-26.394,-20.719,-20.761,-10.097,-7.3752,0.561,1.0808,-7.5833,-6.5114,-15.481,-12.517,0.1633,-2.7778,3.6267,-1.971
-14.139,-26.394,-20.719,-20.761,-10.097,-7.3752,0.561,1.0808,-7.5833,-6.5114,-15.481,-12.517,0.1633,-2.7778,3.6267,-1.971
-14.162,-26.403,-20.744,-20.752,-10.058,-7.3756,0.5693,1.0688,-7.6309,-6.5205,-15.502,-12.538,0.0858,-2.7833,3.5808,-1.9621
-14.108,-26.438,-20.77,-20.756,-10.057,-7.3491,0.5591,1.0634,-7.6901,-6.5642,-15.525,-12.572,-0.0325,-2.8068,3.5029,-1.964
-14.032,-26.465,-20.783,-20.764,-10.081,-7.3136,0.5591,1.0634,-7.7491,-6.5819,-15.552,-12.584,-0.1294,-2.8214,3.4359,-1.9624
-14.032,-26.465,-20.783,-20.764,-10.081,-7.3136,0.5591,1.0634,-7.7491,-6.5819,-15.552,-12.584,-0.1294,-2.8214,3.4359,-1.9624
-14.032,-26.465,-20.783,-20.764,-10.081,-7.3136,0.5591,1.0634,-7.7491,-6.5819,-15.552,-12.584,-0.1294,-2.8214,3.4359,-1.9624
-14.017,-26.488,-20.802,-20.763,-10.094,-7.2957,0.5859,1.0449,-7.7491,-6.6076,-15.589,-12.564,-0.185,-2.8179,3.4146,-1.9696
-14.017,-26.488,-20.802,-20.763,-10.094,-7.2957,0.5859,1.0449,-7.7491,-6.6076,-15.589,-12.564,-0.185,-2.8179,3.4146,-1.9696
-14.017,-26.488,-20.802,-20.763,-10.094,-7.2957,0.5859,1.0449,-7.7491,-6.6076,-15.589,-12.564,-0.185,-2.8179,3.4146,-1.9696
-14.01,-26.456,-20.834,-20.771,-10.119,-7.2867,0.6045,1.0384,-7.7726,-6.6249,-15.644,-12.552,-0.1905,-2.8484,3.3654,-1.9742
-14.048,-26.443,-20.847,-20.779,-10.158,-7.2864,0.5962,1.0503,-7.8078,-6.6252,-15.677,-12.554,-0.1405,-2.8822,3.3269,-1.9752
-14.048,-26.443,-20.847,-20.779,-10.158,-7.2864,0.5962,1.0503,-7.8078,-6.6252,-15.677,-12.554,-0.1405,-2.8822,3.3269,-1.9752
-14.131,-26.447,-20.873,-20.794,-10.185,-7.3305,0.5489,1.058,-7.8195,-6.6339,-15.719,-12.56,-0.1608,-2.8911,3.2952,-1.9859
-14.131,-26.447,-20.873,-20.794,-10.185,-7.3305,0.5489,1.058,-7.8195,-6.6339,-15.719,-12.56,-0.1608,-2.8911,3.2952,-1.9859
-14.169,-26.434,-20.881,-20.81,-10.198,-7.3392,0.5119,1.0711,-7.7961,-6.6421,-15.746,-12.572,-0.2405,-2.8145,3.2569,-1.987
-14.169,-26.434,-20.881,-20.81,-10.198,-7.3392,0.5119,1.0711,-7.7961,-6.6421,-15.746,-12.572,-0.2405,-2.8145,3.2569,-1.987
-14.153,-26.456,-20.917,-20.797,-10.211,-7.348,0.4915,1.0603,-7.7374,-6.6756,-15.764,-12.58,-0.3107,-2.7897,3.2358,-1.9941
-14.153,-26.456,-20.917,-20.797,-10.211,-7.348,0.4915,1.0603,-7.7374,-6.6756,-15.764,-12.58,-0.3107,-2.7897,3.2358,-1.9941
-14.207,-26.421,-20.942,-20.789,-10.249,-7.3213,0.4813,1.0549,-7.7726,-6.6504,-15.805,-12.586,-0.3658,-2.7864,3.2387,-2.0169
-14.207,-26.421,-20.942,-20.789,-10.249,-7.3213,0.4813,1.0549,-7.7726,-6.6504,-15.805,-12.586,-0.3658,-2.7864,3.2387,-2.0169
-14.2,-26.389,-20.966,-20.78,-10.211,-7.3215,0.473,1.0668,-7.8079,-6.5996,-15.823,-12.594,-0.4207,-2.7832,3.2587,-2.0458
-14.2,-26.389,-20.985,-20.78,-10.16,-7.3395,0.4813,1.0549,-7.9015,-6.5921,-15.858,-12.61,-0.4857,-2.8407,3.21,-2.0503
