<!-- #################################################################
     #
     # configuration file for modules 11.01.2017 by M. Dupuis
     #
     # (c)2017 by VIRES Simulationstechnologie GmbH
     #
     #################################################################
-->
<RDB>
    <Port name="RDBraw" number="48190" type="UDP" />
</RDB>
<Debug    enable="true"
          lightSource="false"
          driver="false" />
<Sensor name="DefaultPerfectSensor" type="video">
    <Load     lib="libModulePerfectSensor.so" path="" persistent="true" />
    <Frustum  near="0.0" far="50.0" left="10.0" right="10.0" bottom="3.0" top="3.0" />
    <Cull     maxObjects="5" enable="true" />
    <Port     name="RDBout" number="48195" type="UDP" sendEgo="true" />
    <Player   default="true" />
    <Position dx="3.5" dy="0.0" dz="0.5" dhDeg="0.0" dpDeg="0.0" drDeg="0.0" />
    <Database resolveRepeatedObjects="true" continuousObjectTesselation="2.0" />
    <Filter   objectType="pedestrian"/>
    <Filter   objectType="vehicle"/>
    <Filter   objectType="trafficSign"/>
    <Debug    enable="false"
              detection="false"
              road="false"  
              position="true"
              dimensions="false" 
              camera="false" 
              CSV="false"
              packages="false"
              culling="true"
              contactPoints="false"
              trafficSigns="false"/>
</Sensor>

<DynamicsPlugin name="viTrafficDyn">
    <Load     lib="libModuleTrafficDyn.so" path=""/>
    <Player   default="true" />
    <Debug    enable="false" />
</DynamicsPlugin>

<!--DynamicsPlugin name="viTrafficDynComplex">
    <Load     lib="libModuleTrafficDynComplex.so" path=""/>
    <Player   default="true" />
    <Debug    enable="false"
              dynInput="true"
              dynOutput="true"
              CSV="false"
              packages="true"/>
</DynamicsPlugin-->
