<?xml version="1.0" encoding="UTF-8"?>
<!DOCTYPE Scenario>
<Scenario RevMajor="2" RevMinor="2">
    <Layout Database="Projects/Current/Databases/Germany.2018/Germany_2018.opt.osgb" File="Projects/Current/Databases/Germany.2018/Germany_2018.xodr"/>
    <VehicleList ConfigFile="Distros/Current/Config/Players/Vehicles"/>
    <DriverList ConfigFile="Distros/Current/Config/Players/driverCfg.xml"/>
    <CharacterList ConfigFile="Distros/Current/Config/Players/Pedestrians"/>
    <ObjectList ConfigFile="Distros/Current/Config/Players/Objects"/>
    <DynObjects Path="Distros/Current/Config/DynObjects/Logic"/>
    <TrafficElements>
        <LaneChangeDef Name="slow" Time="8.0000000000000000e+00"/>
        <LaneChangeDef Name="standard" Time="6.0000000000000000e+00"/>
        <LaneChangeDef Name="fast" Time="4.0000000000000000e+00"/>
        <CounterDef Name="Counter"/>
    </TrafficElements>
    <PulkTraffic>
        <PulkDef FillAtStart="true" OwnSide="5.9999999999999998e-01" InnerRadius="2.5000000000000000e+02" VisibleInArea="-1" CenterOffset="2.5000000000000000e+02" Trucks="1.0000000000000001e-01" Vans="1.0000000000000001e-01" AreaB="5.0000000000000000e-01" Count="100" SemiMinorAxis="5.0000000000000000e+02" AreaF="2.0000000000000001e-01" SemiMajorAxis="5.0000000000000000e+02" Cars="8.0000000000000004e-01" CentralPlayer="Ego" Buses="0.0000000000000000e+00" AreaL="1.4999999999999999e-01" AreaR="1.4999999999999999e-01" Bikes="0.0000000000000000e+00"/>
    </PulkTraffic>
    <TrafficControl>
        <Player>
            <Description Driver="DefaultDriver" Control="external" AdaptDriverToVehicleType="true" Type="Audi_A3_2009_black" Name="Ego"/>
            <Init>
                <Speed Value="1.6666666666666668e+01"/>
                <PosAbsolute X="1.1475468750000000e+03" Y="-6.7341556396484375e+03" Z="1.5225028212360031e-01" Direction="5.2101444674947448e+00" AlignToRoad="true"/>
            </Init>
        </Player>
        <Player>
            <Description Driver="DefaultDriver" Control="internal" AdaptDriverToVehicleType="true" Type="Audi_A3_2009_black" Name="New Player 01"/>
            <Init>
                <Speed Value="0.0000000000000000e+00"/>
                <PosAbsolute X="1.8676500000000001e+03" Y="-7.2441700000000001e+03" Z="2.5944600351327290e-01" Direction="6.1007984003461795e+00" AlignToRoad="true"/>
            </Init>
        </Player>
        <Player>
            <Description Driver="DefaultDriver" Control="internal" AdaptDriverToVehicleType="true" Type="Audi_A3_2009_black" Name="New Player 02"/>
            <Init>
                <Speed Value="0.0000000000000000e+00"/>
                <PosAbsolute X="1.8683583740234376e+03" Y="-7.2408389648437496e+03" Z="1.3536804012103293e-01" Direction="6.0658918153062924e+00" AlignToRoad="true"/>
            </Init>
        </Player>
        <Player>
            <Description Driver="DefaultDriver" Control="internal" AdaptDriverToVehicleType="true" Type="Audi_A3_2009_black" Name="New Player 03"/>
            <Init>
                <Speed Value="0.0000000000000000e+00"/>
                <PosAbsolute X="1.8671658691406251e+03" Y="-7.2479957617187501e+03" Z="3.9979161108974032e-01" Direction="6.0906754906846121e+00" AlignToRoad="true"/>
            </Init>
        </Player>
        <PlayerActions Player="Ego">
            <Action Name="">
                <PosAbsolute CounterID="" CounterComp="COMP_EQ" Radius="6.0000000000000000e+00" X="1.7033430175781250e+03" Y="-7.2038750000000000e+03" NetDist="false" CounterVal="0" Pivot="Ego"/>
                <SCP ExecutionTimes="1" ActiveOnEnter="true" DelayTime="0.0000000000000000e+00"><![CDATA[<Player name="Ego">
  <LaneOffset absolute="1.0"/>
</Player>
<Player name="Ego">
  <DriverBehaviorNormalized keepRightRule="0.0"  urgeToOvertake="0.0"  respondToTailgating="0.0"/>
</Player>]]></SCP>
            </Action>
            <Action Name="">
                <PosRelative CounterID="" CounterComp="COMP_EQ" NetDist="false" Distance="5.0000000000000000e+00" CounterVal="0" Pivot="Ego"/>
                <EditorPos Radius="5.0000000000000000e+00" X="1.1475468750000000e+03" Y="-6.7341556396484375e+03"/>
                <Autonomous Force="true" ExecutionTimes="1" ActiveOnEnter="true" DelayTime="0.0000000000000000e+00"/>
            </Action>
        </PlayerActions>
        <PlayerActions Player="New Player 01">
            <Action Name="">
                <PosAbsolute CounterID="" CounterComp="COMP_EQ" Radius="9.0000000000000000e+00" X="1.7519954589843751e+03" Y="-7.2182806250000003e+03" NetDist="false" CounterVal="0" Pivot="ALL_SWARM_PLAYERS"/>
                <SpeedChange Rate="4.0000000000000000e+00" Target="2.7777777777777777e+00" Force="true" ExecutionTimes="1" ActiveOnEnter="true" DelayTime="0.0000000000000000e+00"/>
            </Action>
            <Action Name="">
                <PosTrack CounterID="" CounterComp="COMP_EQ" Track="89" NetDist="false" Lane="-4" CounterVal="0" Pivot="New Player 03" s="1.7406519360424422e+03"/>
                <EditorPos Radius="5.0000000000000000e+00" X="1.9451360791015625e+03" Y="-7.2582639648437498e+03"/>
                <SpeedChange Rate="4.0000000000000000e+00" Target="0.0000000000000000e+00" Force="true" ExecutionTimes="1" ActiveOnEnter="true" DelayTime="0.0000000000000000e+00"/>
            </Action>
            <Action Name="">
                <PosRelative CounterID="" CounterComp="COMP_EQ" NetDist="false" Distance="5.0000000000000000e+00" CounterVal="0" Pivot="New Player 01"/>
                <EditorPos Radius="5.0000000000000000e+00" X="1.8676500000000001e+03" Y="-7.2441700000000001e+03"/>
                <SCP ExecutionTimes="1" ActiveOnEnter="true" DelayTime="0.0000000000000000e+00"><![CDATA[<Player name="New Player 01">
  <Visibility graphics="false" sensors="true" traffic="true"/>
</Player>]]></SCP>
            </Action>
        </PlayerActions>
        <PlayerActions Player="New Player 02">
            <Action Name="">
                <PosAbsolute CounterID="" CounterComp="COMP_EQ" Radius="9.0000000000000000e+00" X="1.7521823730468750e+03" Y="-7.2182425537109375e+03" NetDist="false" CounterVal="0" Pivot="ALL_SWARM_PLAYERS"/>
                <SpeedChange Rate="4.0000000000000000e+00" Target="2.7777777777777777e+00" Force="true" ExecutionTimes="1" ActiveOnEnter="true" DelayTime="0.0000000000000000e+00"/>
            </Action>
            <Action Name="">
                <PosTrack CounterID="" CounterComp="COMP_EQ" Track="89" NetDist="false" Lane="-2" CounterVal="0" Pivot="New Player 02" s="1.7398835487990611e+03"/>
                <EditorPos Radius="5.0000000000000000e+00" X="1.9451360791015625e+03" Y="-7.2511839648437499e+03"/>
                <SpeedChange Rate="4.0000000000000000e+00" Target="0.0000000000000000e+00" Force="true" ExecutionTimes="1" ActiveOnEnter="true" DelayTime="0.0000000000000000e+00"/>
            </Action>
            <Action Name="">
                <PosRelative CounterID="" CounterComp="COMP_EQ" NetDist="false" Distance="5.0000000000000000e+00" CounterVal="0" Pivot="New Player 02"/>
                <EditorPos Radius="5.0000000000000000e+00" X="1.8683583740234376e+03" Y="-7.2408389648437496e+03"/>
                <SCP ExecutionTimes="1" ActiveOnEnter="true" DelayTime="0.0000000000000000e+00"><![CDATA[<Player name="New Player 02">
  <Visibility graphics="false" sensors="true" traffic="true"/>
</Player>]]></SCP>
            </Action>
        </PlayerActions>
        <PlayerActions Player="New Player 03">
            <Action Name="">
                <PosAbsolute CounterID="" CounterComp="COMP_EQ" Radius="9.0000000000000000e+00" X="1.7521488037109375e+03" Y="-7.2182088623046875e+03" NetDist="false" CounterVal="0" Pivot="ALL_SWARM_PLAYERS"/>
                <SpeedChange Rate="4.0000000000000000e+00" Target="2.7777777777777777e+00" Force="true" ExecutionTimes="1" ActiveOnEnter="true" DelayTime="0.0000000000000000e+00"/>
            </Action>
            <Action Name="">
                <PosTrack CounterID="" CounterComp="COMP_EQ" Track="89" NetDist="false" Lane="-3" CounterVal="0" Pivot="New Player 01" s="1.7402490935525564e+03"/>
                <EditorPos Radius="5.0000000000000000e+00" X="1.9451360791015625e+03" Y="-7.2545439648437496e+03"/>
                <SpeedChange Rate="4.0000000000000000e+00" Target="0.0000000000000000e+00" Force="true" ExecutionTimes="1" ActiveOnEnter="true" DelayTime="0.0000000000000000e+00"/>
            </Action>
            <Action Name="">
                <PosRelative CounterID="" CounterComp="COMP_EQ" NetDist="false" Distance="5.0000000000000000e+00" CounterVal="0" Pivot="New Player 03"/>
                <EditorPos Radius="5.0000000000000000e+00" X="1.8671658691406251e+03" Y="-7.2479957617187501e+03"/>
                <SCP ExecutionTimes="1" ActiveOnEnter="true" DelayTime="0.0000000000000000e+00"><![CDATA[<Player name="New Player 03">
  <Visibility graphics="false" sensors="true" traffic="true"/>
</Player>]]></SCP>
            </Action>
        </PlayerActions>
        <PlayerActions Selection="ALL_SWARM_PLAYERS">
            <Action Name="">
                <PosTrack CounterID="" CounterComp="COMP_EQ" Track="89" NetDist="false" Lane="-2" CounterVal="0" Pivot="$owner" s="1.5441798105208331e+03"/>
                <EditorPos Radius="5.0000000000000000e+00" X="1.7523728173828124e+03" Y="-7.2151849218750003e+03"/>
                <SCP ExecutionTimes="1" ActiveOnEnter="true" DelayTime="0.0000000000000000e+00"><![CDATA[<Player name="$owner">
  <LaneOffset absolute="1.0"/>
</Player>
<Player name="$owner">
  <DriverBehaviorNormalized keepRightRule="0.0"  urgeToOvertake="0.0"  respondToTailgating="0.0"/>
</Player>
]]></SCP>
            </Action>
            <Action Name="">
                <PosTrack CounterID="" CounterComp="COMP_EQ" Track="89" NetDist="false" Lane="-3" CounterVal="0" Pivot="$owner" s="1.5447306623194752e+03"/>
                <EditorPos Radius="5.0000000000000000e+00" X="1.7520689274216011e+03" Y="-7.2182865202208795e+03"/>
                <SCP ExecutionTimes="1" ActiveOnEnter="true" DelayTime="0.0000000000000000e+00"><![CDATA[<Player name="$owner">
  <LaneOffset absolute="-1.0"/>
</Player>
<Player name="$owner">
  <DriverBehaviorNormalized keepRightRule="0.0"  urgeToOvertake="0.0"  respondToTailgating="0.0"/>
</Player>
]]></SCP>
            </Action>
            <Action Name="">
                <PosTrack CounterID="" CounterComp="COMP_EQ" Track="89" NetDist="false" Lane="-4" CounterVal="0" Pivot="$owner" s="1.5454598114126748e+03"/>
                <EditorPos Radius="5.0000000000000000e+00" X="1.7517733705393312e+03" Y="-7.2220334773538452e+03"/>
                <SCP ExecutionTimes="1" ActiveOnEnter="true" DelayTime="0.0000000000000000e+00"><![CDATA[<Player name="$owner">
  <LaneOffset absolute="-1.0"/>
</Player>
<Player name="$owner">
  <DriverBehaviorNormalized keepRightRule="0.0"  urgeToOvertake="0.0"  respondToTailgating="0.0"/>
</Player>
]]></SCP>
            </Action>
        </PlayerActions>
    </TrafficControl>
    <MovingObjectsControl/>
    <LightSigns>
        <SignalController Id="1" DelayRef="-1" Delay="0.0000000000000000e+00"/>
        <SignalController Id="2" DelayRef="-1" Delay="0.0000000000000000e+00"/>
        <SignalController Id="3" DelayRef="-1" Delay="0.0000000000000000e+00"/>
        <SignalController Id="4" DelayRef="-1" Delay="0.0000000000000000e+00"/>
        <SignalController Id="6" DelayRef="-1" Delay="0.0000000000000000e+00"/>
        <SignalController Id="7" DelayRef="-1" Delay="0.0000000000000000e+00"/>
        <SignalController Id="8" DelayRef="-1" Delay="0.0000000000000000e+00"/>
        <SignalController Id="9" DelayRef="-1" Delay="0.0000000000000000e+00"/>
        <SignalController Id="10" DelayRef="-1" Delay="0.0000000000000000e+00"/>
        <SignalController Id="12" DelayRef="-1" Delay="0.0000000000000000e+00"/>
        <SignalController Id="13" DelayRef="-1" Delay="0.0000000000000000e+00"/>
        <SignalController Id="14" DelayRef="-1" Delay="0.0000000000000000e+00"/>
        <SignalController Id="15" DelayRef="-1" Delay="0.0000000000000000e+00"/>
        <SignalController Id="16" DelayRef="-1" Delay="0.0000000000000000e+00"/>
        <SignalController Id="17" DelayRef="-1" Delay="0.0000000000000000e+00"/>
        <SignalController Id="18" DelayRef="-1" Delay="0.0000000000000000e+00"/>
        <SignalController Id="19" DelayRef="-1" Delay="0.0000000000000000e+00"/>
        <SignalController Id="20" DelayRef="-1" Delay="0.0000000000000000e+00"/>
        <SignalController Id="21" DelayRef="-1" Delay="0.0000000000000000e+00"/>
        <SignalController Id="22" DelayRef="-1" Delay="0.0000000000000000e+00"/>
        <SignalController Id="23" DelayRef="-1" Delay="0.0000000000000000e+00"/>
        <SignalController Id="24" DelayRef="-1" Delay="0.0000000000000000e+00"/>
        <SignalController Id="25" DelayRef="-1" Delay="0.0000000000000000e+00"/>
        <SignalController Id="26" DelayRef="-1" Delay="0.0000000000000000e+00"/>
        <SignalController Id="27" DelayRef="-1" Delay="0.0000000000000000e+00"/>
        <SignalController Id="28" DelayRef="-1" Delay="0.0000000000000000e+00"/>
        <SignalController Id="29" DelayRef="-1" Delay="0.0000000000000000e+00"/>
        <SignalController Id="100" DelayRef="-1" Delay="0.0000000000000000e+00"/>
        <SignalController Id="101" DelayRef="-1" Delay="0.0000000000000000e+00"/>
        <SignalController Id="102" DelayRef="-1" Delay="0.0000000000000000e+00"/>
        <SignalController Id="103" DelayRef="-1" Delay="0.0000000000000000e+00"/>
        <SignalController Id="200" DelayRef="-1" Delay="0.0000000000000000e+00"/>
        <SignalController Id="201" DelayRef="-1" Delay="0.0000000000000000e+00"/>
        <SignalController Id="202" DelayRef="-1" Delay="0.0000000000000000e+00"/>
        <SignalController Id="203" DelayRef="-1" Delay="0.0000000000000000e+00"/>
        <SignalController Id="300" DelayRef="-1" Delay="0.0000000000000000e+00"/>
        <SignalController Id="301" DelayRef="-1" Delay="0.0000000000000000e+00"/>
        <SignalController Id="302" DelayRef="-1" Delay="0.0000000000000000e+00"/>
        <SignalController Id="303" DelayRef="-1" Delay="0.0000000000000000e+00"/>
        <Signal Id="110"/>
        <Signal Id="111"/>
        <Signal Id="112"/>
        <Signal Id="113"/>
        <Signal Id="120"/>
        <Signal Id="121"/>
        <Signal Id="122"/>
        <Signal Id="123"/>
        <Signal Id="130"/>
        <Signal Id="131"/>
        <Signal Id="132"/>
        <Signal Id="133"/>
        <Signal Id="140"/>
        <Signal Id="141"/>
        <Signal Id="142"/>
        <Signal Id="143"/>
        <Signal Id="173"/>
        <Signal Id="175"/>
        <Signal Id="176"/>
        <Signal Id="177"/>
        <Signal Id="179"/>
        <Signal Id="180"/>
        <Signal Id="181"/>
        <Signal Id="182"/>
        <Signal Id="183"/>
        <Signal Id="184"/>
        <Signal Id="185"/>
        <Signal Id="186"/>
        <Signal Id="210"/>
        <Signal Id="211"/>
        <Signal Id="212"/>
        <Signal Id="213"/>
        <Signal Id="220"/>
        <Signal Id="221"/>
        <Signal Id="222"/>
        <Signal Id="223"/>
        <Signal Id="230"/>
        <Signal Id="231"/>
        <Signal Id="232"/>
        <Signal Id="233"/>
        <Signal Id="240"/>
        <Signal Id="241"/>
        <Signal Id="242"/>
        <Signal Id="243"/>
        <Signal Id="310"/>
        <Signal Id="311"/>
        <Signal Id="312"/>
        <Signal Id="313"/>
        <Signal Id="320"/>
        <Signal Id="321"/>
        <Signal Id="322"/>
        <Signal Id="323"/>
        <Signal Id="330"/>
        <Signal Id="331"/>
        <Signal Id="332"/>
        <Signal Id="333"/>
        <Signal Id="340"/>
        <Signal Id="341"/>
        <Signal Id="342"/>
        <Signal Id="343"/>
        <Signal Id="2527"/>
        <Signal Id="2528"/>
        <Signal Id="2540"/>
        <Signal Id="2541"/>
        <Signal Id="2547"/>
        <Signal Id="2548"/>
        <Signal Id="2560"/>
        <Signal Id="2561"/>
        <Signal Id="5560"/>
        <Signal Id="5561"/>
        <Signal Id="5574"/>
        <Signal Id="5575"/>
        <Signal Id="5580"/>
        <Signal Id="5581"/>
        <Signal Id="5594"/>
        <Signal Id="5595"/>
        <Signal Id="8594"/>
        <Signal Id="8595"/>
        <Signal Id="8602"/>
        <Signal Id="8603"/>
        <Signal Id="8614"/>
        <Signal Id="8615"/>
        <Signal Id="8622"/>
        <Signal Id="8623"/>
        <Signal Id="11611"/>
        <Signal Id="11612"/>
        <Signal Id="11613"/>
        <Signal Id="11614"/>
        <Signal Id="11615"/>
        <Signal Id="11616"/>
        <Signal Id="11617"/>
        <Signal Id="11618"/>
        <Signal Id="11619"/>
        <Signal Id="11620"/>
        <Signal Id="11621"/>
        <Signal Id="11622"/>
        <Signal Id="11623"/>
        <Signal Id="11624"/>
        <Signal Id="11625"/>
        <Signal Id="11626"/>
        <Signal Id="11628"/>
        <Signal Id="11629"/>
        <Signal Id="11630"/>
        <Signal Id="11631"/>
        <Signal Id="11632"/>
        <Signal Id="11633"/>
        <Signal Id="11634"/>
        <Signal Id="11635"/>
        <Signal Id="11636"/>
        <Signal Id="11637"/>
        <Signal Id="11638"/>
        <Signal Id="11639"/>
        <Signal Id="11640"/>
        <Signal Id="11641"/>
        <Signal Id="11642"/>
        <Signal Id="11643"/>
        <Signal Id="11644"/>
        <Signal Id="11645"/>
        <Signal Id="11646"/>
        <Signal Id="11648"/>
        <Signal Id="11649"/>
        <Signal Id="11650"/>
        <Signal Id="11651"/>
        <Signal Id="11652"/>
        <Signal Id="11653"/>
        <Signal Id="11654"/>
        <Signal Id="11655"/>
        <Signal Id="11656"/>
        <Signal Id="11658"/>
        <Signal Id="11659"/>
        <Signal Id="11660"/>
        <Signal Id="11661"/>
        <Signal Id="11662"/>
        <Signal Id="11663"/>
        <Signal Id="11664"/>
        <Signal Id="11665"/>
        <Signal Id="11666"/>
    </LightSigns>
    <Selections/>
</Scenario>
