<?xml version="1.0" encoding="UTF-8"?>
<!DOCTYPE Scenario>
<Scenario RevMajor="2020" RevMinor="0">
    <Layout Database="Projects/Current/Databases/Germany.2018/Germany_2018.opt.osgb" File="Projects/Current/Databases/Germany.2018/Germany_2018.xodr"/>
    <VehicleList ConfigFile="Distros/Current/Config/Players/Vehicles"/>
    <DriverList ConfigFile="Distros/Current/Config/Players/driverCfg.xml"/>
    <CharacterList ConfigFile="Distros/Current/Config/Players/Pedestrians"/>
    <ObjectList ConfigFile="Distros/Current/Config/Players/Objects"/>
    <DynObjects Path="Distros/Current/Config/DynObjects/Logic"/>
    <TrafficElements>
        <CounterDef Name="Next"/>
    </TrafficElements>
    <PulkTraffic/>
    <TrafficControl>
        <Player>
            <Description Driver="No Driver" Control="internal" AdaptDriverToVehicleType="true" Type="VW_PassatVariant_2011_island grey" Name="Parking1"/>
            <Init>
                <Speed Value="0.0000000000000000e+00"/>
                <PosAbsolute X="7.4284553906250003e+03" Y="-2.7689937011718748e+03" Z="0.0000000000000000e+00" Direction="3.1415926535897931e+00" AlignToRoad="false"/>
            </Init>
        </Player>
        <Player>
            <Description Driver="DefaultDriver" Control="external" AdaptDriverToVehicleType="true" Type="Audi_A3_2009_red" Name="Ego"/>
            <Init>
                <Speed Value="0.0000000000000000e+00"/>
                <PosAbsolute X="7.4334501562500000e+03" Y="-2.7402983496093748e+03" Z="0.0000000000000000e+00" Direction="4.6814509094165180e+00" AlignToRoad="true"/>
            </Init>
        </Player>
        <Player>
            <Description Driver="No Driver" Control="internal" AdaptDriverToVehicleType="true" Type="BMW_Z4_2010_grey" Name="Parking2"/>
            <Init>
                <Speed Value="0.0000000000000000e+00"/>
                <PosAbsolute X="7.4256733398437500e+03" Y="-2.7744226074218750e+03" Z="0.0000000000000000e+00" Direction="6.2686785528736184e+00" AlignToRoad="false"/>
            </Init>
        </Player>
        <Player>
            <Description Driver="No Driver" Control="internal" AdaptDriverToVehicleType="true" Type="VW_Tiguan_2012_white" Name="Parking3"/>
            <Init>
                <Speed Value="0.0000000000000000e+00"/>
                <PosAbsolute X="7.4282883984375003e+03" Y="-2.7665215332031248e+03" Z="0.0000000000000000e+00" Direction="3.1415926535897931e+00" AlignToRoad="false"/>
            </Init>
        </Player>
        <Player>
            <Description Driver="No Driver" Control="internal" AdaptDriverToVehicleType="true" Type="MercedesV_14_Black" Name="Parking4"/>
            <Init>
                <Speed Value="0.0000000000000000e+00"/>
                <PosAbsolute X="7.4287459179687503e+03" Y="-2.7642039062499998e+03" Z="0.0000000000000000e+00" Direction="3.1415926535897931e+00" AlignToRoad="false"/>
            </Init>
        </Player>
        <Player>
            <Description Driver="No Driver" Control="internal" AdaptDriverToVehicleType="true" Type="VW_Tiguan_2012_white" Name="Parking5"/>
            <Init>
                <Speed Value="0.0000000000000000e+00"/>
                <PosAbsolute X="7.4256023632812503e+03" Y="-2.7766785156249998e+03" Z="0.0000000000000000e+00" Direction="6.2744745692505628e+00" AlignToRoad="false"/>
            </Init>
        </Player>
        <Player>
            <Description Driver="No Driver" Control="internal" AdaptDriverToVehicleType="true" Type="Mini_OneCB_2009_grey" Name="Parking6"/>
            <Init>
                <Speed Value="0.0000000000000000e+00"/>
                <PosAbsolute X="7.4283836132812503e+03" Y="-2.7789490234374998e+03" Z="0.0000000000000000e+00" Direction="3.1415926535897931e+00" AlignToRoad="false"/>
            </Init>
        </Player>
        <Player>
            <Description Driver="No Driver" Control="internal" AdaptDriverToVehicleType="true" Type="Nissan_Z350_2007_grey" Name="Parking7"/>
            <Init>
                <Speed Value="0.0000000000000000e+00"/>
                <PosAbsolute X="7.4256707226562503e+03" Y="-2.7816707031249998e+03" Z="0.0000000000000000e+00" Direction="1.0118521934445204e-02" AlignToRoad="false"/>
            </Init>
        </Player>
        <PlayerActions Player="Parking1"/>
        <PlayerActions Player="Ego">
            <Action Name="Auto">
                <PosRelative CounterID="" CounterComp="COMP_EQ" NetDist="false" Distance="2.0000000000000000e+00" CounterVal="0" Pivot="Ego"/>
                <EditorPos Radius="2.0000000000000000e+00" X="7.4334501562500000e+03" Y="-2.7402983496093748e+03"/>
                <Autonomous Force="true" ExecutionTimes="1" ActiveOnEnter="true" DelayTime="0.0000000000000000e+00"/>
            </Action>
            <Action Name="ParkForward">
                <PosAbsolute CounterID="" CounterComp="COMP_EQ" Radius="5.0000000000000000e+00" X="7.4334796752929688e+03" Y="-2.7582547607421875e+03" NetDist="false" CounterVal="0" Pivot="Ego"/>
                <SpeedChange Rate="2.5000000000000000e+00" Target="8.3333333333333326e-01" Force="true" ExecutionTimes="-1" ActiveOnEnter="true" DelayTime="0.0000000000000000e+00"/>
                <SCP ExecutionTimes="-1" ActiveOnEnter="true" DelayTime="0.0000000000000000e+00"><![CDATA[<Traffic>
  <ActionNominalTrajectory command="add" radius="15" endAction="stop" name="ParkForward" actor="Ego" force="true"/>
</Traffic>
]]></SCP>
            </Action>
            <Action Name="ReverseOut">
                <PosAbsolute CounterID="" CounterComp="COMP_EQ" Radius="1.1000000000000001e+00" X="7.4273031374545408e+03" Y="-2.7713417723140419e+03" NetDist="false" CounterVal="0" Pivot="Ego"/>
                <SpeedChange Rate="4.0000000000000000e+00" Target="-1.1111111111111112e+00" Force="true" ExecutionTimes="1" ActiveOnEnter="true" DelayTime="5.0000000000000000e+00"/>
                <Counter CounterID="Next" ExecutionTimes="1" ActiveOnEnter="true" DelayTime="0.0000000000000000e+00" Value="1" Op="SET"/>
            </Action>
            <Action Name="ToNext">
                <PosAbsolute CounterID="Next" CounterComp="COMP_EQ" Radius="4.0000000000000000e+00" X="7.4339160524936033e+03" Y="-2.7722978270015419e+03" NetDist="false" CounterVal="1" Pivot="Ego"/>
                <Autonomous Force="true" ExecutionTimes="-1" ActiveOnEnter="true" DelayTime="1.0000000000000000e+00"/>
                <SCP ExecutionTimes="-1" ActiveOnEnter="true" DelayTime="1.0000000000000000e+00"><![CDATA[<Traffic>
  <ActionNominalTrajectory command="add" radius="15" endAction="stop" name="ToNext" actor="Ego" force="true" waypointSequence="ascending"/>
</Traffic>]]></SCP>
            </Action>
            <Action Name="ParkReverse">
                <PosAbsolute CounterID="" CounterComp="COMP_EQ" Radius="2.0000000000000000e+00" X="7.4321965942382812e+03" Y="-2.7791411132812500e+03" NetDist="false" CounterVal="0" Pivot="Ego"/>
                <SpeedChange Rate="4.0000000000000000e+00" Target="-1.1111111111111112e+00" Force="true" ExecutionTimes="1" ActiveOnEnter="true" DelayTime="2.0000000000000000e+00"/>
                <SCP ExecutionTimes="1" ActiveOnEnter="true" DelayTime="0.0000000000000000e+00"><![CDATA[<Traffic>
  <ActionNominalTrajectory command="add" radius="15" endAction="stop" name="ParkReverse" actor="Ego" force="true" />
</Traffic>
]]></SCP>
            </Action>
            <Action Name="CameraPosition1">
                <PosRelative CounterID="" CounterComp="COMP_EQ" NetDist="false" Distance="5.0000000000000000e+00" CounterVal="0" Pivot="Ego"/>
                <EditorPos Radius="5.0000000000000000e+00" X="7.4334501562500000e+03" Y="-2.7402983496093748e+03"/>
                <SCP ExecutionTimes="1" ActiveOnEnter="true" DelayTime="0.0000000000000000e+00"><![CDATA[<Camera name="VIEW_CAMERA" showOwner="true"><Frustum far="1500.000000" fovHor="40.000000" fovVert="30.000000" near="1.000000" offsetHor="0.000000" offsetVert="0.000000" /><PosRelative dx="-14.000000" dy="0.000000" dz="20.000000" player="Ego" /><ViewRelative dh="0.000000" dp="0.872665" dr="0.000000" /><Set /></Camera>
]]></SCP>
            </Action>
            <Action Name="CameraPosition2">
                <PosRelative CounterID="" CounterComp="COMP_EQ" NetDist="false" Distance="5.0000000000000000e+00" CounterVal="0" Pivot="Ego"/>
                <EditorPos Radius="5.0000000000000000e+00" X="7.4334501562500000e+03" Y="-2.7402983496093748e+03"/>
                <SCP ExecutionTimes="1" ActiveOnEnter="true" DelayTime="3.9000000000000000e+01"><![CDATA[<Camera name="VIEW_CAMERA" showOwner="true"><Frustum far="1500.000000" fovHor="40.000000" fovVert="30.000000" near="1.000000" offsetHor="0.000000" offsetVert="0.000000" /><PosRelative dx="13.000000" dy="4.000000" dz="3.000000" player="Ego" /><ViewRelative dh="-2.775074" dp="0.226893" dr="0.000000" /><Set /></Camera>
]]></SCP>
            </Action>
        </PlayerActions>
        <PlayerActions Player="Parking2"/>
        <PlayerActions Player="Parking3"/>
        <PlayerActions Player="Parking4"/>
        <PlayerActions Player="Parking5"/>
        <PlayerActions Player="Parking6"/>
        <PlayerActions Player="Parking7"/>
    </TrafficControl>
    <MovingObjectsControl>
        <PathShape ShapeId="1" ShapeType="polyline" Closed="false" Name="ParkForward">
            <Waypoint X="7.4329186401367188e+03" Y="-2.7589752197265625e+03" Options="0x00000000" Z="0.0000000000000000e+00" Weight="1.0000000000000000e+00" Yaw="4.7876254287497293e+00" Pitch="0.0000000000000000e+00" Roll="0.0000000000000000e+00" Time="0.0000000000000000e+00"/>
            <Waypoint X="7.4337580566406250e+03" Y="-2.7701112060546875e+03" Options="0x00000000" Z="0.0000000000000000e+00" Weight="1.0000000000000000e+00" Yaw="3.5067817961846295e+00" Pitch="0.0000000000000000e+00" Roll="0.0000000000000000e+00" Time="0.0000000000000000e+00"/>
            <Waypoint X="7.4315946655273438e+03" Y="-2.7709383544921875e+03" Options="0x00000000" Z="0.0000000000000000e+00" Weight="1.0000000000000000e+00" Yaw="3.2086821970614556e+00" Pitch="0.0000000000000000e+00" Roll="0.0000000000000000e+00" Time="0.0000000000000000e+00"/>
            <Waypoint X="7.4271271972656250e+03" Y="-2.7712385253906250e+03" Options="0x00000000" Z="0.0000000000000000e+00" Weight="1.0000000000000000e+00" Yaw="3.2086821970614556e+00" Pitch="0.0000000000000000e+00" Roll="0.0000000000000000e+00" Time="0.0000000000000000e+00"/>
        </PathShape>
        <PathShape ShapeId="2" ShapeType="polyline" Closed="false" Name="ReverseOut">
            <Waypoint X="7.4271121826171875e+03" Y="-2.7713420410156250e+03" Options="0x00000000" Z="0.0000000000000000e+00" Weight="1.0000000000000000e+00" Yaw="6.2654300192955485e+00" Pitch="0.0000000000000000e+00" Roll="0.0000000000000000e+00" Time="0.0000000000000000e+00"/>
            <Waypoint X="7.4310581054687500e+03" Y="-2.7714121093750000e+03" Options="0x00000000" Z="0.0000000000000000e+00" Weight="1.0000000000000000e+00" Yaw="6.8210315910518138e-01" Pitch="0.0000000000000000e+00" Roll="0.0000000000000000e+00" Time="0.0000000000000000e+00"/>
            <Waypoint X="7.4322319946289062e+03" Y="-2.7704587402343750e+03" Options="0x00000000" Z="0.0000000000000000e+00" Weight="1.0000000000000000e+00" Yaw="6.8210315910518138e-01" Pitch="0.0000000000000000e+00" Roll="0.0000000000000000e+00" Time="0.0000000000000000e+00"/>
        </PathShape>
        <PathShape ShapeId="3" ShapeType="polyline" Closed="false" Name="ToNext">
            <Waypoint X="7.4331987915039062e+03" Y="-2.7714763183593750e+03" Options="0x00000000" Z="0.0000000000000000e+00" Weight="1.0000000000000000e+00" Yaw="4.3796668937616730e+00" Pitch="0.0000000000000000e+00" Roll="0.0000000000000000e+00" Time="0.0000000000000000e+00"/>
            <Waypoint X="7.4326132812500000e+03" Y="-2.7731706542968750e+03" Options="0x00000000" Z="0.0000000000000000e+00" Weight="1.0000000000000000e+00" Yaw="4.5513454306775820e+00" Pitch="0.0000000000000000e+00" Roll="0.0000000000000000e+00" Time="0.0000000000000000e+00"/>
            <Waypoint X="7.4322636718750000e+03" Y="-2.7753227539062500e+03" Options="0x00000000" Z="0.0000000000000000e+00" Weight="1.0000000000000000e+00" Yaw="4.7046126823052461e+00" Pitch="0.0000000000000000e+00" Roll="0.0000000000000000e+00" Time="0.0000000000000000e+00"/>
            <Waypoint X="7.4322509155273438e+03" Y="-2.7769631347656250e+03" Options="0x00000000" Z="0.0000000000000000e+00" Weight="1.0000000000000000e+00" Yaw="4.6778196771512688e+00" Pitch="0.0000000000000000e+00" Roll="0.0000000000000000e+00" Time="0.0000000000000000e+00"/>
            <Waypoint X="7.4321674804687500e+03" Y="-2.7793757324218750e+03" Options="0x00000000" Z="0.0000000000000000e+00" Weight="1.0000000000000000e+00" Yaw="4.6778196771512688e+00" Pitch="0.0000000000000000e+00" Roll="0.0000000000000000e+00" Time="0.0000000000000000e+00"/>
        </PathShape>
        <PathShape ShapeId="4" ShapeType="polyline" Closed="false" Name="Test">
            <Waypoint X="7.4303767089843750e+03" Y="-2.7149167480468750e+03" Options="0x00000000" Z="0.0000000000000000e+00" Weight="1.0000000000000000e+00" Yaw="4.7598572948757862e+00" Pitch="0.0000000000000000e+00" Roll="0.0000000000000000e+00" Time="0.0000000000000000e+00"/>
            <Waypoint X="7.4316055908203125e+03" Y="-2.7407857666015625e+03" Options="0x00000000" Z="0.0000000000000000e+00" Weight="1.0000000000000000e+00" Yaw="4.7598572948757862e+00" Pitch="0.0000000000000000e+00" Roll="0.0000000000000000e+00" Time="0.0000000000000000e+00"/>
        </PathShape>
        <PathShape ShapeId="5" ShapeType="polyline" Closed="false" Name="ParkReverse">
            <Waypoint X="7.4322723999023438e+03" Y="-2.7793876953125000e+03" Options="0x00000000" Z="0.0000000000000000e+00" Weight="1.0000000000000000e+00" Yaw="1.5871008051463489e+00" Pitch="0.0000000000000000e+00" Roll="0.0000000000000000e+00" Time="0.0000000000000000e+00"/>
            <Waypoint X="7.4322312011718750e+03" Y="-2.7768610839843750e+03" Options="0x00000000" Z="0.0000000000000000e+00" Weight="1.0000000000000000e+00" Yaw="1.7655513998894290e+00" Pitch="0.0000000000000000e+00" Roll="0.0000000000000000e+00" Time="0.0000000000000000e+00"/>
            <Waypoint X="7.4318837890625000e+03" Y="-2.7750998535156250e+03" Options="0x00000000" Z="0.0000000000000000e+00" Weight="1.0000000000000000e+00" Yaw="2.4546889749256477e+00" Pitch="0.0000000000000000e+00" Roll="0.0000000000000000e+00" Time="0.0000000000000000e+00"/>
            <Waypoint X="7.4293046875000000e+03" Y="-2.7729846191406250e+03" Options="0x00000000" Z="0.0000000000000000e+00" Weight="1.0000000000000000e+00" Yaw="3.1094886357632161e+00" Pitch="0.0000000000000000e+00" Roll="0.0000000000000000e+00" Time="0.0000000000000000e+00"/>
            <Waypoint X="7.4270468750000000e+03" Y="-2.7729121093750000e+03" Options="0x00000000" Z="0.0000000000000000e+00" Weight="1.0000000000000000e+00" Yaw="2.8511991007656174e+00" Pitch="0.0000000000000000e+00" Roll="0.0000000000000000e+00" Time="0.0000000000000000e+00"/>
            <Waypoint X="7.4248974609375000e+03" Y="-2.7722697753906250e+03" Options="0x00000000" Z="0.0000000000000000e+00" Weight="1.0000000000000000e+00" Yaw="2.8511991007656174e+00" Pitch="0.0000000000000000e+00" Roll="0.0000000000000000e+00" Time="0.0000000000000000e+00"/>
        </PathShape>
        <PathShape ShapeId="7" ShapeType="spline" Closed="false" Name="PathShape01">
            <Waypoint X="7.4286333007812500e+03" Y="-2.7566733398437500e+03" Options="0x00000000" Z="0.0000000000000000e+00" Weight="1.0000000000000000e+00" Yaw="4.7016127345928913e+00" Pitch="0.0000000000000000e+00" Roll="0.0000000000000000e+00" Time="0.0000000000000000e+00"/>
            <Waypoint X="7.4286049804687500e+03" Y="-2.7593012695312500e+03" Options="0x00000000" Z="0.0000000000000000e+00" Weight="1.0000000000000000e+00" Yaw="0.0000000000000000e+00" Pitch="0.0000000000000000e+00" Roll="0.0000000000000000e+00" Time="0.0000000000000000e+00"/>
            <Waypoint X="7.4289236298419810e+03" Y="-2.7603015146453617e+03" Options="0x00000000" Z="0.0000000000000000e+00" Weight="1.0000000000000000e+00" Yaw="0.0000000000000000e+00" Pitch="0.0000000000000000e+00" Roll="0.0000000000000000e+00" Time="0.0000000000000000e+00"/>
            <Waypoint X="7.4282607421875000e+03" Y="-2.7607031250000000e+03" Options="0x00000000" Z="0.0000000000000000e+00" Weight="1.0000000000000000e+00" Yaw="3.6863023807417443e+00" Pitch="0.0000000000000000e+00" Roll="0.0000000000000000e+00" Time="0.0000000000000000e+00"/>
            <Waypoint X="7.4248389166451416e+03" Y="-2.7627762373294981e+03" Options="0x00000000" Z="0.0000000000000000e+00" Weight="1.0000000000000000e+00" Yaw="0.0000000000000000e+00" Pitch="0.0000000000000000e+00" Roll="0.0000000000000000e+00" Time="0.0000000000000000e+00"/>
            <Waypoint X="7.4237154379680042e+03" Y="-2.7620689756537340e+03" Options="0x00000000" Z="0.0000000000000000e+00" Weight="1.0000000000000000e+00" Yaw="0.0000000000000000e+00" Pitch="0.0000000000000000e+00" Roll="0.0000000000000000e+00" Time="0.0000000000000000e+00"/>
            <Waypoint X="7.4236801757812500e+03" Y="-2.7666916503906250e+03" Options="0x00000000" Z="0.0000000000000000e+00" Weight="1.0000000000000000e+00" Yaw="4.7047610366416119e+00" Pitch="0.0000000000000000e+00" Roll="0.0000000000000000e+00" Time="0.0000000000000000e+00"/>
            <Waypoint X="7.4236492994636919e+03" Y="-2.7707393622962318e+03" Options="0x00000000" Z="0.0000000000000000e+00" Weight="1.0000000000000000e+00" Yaw="0.0000000000000000e+00" Pitch="0.0000000000000000e+00" Roll="0.0000000000000000e+00" Time="0.0000000000000000e+00"/>
            <Waypoint X="7.4238982693202142e+03" Y="-2.7743686542851883e+03" Options="0x00000000" Z="0.0000000000000000e+00" Weight="1.0000000000000000e+00" Yaw="0.0000000000000000e+00" Pitch="0.0000000000000000e+00" Roll="0.0000000000000000e+00" Time="0.0000000000000000e+00"/>
            <Waypoint X="7.4234775390625000e+03" Y="-2.7793344726562500e+03" Options="0x00000000" Z="0.0000000000000000e+00" Weight="1.0000000000000000e+00" Yaw="4.6278655803990238e+00" Pitch="0.0000000000000000e+00" Roll="0.0000000000000000e+00" Time="0.0000000000000000e+00"/>
            <Waypoint X="7.4234032255682250e+03" Y="-2.7802115840793585e+03" Options="0x00000000" Z="0.0000000000000000e+00" Weight="1.0000000000000000e+00" Yaw="0.0000000000000000e+00" Pitch="0.0000000000000000e+00" Roll="0.0000000000000000e+00" Time="0.0000000000000000e+00"/>
            <Waypoint X="7.4235267165267414e+03" Y="-2.7809282187239660e+03" Options="0x00000000" Z="0.0000000000000000e+00" Weight="1.0000000000000000e+00" Yaw="0.0000000000000000e+00" Pitch="0.0000000000000000e+00" Roll="0.0000000000000000e+00" Time="0.0000000000000000e+00"/>
            <Waypoint X="7.4244824218750000e+03" Y="-2.7829953613281250e+03" Options="0x00000000" Z="0.0000000000000000e+00" Weight="1.0000000000000000e+00" Yaw="5.1454504144702344e+00" Pitch="0.0000000000000000e+00" Roll="0.0000000000000000e+00" Time="0.0000000000000000e+00"/>
            <Waypoint X="7.4251867685610696e+03" Y="-2.7845188277872435e+03" Options="0x00000000" Z="0.0000000000000000e+00" Weight="1.0000000000000000e+00" Yaw="0.0000000000000000e+00" Pitch="0.0000000000000000e+00" Roll="0.0000000000000000e+00" Time="0.0000000000000000e+00"/>
            <Waypoint X="7.4283394146211986e+03" Y="-2.7845686782410735e+03" Options="0x00000000" Z="0.0000000000000000e+00" Weight="1.0000000000000000e+00" Yaw="0.0000000000000000e+00" Pitch="0.0000000000000000e+00" Roll="0.0000000000000000e+00" Time="0.0000000000000000e+00"/>
            <Waypoint X="7.4284008789062500e+03" Y="-2.7854011230468750e+03" Options="0x00000000" Z="0.0000000000000000e+00" Weight="1.0000000000000000e+00" Yaw="4.7860911080140838e+00" Pitch="0.0000000000000000e+00" Roll="0.0000000000000000e+00" Time="0.0000000000000000e+00"/>
            <Waypoint X="7.4286718548446843e+03" Y="-2.7890711000466790e+03" Options="0x00000000" Z="0.0000000000000000e+00" Weight="1.0000000000000000e+00" Yaw="0.0000000000000000e+00" Pitch="0.0000000000000000e+00" Roll="0.0000000000000000e+00" Time="0.0000000000000000e+00"/>
            <Waypoint X="7.4286318360714722e+03" Y="-2.7910441262155414e+03" Options="0x00000000" Z="0.0000000000000000e+00" Weight="1.0000000000000000e+00" Yaw="0.0000000000000000e+00" Pitch="0.0000000000000000e+00" Roll="0.0000000000000000e+00" Time="0.0000000000000000e+00"/>
            <Waypoint X="7.4286596679687500e+03" Y="-2.7930712890625000e+03" Options="0x00000000" Z="0.0000000000000000e+00" Weight="1.0000000000000000e+00" Yaw="4.7261176005388874e+00" Pitch="0.0000000000000000e+00" Roll="0.0000000000000000e+00" Time="0.0000000000000000e+00"/>
            <Waypoint X="7.4287283089132898e+03" Y="-2.7980708178823720e+03" Options="0x00000000" Z="1.2000000000000000e-01" Weight="1.0000000000000000e+00" Yaw="0.0000000000000000e+00" Pitch="0.0000000000000000e+00" Roll="0.0000000000000000e+00" Time="0.0000000000000000e+00"/>
            <Waypoint X="7.4286503323812321e+03" Y="-2.7982117926394226e+03" Options="0x00000000" Z="0.0000000000000000e+00" Weight="1.0000000000000000e+00" Yaw="0.0000000000000000e+00" Pitch="0.0000000000000000e+00" Roll="0.0000000000000000e+00" Time="0.0000000000000000e+00"/>
            <Waypoint X="7.4286699218750000e+03" Y="-2.8042299804687500e+03" Options="0x00000000" Z="0.0000000000000000e+00" Weight="1.0000000000000000e+00" Yaw="4.7156440174719405e+00" Pitch="0.0000000000000000e+00" Roll="0.0000000000000000e+00" Time="0.0000000000000000e+00"/>
        </PathShape>
        <Character CharacterType="male_adult" Class="pedestrian" Appearance="Christian3" Name="New Character">
            <StartPosAbs X="7.4285747070312500e+03" Y="-2.7566345214843750e+03" Z="0.0000000000000000e+00" Direction="4.6822814074755659e+00"/>
        </Character>
        <Character CharacterType="female_adult" Class="pedestrian" Appearance="Hannah3" Name="New Character01">
            <StartPosAbs X="7.4292084960937500e+03" Y="-2.7857202148437500e+03" Z="1.2000000000000000e-01" Direction="4.9862440767957708e+00"/>
        </Character>
        <Character CharacterType="male_child" Class="pedestrian" Appearance="Martin3" Name="New Character02">
            <StartPosAbs X="7.4243330078125000e+03" Y="-2.7700456542968750e+03" Z="1.2000000000000000e-01" Direction="1.2732631915728991e+00"/>
        </Character>
        <Character CharacterType="female_child" Class="pedestrian" Appearance="Julia1" Name="New Character03">
            <StartPosAbs X="7.4243374023437500e+03" Y="-2.7693586425781250e+03" Z="1.2000000000000000e-01" Direction="5.0676455423251392e+00"/>
        </Character>
        <Character CharacterType="male_adult" Class="pedestrian" Appearance="Christian1" Name="New Character04">
            <StartPosAbs X="7.4292126953124998e+03" Y="-2.7875294726562502e+03" Z="1.2000000000000000e-01" Direction="1.0117174683989814e+00"/>
        </Character>
        <CharacterActions Character="New Character">
            <Action Name="">
                <PosRelative CounterID="" CounterComp="COMP_EQ" NetDist="false" Distance="5.0000000000000000e+00" CounterVal="0" Pivot="New Character"/>
                <EditorPos Radius="5.0000000000000000e+00" X="7.4285747070312500e+03" Y="-2.7566345214843750e+03"/>
                <Motion Move="walk" Rate="0.0000000000000000e+00" Speed="1.7000000476837158e+00" Force="true" ExecutionTimes="1" ActiveOnEnter="true" DelayTime="0.0000000000000000e+00"/>
                <CharacterPath Loop="false" PathShape="7" ExecutionTimes="1" ActiveOnEnter="true" DelayTime="0.0000000000000000e+00" Beam="true" ClampToGround="true"/>
            </Action>
        </CharacterActions>
        <CharacterActions Character="New Character01">
            <Action Name="">
                <PosRelative CounterID="" CounterComp="COMP_EQ" NetDist="false" Distance="5.0000000000000000e+00" CounterVal="0" Pivot="New Character01"/>
                <EditorPos Radius="5.0000000000000000e+00" X="7.4292084960937500e+03" Y="-2.7857202148437500e+03"/>
                <Gesture GestureType="phone_call" Duration="0.0000000000000000e+00" ExecutionTimes="1" Repeat="15" ActiveOnEnter="true" DelayTime="0.0000000000000000e+00"/>
            </Action>
        </CharacterActions>
        <CharacterActions Character="New Character02">
            <Action Name="">
                <PosRelative CounterID="" CounterComp="COMP_EQ" NetDist="false" Distance="5.0000000000000000e+00" CounterVal="0" Pivot="New Character02"/>
                <EditorPos Radius="5.0000000000000000e+00" X="7.4243330078125000e+03" Y="-2.7700456542968750e+03"/>
                <Gesture GestureType="texting" Duration="0.0000000000000000e+00" ExecutionTimes="1" Repeat="10" ActiveOnEnter="true" DelayTime="0.0000000000000000e+00"/>
            </Action>
        </CharacterActions>
        <CharacterActions Character="New Character03">
            <Action Name="">
                <PosRelative CounterID="" CounterComp="COMP_EQ" NetDist="false" Distance="5.0000000000000000e+00" CounterVal="0" Pivot="New Character03"/>
                <EditorPos Radius="5.0000000000000000e+00" X="7.4243374023437500e+03" Y="-2.7693586425781250e+03"/>
                <Gesture GestureType="eating" Duration="0.0000000000000000e+00" ExecutionTimes="1" Repeat="1" ActiveOnEnter="true" DelayTime="0.0000000000000000e+00"/>
            </Action>
        </CharacterActions>
        <CharacterActions Character="New Character04">
            <Action Name="">
                <PosRelative CounterID="" CounterComp="COMP_EQ" NetDist="false" Distance="5.0000000000000000e+00" CounterVal="0" Pivot="New Character04"/>
                <EditorPos Radius="5.0000000000000000e+00" X="7.4292126953124998e+03" Y="-2.7875294726562502e+03"/>
                <Gesture GestureType="coffee_drink_LA" Duration="0.0000000000000000e+00" ExecutionTimes="1" Repeat="1" ActiveOnEnter="true" DelayTime="0.0000000000000000e+00"/>
            </Action>
        </CharacterActions>
    </MovingObjectsControl>
    <LightSigns>
        <SignalController Id="1" DelayRef="-1" Delay="0.0000000000000000e+00"/>
        <SignalController Id="2" DelayRef="-1" Delay="0.0000000000000000e+00"/>
        <SignalController Id="3" DelayRef="-1" Delay="0.0000000000000000e+00"/>
        <SignalController Id="4" DelayRef="-1" Delay="0.0000000000000000e+00"/>
        <SignalController Id="6" DelayRef="-1" Delay="0.0000000000000000e+00"/>
        <SignalController Id="7" DelayRef="-1" Delay="0.0000000000000000e+00"/>
        <SignalController Id="8" DelayRef="-1" Delay="0.0000000000000000e+00"/>
        <SignalController Id="9" DelayRef="-1" Delay="0.0000000000000000e+00"/>
        <SignalController Id="10" DelayRef="-1" Delay="0.0000000000000000e+00"/>
        <SignalController Id="12" DelayRef="-1" Delay="0.0000000000000000e+00"/>
        <SignalController Id="13" DelayRef="-1" Delay="0.0000000000000000e+00"/>
        <SignalController Id="14" DelayRef="-1" Delay="0.0000000000000000e+00"/>
        <SignalController Id="15" DelayRef="-1" Delay="0.0000000000000000e+00"/>
        <SignalController Id="16" DelayRef="-1" Delay="0.0000000000000000e+00"/>
        <SignalController Id="17" DelayRef="-1" Delay="0.0000000000000000e+00"/>
        <SignalController Id="18" DelayRef="-1" Delay="0.0000000000000000e+00"/>
        <SignalController Id="19" DelayRef="-1" Delay="0.0000000000000000e+00"/>
        <SignalController Id="20" DelayRef="-1" Delay="0.0000000000000000e+00"/>
        <SignalController Id="21" DelayRef="-1" Delay="0.0000000000000000e+00"/>
        <SignalController Id="22" DelayRef="-1" Delay="0.0000000000000000e+00"/>
        <SignalController Id="23" DelayRef="-1" Delay="0.0000000000000000e+00"/>
        <SignalController Id="24" DelayRef="-1" Delay="0.0000000000000000e+00"/>
        <SignalController Id="25" DelayRef="-1" Delay="0.0000000000000000e+00"/>
        <SignalController Id="26" DelayRef="-1" Delay="0.0000000000000000e+00"/>
        <SignalController Id="27" DelayRef="-1" Delay="0.0000000000000000e+00"/>
        <SignalController Id="28" DelayRef="-1" Delay="0.0000000000000000e+00"/>
        <SignalController Id="29" DelayRef="-1" Delay="0.0000000000000000e+00"/>
        <Signal Id="173"/>
        <Signal Id="175"/>
        <Signal Id="176"/>
        <Signal Id="177"/>
        <Signal Id="179"/>
        <Signal Id="180"/>
        <Signal Id="181"/>
        <Signal Id="182"/>
        <Signal Id="183"/>
        <Signal Id="184"/>
        <Signal Id="185"/>
        <Signal Id="186"/>
        <Signal Id="565"/>
        <Signal Id="566"/>
        <Signal Id="567"/>
        <Signal Id="568"/>
        <Signal Id="570"/>
        <Signal Id="571"/>
        <Signal Id="574"/>
        <Signal Id="575"/>
        <Signal Id="580"/>
        <Signal Id="581"/>
        <Signal Id="582"/>
        <Signal Id="583"/>
        <Signal Id="584"/>
        <Signal Id="585"/>
        <Signal Id="587"/>
        <Signal Id="588"/>
        <Signal Id="2527"/>
        <Signal Id="2528"/>
        <Signal Id="2540"/>
        <Signal Id="2541"/>
        <Signal Id="2547"/>
        <Signal Id="2548"/>
        <Signal Id="2560"/>
        <Signal Id="2561"/>
        <Signal Id="3597"/>
        <Signal Id="3598"/>
        <Signal Id="3610"/>
        <Signal Id="3611"/>
        <Signal Id="5560"/>
        <Signal Id="5561"/>
        <Signal Id="5574"/>
        <Signal Id="5575"/>
        <Signal Id="5580"/>
        <Signal Id="5581"/>
        <Signal Id="5594"/>
        <Signal Id="5595"/>
        <Signal Id="6630"/>
        <Signal Id="6631"/>
        <Signal Id="6644"/>
        <Signal Id="6645"/>
        <Signal Id="8594"/>
        <Signal Id="8595"/>
        <Signal Id="8602"/>
        <Signal Id="8603"/>
        <Signal Id="8614"/>
        <Signal Id="8615"/>
        <Signal Id="8622"/>
        <Signal Id="8623"/>
        <Signal Id="9664"/>
        <Signal Id="9665"/>
        <Signal Id="9672"/>
        <Signal Id="9673"/>
        <Signal Id="11611"/>
        <Signal Id="11612"/>
        <Signal Id="11613"/>
        <Signal Id="11614"/>
        <Signal Id="11615"/>
        <Signal Id="11616"/>
        <Signal Id="11617"/>
        <Signal Id="11618"/>
        <Signal Id="11619"/>
        <Signal Id="11620"/>
        <Signal Id="11621"/>
        <Signal Id="11622"/>
        <Signal Id="11623"/>
        <Signal Id="11624"/>
        <Signal Id="11625"/>
        <Signal Id="11626"/>
        <Signal Id="11628"/>
        <Signal Id="11629"/>
        <Signal Id="11630"/>
        <Signal Id="11631"/>
        <Signal Id="11632"/>
        <Signal Id="11633"/>
        <Signal Id="11634"/>
        <Signal Id="11635"/>
        <Signal Id="11636"/>
        <Signal Id="11637"/>
        <Signal Id="11638"/>
        <Signal Id="11639"/>
        <Signal Id="11640"/>
        <Signal Id="11641"/>
        <Signal Id="11642"/>
        <Signal Id="11643"/>
        <Signal Id="11644"/>
        <Signal Id="11645"/>
        <Signal Id="11646"/>
        <Signal Id="11648"/>
        <Signal Id="11649"/>
        <Signal Id="11650"/>
        <Signal Id="11651"/>
        <Signal Id="11652"/>
        <Signal Id="11653"/>
        <Signal Id="11654"/>
        <Signal Id="11655"/>
        <Signal Id="11656"/>
        <Signal Id="11658"/>
        <Signal Id="11659"/>
        <Signal Id="11660"/>
        <Signal Id="11661"/>
        <Signal Id="11662"/>
        <Signal Id="11663"/>
        <Signal Id="11664"/>
        <Signal Id="11665"/>
        <Signal Id="11666"/>
    </LightSigns>
    <Selections/>
</Scenario>
