<?xml version="1.0" encoding="UTF-8"?>
<!DOCTYPE Scenario>
<Scenario RevMajor="2" RevMinor="1">
    <Layout Database="Projects/Current/Databases/Germany.2018/Germany_2018.opt.osgb" File="Projects/Current/Databases/Germany.2018/Germany_2018.xodr"/>
    <VehicleList ConfigFile="Distros/Current/Config/Players/Vehicles"/>
    <DriverList ConfigFile="Distros/Current/Config/Players/driverCfg.xml"/>
    <CharacterList ConfigFile="Distros/Current/Config/Players/Pedestrians"/>
    <ObjectList ConfigFile="Distros/Current/Config/Players/Objects"/>
    <DynObjects Path="Distros/Current/Config/DynObjects/Logic"/>
    <TrafficElements/>
    <PulkTraffic/>
    <TrafficControl>
        <Path Name="Path01" PathId="1">
            <Waypoint PathOption="shortest" s="7.6446319525813124e+01" TrackId="125"/>
            <Waypoint PathOption="shortest" s="1.0798950410361542e+02" TrackId="124"/>
        </Path>
        <Player>
            <Description Driver="DefaultDriver" Control="external" AdaptDriverToVehicleType="true" Type="Audi_Q5_2008_red" Name="Ego"/>
            <Init>
                <Speed Value="0.0000000000000000e+00"/>
                <PosRoute/>
                <PathRef StartS="0.0000000000000000e+00" EndAction="continue" TargetS="1.5927026262871635e+02" StartLane="1" PathId="1"/>
            </Init>
        </Player>
        <Player>
            <Description Driver="No Driver" Control="internal" AdaptDriverToVehicleType="true" Type="MercedesV_14_Black" Name="New Player"/>
            <Init>
                <Speed Value="0.0000000000000000e+00"/>
                <PosAbsolute X="7.4298540039062500e+03" Y="-2.9293281250000000e+03" Z="0.0000000000000000e+00" Direction="4.6852831395702816e+00" AlignToRoad="true"/>
            </Init>
        </Player>
        <Player>
            <Description Driver="No Driver" Control="internal" AdaptDriverToVehicleType="true" Type="BMW_7_2009_grey" Name="New Player01"/>
            <Init>
                <Speed Value="0.0000000000000000e+00"/>
                <PosAbsolute X="7.4298183593750000e+03" Y="-2.9390373535156250e+03" Z="0.0000000000000000e+00" Direction="4.6957092684650839e+00" AlignToRoad="true"/>
            </Init>
        </Player>
        <PlayerActions Player="Ego">
            <Action Name="">
                <PosAbsolute CounterID="" CounterComp="COMP_EQ" Radius="4.0000000000000000e+00" X="7.4355273051099757e+03" Y="-3.0028762543751195e+03" NetDist="false" CounterVal="0" Pivot="Ego"/>
                <Autonomous Force="true" ExecutionTimes="-1" ActiveOnEnter="true" DelayTime="0.0000000000000000e+00"/>
            </Action>
            <Action Name="">
                <PosAbsolute CounterID="" CounterComp="COMP_EQ" Radius="5.0000000000000000e+00" X="7.4339340820312500e+03" Y="-2.9399772949218750e+03" NetDist="false" CounterVal="0" Pivot="Ego"/>
                <SpeedChange Rate="3.0000000000000000e+01" Target="0.0000000000000000e+00" Force="true" ExecutionTimes="1" ActiveOnEnter="true" DelayTime="0.0000000000000000e+00"/>
            </Action>
        </PlayerActions>
        <PlayerActions Player="New Player"/>
        <PlayerActions Player="New Player01"/>
    </TrafficControl>
    <MovingObjectsControl>
        <PathShape ShapeId="6" ShapeType="spline" Closed="false" Name="PathShape02">
            <Waypoint X="7.4230107421875000e+03" Y="-2.9202470703125000e+03" Options="0x00000000" Z="0.0000000000000000e+00" Weight="1.0000000000000000e+00" Yaw="6.1763928961370587e+00" Pitch="0.0000000000000000e+00" Roll="0.0000000000000000e+00"/>
            <Waypoint X="7.4309111328125000e+03" Y="-2.9210939941406250e+03" Options="0x00000000" Z="0.0000000000000000e+00" Weight="1.0000000000000000e+00" Yaw="0.0000000000000000e+00" Pitch="0.0000000000000000e+00" Roll="0.0000000000000000e+00"/>
            <Waypoint X="7.4265511164231002e+03" Y="-2.9263768998814448e+03" Options="0x00000000" Z="0.0000000000000000e+00" Weight="1.0000000000000000e+00" Yaw="0.0000000000000000e+00" Pitch="0.0000000000000000e+00" Roll="0.0000000000000000e+00"/>
            <Waypoint X="7.4312783203125000e+03" Y="-2.9264038085937500e+03" Options="0x00000000" Z="0.0000000000000000e+00" Weight="1.0000000000000000e+00" Yaw="6.2774930581662858e+00" Pitch="0.0000000000000000e+00" Roll="0.0000000000000000e+00"/>
            <Waypoint X="7.4333804943994019e+03" Y="-2.9264157748213643e+03" Options="0x00000000" Z="0.0000000000000000e+00" Weight="1.0000000000000000e+00" Yaw="0.0000000000000000e+00" Pitch="0.0000000000000000e+00" Roll="0.0000000000000000e+00"/>
            <Waypoint X="7.4303545144804120e+03" Y="-2.9263924889245327e+03" Options="0x00000000" Z="0.0000000000000000e+00" Weight="1.0000000000000000e+00" Yaw="0.0000000000000000e+00" Pitch="0.0000000000000000e+00" Roll="0.0000000000000000e+00"/>
            <Waypoint X="7.4354687500000000e+03" Y="-2.9264379882812500e+03" Options="0x00000000" Z="0.0000000000000000e+00" Weight="1.0000000000000000e+00" Yaw="6.2742889323097559e+00" Pitch="0.0000000000000000e+00" Roll="0.0000000000000000e+00"/>
            <Waypoint X="7.4409017644588885e+03" Y="-2.9264863236897327e+03" Options="0x00000000" Z="0.0000000000000000e+00" Weight="1.0000000000000000e+00" Yaw="0.0000000000000000e+00" Pitch="0.0000000000000000e+00" Roll="0.0000000000000000e+00"/>
            <Waypoint X="7.4384916565809608e+03" Y="-2.9236645489767993e+03" Options="0x00000000" Z="0.0000000000000000e+00" Weight="1.0000000000000000e+00" Yaw="0.0000000000000000e+00" Pitch="0.0000000000000000e+00" Roll="0.0000000000000000e+00"/>
            <Waypoint X="7.4384995117187500e+03" Y="-2.9206562500000000e+03" Options="0x00000000" Z="0.0000000000000000e+00" Weight="1.0000000000000000e+00" Yaw="1.5681851767737354e+00" Pitch="0.0000000000000000e+00" Roll="0.0000000000000000e+00"/>
            <Waypoint X="7.4385327117334500e+03" Y="-2.9079415691210011e+03" Options="0x00000000" Z="0.0000000000000000e+00" Weight="1.0000000000000000e+00" Yaw="0.0000000000000000e+00" Pitch="0.0000000000000000e+00" Roll="0.0000000000000000e+00"/>
            <Waypoint X="7.4383069342392319e+03" Y="-2.9069515974833685e+03" Options="0x00000000" Z="0.0000000000000000e+00" Weight="1.0000000000000000e+00" Yaw="0.0000000000000000e+00" Pitch="0.0000000000000000e+00" Roll="0.0000000000000000e+00"/>
            <Waypoint X="7.4383925781250000e+03" Y="-2.9012646484375000e+03" Options="0x00000000" Z="0.0000000000000000e+00" Weight="1.0000000000000000e+00" Yaw="1.5557377406506037e+00" Pitch="0.0000000000000000e+00" Roll="0.0000000000000000e+00"/>
        </PathShape>
        <PathShape ShapeId="7" ShapeType="spline" Closed="false" Name="PathShape01">
            <Waypoint X="7.4384697265625000e+03" Y="-2.9260476074218750e+03" Options="0x00000000" Z="0.0000000000000000e+00" Weight="1.0000000000000000e+00" Yaw="1.5712863176704348e+00" Pitch="6.2822861829033263e+00" Roll="0.0000000000000000e+00"/>
            <Waypoint X="7.4384580078125000e+03" Y="-2.9021313476562500e+03" Options="0x00000000" Z="0.0000000000000000e+00" Weight="1.0000000000000000e+00" Yaw="0.0000000000000000e+00" Pitch="0.0000000000000000e+00" Roll="0.0000000000000000e+00"/>
            <Waypoint X="7.4385712749696149e+03" Y="-2.7975810653954877e+03" Options="0x00000000" Z="1.2000000000000000e-01" Weight="1.0000000000000000e+00" Yaw="0.0000000000000000e+00" Pitch="0.0000000000000000e+00" Roll="0.0000000000000000e+00"/>
            <Waypoint X="7.4383867187500000e+03" Y="-2.7925844726562500e+03" Options="0x00000000" Z="1.2000000000000000e-01" Weight="1.0000000000000000e+00" Yaw="1.6077159574195217e+00" Pitch="6.2822861829033263e+00" Roll="0.0000000000000000e+00"/>
        </PathShape>
        <PathShape ShapeId="8" ShapeType="spline" Closed="false" Name="PathShape03">
            <Waypoint X="7.4147866210937500e+03" Y="-2.9104802246093750e+03" Options="0x00000000" Z="0.0000000000000000e+00" Weight="1.0000000000000000e+00" Yaw="2.3564386496631468e-03" Pitch="0.0000000000000000e+00" Roll="0.0000000000000000e+00"/>
            <Waypoint X="7.4265976562500000e+03" Y="-2.9104523925781250e+03" Options="0x00000000" Z="0.0000000000000000e+00" Weight="1.0000000000000000e+00" Yaw="0.0000000000000000e+00" Pitch="0.0000000000000000e+00" Roll="0.0000000000000000e+00"/>
            <Waypoint X="7.4274087942608903e+03" Y="-2.9107925698709710e+03" Options="0x00000000" Z="0.0000000000000000e+00" Weight="1.0000000000000000e+00" Yaw="0.0000000000000000e+00" Pitch="0.0000000000000000e+00" Roll="0.0000000000000000e+00"/>
            <Waypoint X="7.4283247070312500e+03" Y="-2.9073481445312500e+03" Options="0x00000000" Z="0.0000000000000000e+00" Weight="1.0000000000000000e+00" Yaw="1.3108989734543748e+00" Pitch="0.0000000000000000e+00" Roll="0.0000000000000000e+00"/>
            <Waypoint X="7.4294792051773811e+03" Y="-2.9030064836243550e+03" Options="0x00000000" Z="0.0000000000000000e+00" Weight="1.0000000000000000e+00" Yaw="0.0000000000000000e+00" Pitch="0.0000000000000000e+00" Roll="0.0000000000000000e+00"/>
            <Waypoint X="7.4285886545299099e+03" Y="-2.8972395130783275e+03" Options="0x00000000" Z="0.0000000000000000e+00" Weight="1.0000000000000000e+00" Yaw="0.0000000000000000e+00" Pitch="0.0000000000000000e+00" Roll="0.0000000000000000e+00"/>
            <Waypoint X="7.4286962890625000e+03" Y="-2.8924604492187500e+03" Options="0x00000000" Z="0.0000000000000000e+00" Weight="1.0000000000000000e+00" Yaw="1.5482780382198740e+00" Pitch="0.0000000000000000e+00" Roll="0.0000000000000000e+00"/>
            <Waypoint X="7.4288121520533450e+03" Y="-2.8873160348854913e+03" Options="0x00000000" Z="0.0000000000000000e+00" Weight="1.0000000000000000e+00" Yaw="0.0000000000000000e+00" Pitch="0.0000000000000000e+00" Roll="0.0000000000000000e+00"/>
            <Waypoint X="7.4287072682618873e+03" Y="-2.8826119842044509e+03" Options="0x00000000" Z="0.0000000000000000e+00" Weight="1.0000000000000000e+00" Yaw="0.0000000000000000e+00" Pitch="0.0000000000000000e+00" Roll="0.0000000000000000e+00"/>
            <Waypoint X="7.4288217773437500e+03" Y="-2.8764948730468750e+03" Options="0x00000000" Z="0.0000000000000000e+00" Weight="1.0000000000000000e+00" Yaw="1.5520790423847712e+00" Pitch="0.0000000000000000e+00" Roll="0.0000000000000000e+00"/>
            <Waypoint X="7.4289191506242578e+03" Y="-2.8712931617856102e+03" Options="0x00000000" Z="0.0000000000000000e+00" Weight="1.0000000000000000e+00" Yaw="0.0000000000000000e+00" Pitch="0.0000000000000000e+00" Roll="0.0000000000000000e+00"/>
            <Waypoint X="7.4287196018820850e+03" Y="-2.7924443419955137e+03" Options="0x00000000" Z="0.0000000000000000e+00" Weight="1.0000000000000000e+00" Yaw="0.0000000000000000e+00" Pitch="0.0000000000000000e+00" Roll="0.0000000000000000e+00"/>
            <Waypoint X="7.4287700195312500e+03" Y="-2.7871354980468750e+03" Options="0x00000000" Z="0.0000000000000000e+00" Weight="1.0000000000000000e+00" Yaw="1.5612996955154437e+00" Pitch="0.0000000000000000e+00" Roll="0.0000000000000000e+00"/>
        </PathShape>
        <Character CharacterType="male_adult" Class="pedestrian" Appearance="Christian" Name="New Character03">
            <StartPosAbs X="7.4230567626953125e+03" Y="-2.9201960449218750e+03" Z="0.0000000000000000e+00" Direction="6.1541604154955545e+00"/>
        </Character>
        <Character CharacterType="male_adult" Class="pedestrian" Appearance="Christian1" Name="New Character01">
            <StartPosAbs X="7.4286611328125000e+03" Y="-2.9349760742187500e+03" Z="1.2000000000000000e-01" Direction="4.6889550824965252e+00"/>
        </Character>
        <Character CharacterType="female_adult" Class="pedestrian" Appearance="Hannah1" Name="New Character02">
            <StartPosAbs X="7.4287353515625000e+03" Y="-2.9365517578125000e+03" Z="1.2000000000000000e-01" Direction="1.5380766311561049e+00"/>
        </Character>
        <Character CharacterType="female_child" Class="pedestrian" Appearance="Julia1" Name="New Character04">
            <StartPosAbs X="7.4143613281250000e+03" Y="-2.9103452148437500e+03" Z="0.0000000000000000e+00" Direction="6.0619373797611802e+00"/>
        </Character>
        <Character CharacterType="female_adult" Class="pedestrian" Appearance="Hannah3" Name="New Character05">
            <StartPosAbs X="7.4382446289062500e+03" Y="-2.8819204101562500e+03" Z="0.0000000000000000e+00" Direction="4.7418090841127851e+00"/>
        </Character>
        <CharacterActions Character="New Character03">
            <Action Name="">
                <PosRelative CounterID="" CounterComp="COMP_EQ" NetDist="false" Distance="1.0000000000000000e+00" CounterVal="0" Pivot="New Character03"/>
                <EditorPos Radius="1.0000000000000000e+00" X="7.4230567626953125e+03" Y="-2.9201960449218750e+03"/>
                <Motion Move="walk" Rate="0.0000000000000000e+00" Speed="1.7000000476837158e+00" Force="true" ExecutionTimes="1" ActiveOnEnter="true" DelayTime="0.0000000000000000e+00"/>
                <CharacterPath Loop="false" PathShape="6" ExecutionTimes="1" ActiveOnEnter="true" DelayTime="0.0000000000000000e+00" Beam="true" ClampToGround="true"/>
            </Action>
        </CharacterActions>
        <CharacterActions Character="New Character01">
            <Action Name="">
                <PosRelative CounterID="" CounterComp="COMP_EQ" NetDist="false" Distance="1.0000000000000000e+00" CounterVal="0" Pivot="New Character01"/>
                <EditorPos Radius="1.0000000000000000e+00" X="7.4286611328125000e+03" Y="-2.9349760742187500e+03"/>
                <Motion Move="listening" Rate="0.0000000000000000e+00" Speed="0.0000000000000000e+00" Force="false" ExecutionTimes="-1" ActiveOnEnter="true" DelayTime="0.0000000000000000e+00"/>
            </Action>
        </CharacterActions>
        <CharacterActions Character="New Character02">
            <Action Name="">
                <PosRelative CounterID="" CounterComp="COMP_EQ" NetDist="false" Distance="1.0000000000000000e+00" CounterVal="0" Pivot="New Character02"/>
                <EditorPos Radius="1.0000000000000000e+00" X="7.4287353515625000e+03" Y="-2.9365517578125000e+03"/>
                <Motion Move="talk" Rate="0.0000000000000000e+00" Speed="0.0000000000000000e+00" Force="false" ExecutionTimes="-1" ActiveOnEnter="true" DelayTime="0.0000000000000000e+00"/>
            </Action>
        </CharacterActions>
        <CharacterActions Character="New Character04">
            <Action Name="">
                <PosRelative CounterID="" CounterComp="COMP_EQ" NetDist="false" Distance="5.0000000000000000e+00" CounterVal="0" Pivot="New Character04"/>
                <EditorPos Radius="5.0000000000000000e+00" X="7.4143613281250000e+03" Y="-2.9103452148437500e+03"/>
                <Gesture GestureType="phone_call" ExecutionTimes="-1" Repeat="1" ActiveOnEnter="true" DelayTime="0.0000000000000000e+00"/>
                <Motion Move="walk" Rate="0.0000000000000000e+00" Speed="1.2000000476837158e+00" Force="true" ExecutionTimes="-1" ActiveOnEnter="true" DelayTime="0.0000000000000000e+00"/>
                <CharacterPath Loop="false" PathShape="8" ExecutionTimes="1" ActiveOnEnter="true" DelayTime="0.0000000000000000e+00" Beam="true" ClampToGround="true"/>
            </Action>
        </CharacterActions>
        <CharacterActions Character="New Character05">
            <Action Name="">
                <PosRelative CounterID="" CounterComp="COMP_EQ" NetDist="false" Distance="5.0000000000000000e+00" CounterVal="0" Pivot="New Character05"/>
                <EditorPos Radius="5.0000000000000000e+00" X="7.4382446289062500e+03" Y="-2.8819204101562500e+03"/>
                <Gesture GestureType="coffee" ExecutionTimes="1" Repeat="1" ActiveOnEnter="true" DelayTime="0.0000000000000000e+00"/>
                <Motion Move="walk" Rate="0.0000000000000000e+00" Speed="1.2999999523162842e+00" Force="true" ExecutionTimes="1" ActiveOnEnter="true" DelayTime="0.0000000000000000e+00"/>
                <CharacterPath Loop="false" PathShape="7" ExecutionTimes="1" ActiveOnEnter="true" DelayTime="0.0000000000000000e+00" Beam="true" ClampToGround="true"/>
            </Action>
        </CharacterActions>
    </MovingObjectsControl>
    <LightSigns>
        <SignalController Id="1" DelayRef="-1" Delay="0.0000000000000000e+00"/>
        <SignalController Id="2" DelayRef="-1" Delay="0.0000000000000000e+00"/>
        <SignalController Id="3" DelayRef="-1" Delay="0.0000000000000000e+00"/>
        <SignalController Id="4" DelayRef="-1" Delay="0.0000000000000000e+00"/>
        <SignalController Id="6" DelayRef="-1" Delay="0.0000000000000000e+00">
            <Phase Duration="3.0000000000000000e+01" Type="go"/>
            <Phase Duration="5.0000000000000000e+00" Type="stop_attention"/>
            <Phase Duration="3.5000000000000000e+01" Type="stop"/>
        </SignalController>
        <SignalController Id="7" DelayRef="-1" Delay="0.0000000000000000e+00">
            <Phase Duration="3.5000000000000000e+01" Type="stop"/>
            <Phase Duration="3.0000000000000000e+01" Type="go"/>
        </SignalController>
        <SignalController Id="8" DelayRef="-1" Delay="0.0000000000000000e+00">
            <Phase Duration="3.5000000000000000e+01" Type="stop"/>
            <Phase Duration="3.0000000000000000e+01" Type="go"/>
        </SignalController>
        <SignalController Id="9" DelayRef="-1" Delay="0.0000000000000000e+00">
            <Phase Duration="3.0000000000000000e+01" Type="go"/>
            <Phase Duration="3.5000000000000000e+01" Type="stop"/>
        </SignalController>
        <SignalController Id="10" DelayRef="-1" Delay="0.0000000000000000e+00">
            <Phase Duration="3.0000000000000000e+01" Type="go"/>
            <Phase Duration="5.0000000000000000e+00" Type="stop_attention"/>
            <Phase Duration="3.0000000000000000e+01" Type="stop"/>
        </SignalController>
        <SignalController Id="12" DelayRef="-1" Delay="0.0000000000000000e+00"/>
        <SignalController Id="13" DelayRef="-1" Delay="0.0000000000000000e+00"/>
        <SignalController Id="14" DelayRef="-1" Delay="0.0000000000000000e+00"/>
        <SignalController Id="15" DelayRef="-1" Delay="0.0000000000000000e+00"/>
        <SignalController Id="16" DelayRef="-1" Delay="0.0000000000000000e+00"/>
        <SignalController Id="17" DelayRef="-1" Delay="0.0000000000000000e+00"/>
        <SignalController Id="18" DelayRef="-1" Delay="0.0000000000000000e+00"/>
        <SignalController Id="19" DelayRef="-1" Delay="0.0000000000000000e+00"/>
        <SignalController Id="20" DelayRef="-1" Delay="0.0000000000000000e+00"/>
        <SignalController Id="21" DelayRef="-1" Delay="0.0000000000000000e+00"/>
        <SignalController Id="22" DelayRef="-1" Delay="0.0000000000000000e+00"/>
        <SignalController Id="23" DelayRef="-1" Delay="0.0000000000000000e+00"/>
        <SignalController Id="24" DelayRef="-1" Delay="0.0000000000000000e+00"/>
        <SignalController Id="25" DelayRef="-1" Delay="0.0000000000000000e+00"/>
        <SignalController Id="26" DelayRef="-1" Delay="0.0000000000000000e+00"/>
        <SignalController Id="27" DelayRef="-1" Delay="0.0000000000000000e+00"/>
        <SignalController Id="28" DelayRef="-1" Delay="0.0000000000000000e+00"/>
        <SignalController Id="29" DelayRef="-1" Delay="0.0000000000000000e+00"/>
        <Signal Id="173"/>
        <Signal Id="175"/>
        <Signal Id="176"/>
        <Signal Id="177"/>
        <Signal Id="179"/>
        <Signal Id="180"/>
        <Signal Id="181"/>
        <Signal Id="182"/>
        <Signal Id="183"/>
        <Signal Id="184"/>
        <Signal Id="185"/>
        <Signal Id="186"/>
        <Signal Id="2527">
            <LightState>
                <Light state="false"/>
                <Light state="false"/>
                <Light state="true"/>
            </LightState>
            <LightState>
                <Light state="false"/>
                <Light state="true"/>
                <Light state="false"/>
            </LightState>
            <LightState>
                <Light state="true"/>
                <Light state="false"/>
                <Light state="false"/>
            </LightState>
        </Signal>
        <Signal Id="2528">
            <LightState>
                <Light state="false"/>
                <Light state="false"/>
                <Light state="true"/>
            </LightState>
            <LightState>
                <Light state="false"/>
                <Light state="true"/>
                <Light state="false"/>
            </LightState>
            <LightState>
                <Light state="true"/>
                <Light state="false"/>
                <Light state="false"/>
            </LightState>
        </Signal>
        <Signal Id="2540">
            <LightState>
                <Light state="true"/>
                <Light state="false"/>
            </LightState>
            <LightState>
                <Light state="false"/>
                <Light state="true"/>
            </LightState>
        </Signal>
        <Signal Id="2541">
            <LightState>
                <Light state="true"/>
                <Light state="false"/>
            </LightState>
            <LightState>
                <Light state="false"/>
                <Light state="true"/>
            </LightState>
        </Signal>
        <Signal Id="2547">
            <LightState>
                <Light state="false"/>
                <Light state="false"/>
                <Light state="true"/>
            </LightState>
            <LightState>
                <Light state="false"/>
                <Light state="true"/>
                <Light state="false"/>
            </LightState>
            <LightState>
                <Light state="true"/>
                <Light state="false"/>
                <Light state="false"/>
            </LightState>
        </Signal>
        <Signal Id="2548">
            <LightState>
                <Light state="false"/>
                <Light state="false"/>
                <Light state="true"/>
            </LightState>
            <LightState>
                <Light state="false"/>
                <Light state="true"/>
                <Light state="false"/>
            </LightState>
            <LightState>
                <Light state="true"/>
                <Light state="false"/>
                <Light state="false"/>
            </LightState>
        </Signal>
        <Signal Id="2560">
            <LightState>
                <Light state="true"/>
                <Light state="false"/>
            </LightState>
            <LightState>
                <Light state="false"/>
                <Light state="true"/>
            </LightState>
        </Signal>
        <Signal Id="2561">
            <LightState>
                <Light state="true"/>
                <Light state="false"/>
            </LightState>
            <LightState>
                <Light state="false"/>
                <Light state="true"/>
            </LightState>
        </Signal>
        <Signal Id="5560">
            <LightState>
                <Light state="true"/>
                <Light state="false"/>
                <Light state="false"/>
            </LightState>
            <LightState>
                <Light state="false"/>
                <Light state="false"/>
                <Light state="true"/>
            </LightState>
        </Signal>
        <Signal Id="5561">
            <LightState>
                <Light state="true"/>
                <Light state="false"/>
                <Light state="false"/>
            </LightState>
            <LightState>
                <Light state="false"/>
                <Light state="false"/>
                <Light state="true"/>
            </LightState>
        </Signal>
        <Signal Id="5574">
            <LightState>
                <Light state="false"/>
                <Light state="true"/>
            </LightState>
            <LightState>
                <Light state="true"/>
                <Light state="false"/>
            </LightState>
        </Signal>
        <Signal Id="5575">
            <LightState>
                <Light state="false"/>
                <Light state="true"/>
            </LightState>
            <LightState>
                <Light state="true"/>
                <Light state="false"/>
            </LightState>
        </Signal>
        <Signal Id="5580">
            <LightState>
                <Light state="true"/>
                <Light state="false"/>
                <Light state="false"/>
            </LightState>
            <LightState>
                <Light state="false"/>
                <Light state="true"/>
                <Light state="false"/>
            </LightState>
            <LightState>
                <Light state="false"/>
                <Light state="false"/>
                <Light state="true"/>
            </LightState>
        </Signal>
        <Signal Id="5581">
            <LightState>
                <Light state="true"/>
                <Light state="false"/>
                <Light state="false"/>
            </LightState>
            <LightState>
                <Light state="false"/>
                <Light state="true"/>
                <Light state="false"/>
            </LightState>
            <LightState>
                <Light state="false"/>
                <Light state="false"/>
                <Light state="true"/>
            </LightState>
        </Signal>
        <Signal Id="5594">
            <LightState>
                <Light state="false"/>
                <Light state="true"/>
            </LightState>
            <LightState>
                <Light state="true"/>
                <Light state="false"/>
            </LightState>
        </Signal>
        <Signal Id="5595">
            <LightState>
                <Light state="false"/>
                <Light state="true"/>
            </LightState>
            <LightState>
                <Light state="true"/>
                <Light state="false"/>
            </LightState>
        </Signal>
        <Signal Id="8594">
            <LightState>
                <Light state="false"/>
                <Light state="false"/>
                <Light state="true"/>
            </LightState>
            <LightState>
                <Light state="false"/>
                <Light state="true"/>
                <Light state="false"/>
            </LightState>
            <LightState>
                <Light state="true"/>
                <Light state="false"/>
                <Light state="false"/>
            </LightState>
        </Signal>
        <Signal Id="8595">
            <LightState>
                <Light state="false"/>
                <Light state="false"/>
                <Light state="true"/>
            </LightState>
            <LightState>
                <Light state="false"/>
                <Light state="true"/>
                <Light state="false"/>
            </LightState>
            <LightState>
                <Light state="true"/>
                <Light state="false"/>
                <Light state="false"/>
            </LightState>
        </Signal>
        <Signal Id="8602">
            <LightState>
                <Light state="true"/>
                <Light state="false"/>
            </LightState>
            <LightState>
                <Light state="false"/>
                <Light state="true"/>
            </LightState>
        </Signal>
        <Signal Id="8603">
            <LightState>
                <Light state="true"/>
                <Light state="false"/>
            </LightState>
            <LightState>
                <Light state="false"/>
                <Light state="true"/>
            </LightState>
        </Signal>
        <Signal Id="8614">
            <LightState>
                <Light state="false"/>
                <Light state="false"/>
                <Light state="true"/>
            </LightState>
            <LightState>
                <Light state="false"/>
                <Light state="true"/>
                <Light state="false"/>
            </LightState>
            <LightState>
                <Light state="true"/>
                <Light state="false"/>
                <Light state="false"/>
            </LightState>
        </Signal>
        <Signal Id="8615">
            <LightState>
                <Light state="false"/>
                <Light state="false"/>
                <Light state="true"/>
            </LightState>
            <LightState>
                <Light state="false"/>
                <Light state="true"/>
                <Light state="false"/>
            </LightState>
            <LightState>
                <Light state="true"/>
                <Light state="false"/>
                <Light state="false"/>
            </LightState>
        </Signal>
        <Signal Id="8622">
            <LightState>
                <Light state="true"/>
                <Light state="false"/>
            </LightState>
            <LightState>
                <Light state="false"/>
                <Light state="true"/>
            </LightState>
        </Signal>
        <Signal Id="8623">
            <LightState>
                <Light state="true"/>
                <Light state="false"/>
            </LightState>
            <LightState>
                <Light state="false"/>
                <Light state="true"/>
            </LightState>
        </Signal>
        <Signal Id="11611"/>
        <Signal Id="11612"/>
        <Signal Id="11613"/>
        <Signal Id="11614"/>
        <Signal Id="11615"/>
        <Signal Id="11616"/>
        <Signal Id="11617"/>
        <Signal Id="11618"/>
        <Signal Id="11619"/>
        <Signal Id="11620"/>
        <Signal Id="11621"/>
        <Signal Id="11622"/>
        <Signal Id="11623"/>
        <Signal Id="11624"/>
        <Signal Id="11625"/>
        <Signal Id="11626"/>
        <Signal Id="11628"/>
        <Signal Id="11629"/>
        <Signal Id="11630"/>
        <Signal Id="11631"/>
        <Signal Id="11632"/>
        <Signal Id="11633"/>
        <Signal Id="11634"/>
        <Signal Id="11635"/>
        <Signal Id="11636"/>
        <Signal Id="11637"/>
        <Signal Id="11638"/>
        <Signal Id="11639"/>
        <Signal Id="11640"/>
        <Signal Id="11641"/>
        <Signal Id="11642"/>
        <Signal Id="11643"/>
        <Signal Id="11644"/>
        <Signal Id="11645"/>
        <Signal Id="11646"/>
        <Signal Id="11648"/>
        <Signal Id="11649"/>
        <Signal Id="11650"/>
        <Signal Id="11651"/>
        <Signal Id="11652"/>
        <Signal Id="11653"/>
        <Signal Id="11654"/>
        <Signal Id="11655"/>
        <Signal Id="11656"/>
        <Signal Id="11658"/>
        <Signal Id="11659"/>
        <Signal Id="11660"/>
        <Signal Id="11661"/>
        <Signal Id="11662"/>
        <Signal Id="11663"/>
        <Signal Id="11664"/>
        <Signal Id="11665"/>
        <Signal Id="11666"/>
    </LightSigns>
    <Selections/>
</Scenario>
