<?xml version="1.0" encoding="UTF-8"?>
<!DOCTYPE Scenario>
<Scenario RevMajor="2" RevMinor="1">
    <Layout Database="Projects/Current/Databases/Germany.2018/Germany_2018.opt.osgb" File="Projects/Current/Databases/Germany.2018/Germany_2018.xodr"/>
    <VehicleList ConfigFile="Distros/Current/Config/Players/Vehicles"/>
    <DriverList ConfigFile="Distros/Current/Config/Players/driverCfg.xml"/>
    <CharacterList ConfigFile="Distros/Current/Config/Players/Pedestrians"/>
    <ObjectList ConfigFile="Distros/Current/Config/Players/Objects"/>
    <DynObjects Path="Distros/Current/Config/DynObjects/Logic"/>
    <TrafficElements/>
    <PulkTraffic>
        <PulkDef FillAtStart="true" OwnSide="5.9999999999999998e-01" InnerRadius="2.0000000000000000e+02" VisibleInArea="-1" CenterOffset="1.0000000000000000e+02" Trucks="2.0000000000000001e-01" Vans="0.0000000000000000e+00" AreaB="2.9999999999999999e-01" Count="50" SemiMinorAxis="4.0000000000000000e+02" AreaF="4.0000000000000002e-01" SemiMajorAxis="4.0000000000000000e+02" Cars="8.0000000000000004e-01" CentralPlayer="Ego" Buses="0.0000000000000000e+00" AreaL="1.4999999999999999e-01" AreaR="1.4999999999999999e-01" Bikes="0.0000000000000000e+00"/>
    </PulkTraffic>
    <TrafficControl>
        <Player>
            <Description Driver="DefaultDriver" Control="external" AdaptDriverToVehicleType="true" Type="Audi_A3_2009_white" Name="Ego"/>
            <Init>
                <Speed Value="2.7777777777777779e+01"/>
                <PosAbsolute X="1.7686748046875000e+03" Y="-4.4186860351562500e+03" Z="0.0000000000000000e+00" Direction="1.5108254886977253e+00" AlignToRoad="true"/>
            </Init>
        </Player>
        <Player>
            <Description Driver="DefaultDriver" Control="internal" AdaptDriverToVehicleType="true" Type="Audi_A3_2009_red" Name="New Player"/>
            <Init>
                <Speed Value="0.0000000000000000e+00"/>
                <PosAbsolute X="1.7697037353515625e+03" Y="-4.3638715820312500e+03" Z="0.0000000000000000e+00" Direction="4.5884082923507590e+00" AlignToRoad="true"/>
            </Init>
        </Player>
        <Player>
            <Description Driver="DefaultDriver" Control="internal" AdaptDriverToVehicleType="true" Type="AlfaRomeo_Brera_10_BiancoSpino" Name="New Player01"/>
            <Init>
                <Speed Value="0.0000000000000000e+00"/>
                <PosAbsolute X="1.7696208496093750e+03" Y="-4.6498857421875000e+03" Z="-6.1728613787348841e-02" Direction="1.6418148493132760e+00" AlignToRoad="true"/>
            </Init>
        </Player>
        <PlayerActions Player="Ego">
            <Action Name="">
                <PosRelative CounterID="" CounterComp="COMP_EQ" NetDist="false" Distance="5.0000000000000000e+00" CounterVal="0" Pivot="Ego"/>
                <EditorPos Radius="5.0000000000000000e+00" X="1.7686748046875000e+03" Y="-4.4186860351562500e+03"/>
                <Autonomous Force="true" ExecutionTimes="1" ActiveOnEnter="true" DelayTime="0.0000000000000000e+00"/>
                <SCP ExecutionTimes="1" ActiveOnEnter="true" DelayTime="0.0000000000000000e+00"><![CDATA[<Environment><Friction value="1.000000" /><Date day="1" month="6" year="2018" /><TimeOfDay headlights="true" timezone="0" value="63900" /><Sky cloudState="0/8" visibility="100000.000000" /><Precipitation intensity="0.000000" type="none" /><Road effectScale="0.500000" state="dry" /></Environment>]]></SCP>
            </Action>
        </PlayerActions>
        <PlayerActions Player="New Player"/>
        <PlayerActions Player="New Player01"/>
    </TrafficControl>
    <MovingObjectsControl>
        <PathShape ShapeId="2" ShapeType="polyline" Closed="false" Name="PathShape02">
            <Waypoint X="1.7591071777343750e+03" Y="-4.3151127929687500e+03" Options="0x00000000" Z="0.0000000000000000e+00" Weight="1.0000000000000000e+00" Yaw="6.0778338054306262e+00" Pitch="0.0000000000000000e+00" Roll="0.0000000000000000e+00"/>
            <Waypoint X="1.7707698974609375e+03" Y="-4.3175419921875000e+03" Options="0x00000000" Z="0.0000000000000000e+00" Weight="1.0000000000000000e+00" Yaw="6.1924748987683955e+00" Pitch="0.0000000000000000e+00" Roll="0.0000000000000000e+00"/>
            <Waypoint X="1.7733841552734375e+03" Y="-4.3177797851562500e+03" Options="0x00000000" Z="0.0000000000000000e+00" Weight="1.0000000000000000e+00" Yaw="6.1929052431566021e+00" Pitch="0.0000000000000000e+00" Roll="0.0000000000000000e+00"/>
            <Waypoint X="1.7807736816406250e+03" Y="-4.3184487304687500e+03" Options="0x00000000" Z="0.0000000000000000e+00" Weight="1.0000000000000000e+00" Yaw="6.1943021996743139e+00" Pitch="0.0000000000000000e+00" Roll="0.0000000000000000e+00"/>
            <Waypoint X="1.7864116210937500e+03" Y="-4.3189511718750000e+03" Options="0x00000000" Z="0.0000000000000000e+00" Weight="1.0000000000000000e+00" Yaw="1.1731979710566391e+00" Pitch="0.0000000000000000e+00" Roll="0.0000000000000000e+00"/>
            <Waypoint X="1.7932346191406250e+03" Y="-4.3027045898437500e+03" Options="0x00000000" Z="0.0000000000000000e+00" Weight="1.0000000000000000e+00" Yaw="1.1731979710566391e+00" Pitch="0.0000000000000000e+00" Roll="0.0000000000000000e+00"/>
        </PathShape>
        <Character CharacterType="boar" Class="pedestrian" Appearance="default" Name="New Character">
            <StartPosAbs X="1.7592606201171875e+03" Y="-4.3150820312500000e+03" Z="0.0000000000000000e+00" Direction="1.3803189226561435e-02"/>
        </Character>
        <CharacterActions Character="New Character">
            <Action Name="">
                <PosRelative CounterID="" CounterComp="COMP_EQ" NetDist="false" Distance="5.0000000000000000e+00" CounterVal="0" Pivot="New Character"/>
                <EditorPos Radius="5.0000000000000000e+00" X="1.7592606201171875e+03" Y="-4.3150820312500000e+03"/>
                <Motion Move="run" Rate="0.0000000000000000e+00" Speed="5.4444446563720703e+00" Force="true" ExecutionTimes="1" ActiveOnEnter="true" DelayTime="0.0000000000000000e+00"/>
                <CharacterPath Loop="false" PathShape="2" ExecutionTimes="1" ActiveOnEnter="true" DelayTime="0.0000000000000000e+00" Beam="false" ClampToGround="true"/>
            </Action>
        </CharacterActions>
    </MovingObjectsControl>
    <LightSigns>
        <SignalController Id="1" DelayRef="-1" Delay="0.0000000000000000e+00"/>
        <SignalController Id="2" DelayRef="-1" Delay="0.0000000000000000e+00"/>
        <SignalController Id="3" DelayRef="-1" Delay="0.0000000000000000e+00"/>
        <SignalController Id="4" DelayRef="-1" Delay="0.0000000000000000e+00"/>
        <SignalController Id="6" DelayRef="-1" Delay="0.0000000000000000e+00"/>
        <SignalController Id="7" DelayRef="-1" Delay="0.0000000000000000e+00"/>
        <SignalController Id="8" DelayRef="-1" Delay="0.0000000000000000e+00"/>
        <SignalController Id="9" DelayRef="-1" Delay="0.0000000000000000e+00"/>
        <SignalController Id="10" DelayRef="-1" Delay="0.0000000000000000e+00"/>
        <SignalController Id="12" DelayRef="-1" Delay="0.0000000000000000e+00"/>
        <SignalController Id="13" DelayRef="-1" Delay="0.0000000000000000e+00"/>
        <SignalController Id="14" DelayRef="-1" Delay="0.0000000000000000e+00"/>
        <SignalController Id="15" DelayRef="-1" Delay="0.0000000000000000e+00"/>
        <SignalController Id="16" DelayRef="-1" Delay="0.0000000000000000e+00"/>
        <SignalController Id="17" DelayRef="-1" Delay="0.0000000000000000e+00"/>
        <SignalController Id="18" DelayRef="-1" Delay="0.0000000000000000e+00"/>
        <SignalController Id="19" DelayRef="-1" Delay="0.0000000000000000e+00"/>
        <SignalController Id="20" DelayRef="-1" Delay="0.0000000000000000e+00"/>
        <SignalController Id="21" DelayRef="-1" Delay="0.0000000000000000e+00"/>
        <SignalController Id="22" DelayRef="-1" Delay="0.0000000000000000e+00"/>
        <SignalController Id="23" DelayRef="-1" Delay="0.0000000000000000e+00"/>
        <SignalController Id="24" DelayRef="-1" Delay="0.0000000000000000e+00"/>
        <SignalController Id="25" DelayRef="-1" Delay="0.0000000000000000e+00"/>
        <SignalController Id="26" DelayRef="-1" Delay="0.0000000000000000e+00"/>
        <SignalController Id="27" DelayRef="-1" Delay="0.0000000000000000e+00"/>
        <SignalController Id="28" DelayRef="-1" Delay="0.0000000000000000e+00"/>
        <SignalController Id="29" DelayRef="-1" Delay="0.0000000000000000e+00"/>
        <Signal Id="173"/>
        <Signal Id="175"/>
        <Signal Id="176"/>
        <Signal Id="177"/>
        <Signal Id="179"/>
        <Signal Id="180"/>
        <Signal Id="181"/>
        <Signal Id="182"/>
        <Signal Id="183"/>
        <Signal Id="184"/>
        <Signal Id="185"/>
        <Signal Id="186"/>
        <Signal Id="2527"/>
        <Signal Id="2528"/>
        <Signal Id="2540"/>
        <Signal Id="2541"/>
        <Signal Id="2547"/>
        <Signal Id="2548"/>
        <Signal Id="2560"/>
        <Signal Id="2561"/>
        <Signal Id="5560"/>
        <Signal Id="5561"/>
        <Signal Id="5574"/>
        <Signal Id="5575"/>
        <Signal Id="5580"/>
        <Signal Id="5581"/>
        <Signal Id="5594"/>
        <Signal Id="5595"/>
        <Signal Id="8594"/>
        <Signal Id="8595"/>
        <Signal Id="8602"/>
        <Signal Id="8603"/>
        <Signal Id="8614"/>
        <Signal Id="8615"/>
        <Signal Id="8622"/>
        <Signal Id="8623"/>
        <Signal Id="11611"/>
        <Signal Id="11612"/>
        <Signal Id="11613"/>
        <Signal Id="11614"/>
        <Signal Id="11615"/>
        <Signal Id="11616"/>
        <Signal Id="11617"/>
        <Signal Id="11618"/>
        <Signal Id="11619"/>
        <Signal Id="11620"/>
        <Signal Id="11621"/>
        <Signal Id="11622"/>
        <Signal Id="11623"/>
        <Signal Id="11624"/>
        <Signal Id="11625"/>
        <Signal Id="11626"/>
        <Signal Id="11628"/>
        <Signal Id="11629"/>
        <Signal Id="11630"/>
        <Signal Id="11631"/>
        <Signal Id="11632"/>
        <Signal Id="11633"/>
        <Signal Id="11634"/>
        <Signal Id="11635"/>
        <Signal Id="11636"/>
        <Signal Id="11637"/>
        <Signal Id="11638"/>
        <Signal Id="11639"/>
        <Signal Id="11640"/>
        <Signal Id="11641"/>
        <Signal Id="11642"/>
        <Signal Id="11643"/>
        <Signal Id="11644"/>
        <Signal Id="11645"/>
        <Signal Id="11646"/>
        <Signal Id="11648"/>
        <Signal Id="11649"/>
        <Signal Id="11650"/>
        <Signal Id="11651"/>
        <Signal Id="11652"/>
        <Signal Id="11653"/>
        <Signal Id="11654"/>
        <Signal Id="11655"/>
        <Signal Id="11656"/>
        <Signal Id="11658"/>
        <Signal Id="11659"/>
        <Signal Id="11660"/>
        <Signal Id="11661"/>
        <Signal Id="11662"/>
        <Signal Id="11663"/>
        <Signal Id="11664"/>
        <Signal Id="11665"/>
        <Signal Id="11666"/>
    </LightSigns>
    <Selections/>
</Scenario>
