<?xml version="1.0" encoding="UTF-8"?>
<!DOCTYPE Scenario>
<Scenario RevMajor="2021" RevMinor="0">
    <Layout Database="Projects/EEG_2022/20220513_30km.opt.osgb" File="Projects/EEG_2022/20220513_30km.xodr"/>
    <VehicleList ConfigFile="Distros/Current/Config/Players/Vehicles"/>
    <DriverList ConfigFile="Distros/Current/Config/Players/driverCfg.xml"/>
    <CharacterList ConfigFile="Distros/Current/Config/Players/Pedestrians"/>
    <ObjectList ConfigFile="Distros/Current/Config/Players/Objects"/>
    <DynObjects Path="Distros/Current/Config/DynObjects/Logic"/>
    <TrafficElements/>
    <PulkTraffic/>
    <TrafficControl>
        <Player>
            <Description Driver="HastyDriver" Control="external" AdaptDriverToVehicleType="true" Type="AlfaRomeo_Brera_10_BiancoSpino" Name="New Player"/>
            <Init>
                <Speed Value="1.6666666666666668e+01"/>
                <PosPathShape/>
                <PathShapeRef StartS="1.0000000000000000e-02" EndAction="continue" TargetS="2.8994166672229767e+04" UsedFor="steering" PathShapeId="1"/>
            </Init>
        </Player>
        <Player>
            <Description Driver="DefaultDriver" Control="internal" AdaptDriverToVehicleType="true" Type="AlfaRomeo_Brera_10_BiancoSpino" Name="New Player02 Copy 04"/>
            <Init>
                <Speed Value="0.0000000000000000e+00"/>
                <PosAbsolute X="1.6772676544189453e+03" Y="5.4323501586914062e+01" Z="0.0000000000000000e+00" Direction="0.0000000000000000e+00" AlignToRoad="true"/>
            </Init>
        </Player>
        <Player>
            <Description Driver="DefaultDriver" Control="internal" AdaptDriverToVehicleType="true" Type="AlfaRomeo_Brera_10_BiancoSpino" Name="New Player06 Copy 12"/>
            <Init>
                <Speed Value="0.0000000000000000e+00"/>
                <PosAbsolute X="2.2028839569091797e+03" Y="5.7511463165283203e+01" Z="0.0000000000000000e+00" Direction="0.0000000000000000e+00" AlignToRoad="true"/>
            </Init>
        </Player>
        <Player>
            <Description Driver="DefaultDriver" Control="internal" AdaptDriverToVehicleType="true" Type="AlfaRomeo_Brera_10_BiancoSpino" Name="New Player03 Copy "/>
            <Init>
                <Speed Value="0.0000000000000000e+00"/>
                <PosAbsolute X="2.7041690368652344e+03" Y="5.4261379241943359e+01" Z="0.0000000000000000e+00" Direction="6.2216412950412197e-03" AlignToRoad="true"/>
            </Init>
        </Player>
        <Player>
            <Description Driver="DefaultDriver" Control="internal" AdaptDriverToVehicleType="true" Type="AlfaRomeo_Brera_10_BiancoSpino" Name="New Player01 Copy "/>
            <Init>
                <Speed Value="0.0000000000000000e+00"/>
                <PosAbsolute X="3.7921195678710938e+03" Y="5.4253101348876953e+01" Z="0.0000000000000000e+00" Direction="0.0000000000000000e+00" AlignToRoad="true"/>
            </Init>
        </Player>
        <Player>
            <Description Driver="DefaultDriver" Control="internal" AdaptDriverToVehicleType="true" Type="AlfaRomeo_Brera_10_BiancoSpino" Name="New Player06 Copy 06"/>
            <Init>
                <Speed Value="0.0000000000000000e+00"/>
                <PosAbsolute X="4.3627681121826172e+03" Y="5.0764625549316406e+01" Z="0.0000000000000000e+00" Direction="0.0000000000000000e+00" AlignToRoad="true"/>
            </Init>
        </Player>
        <Player>
            <Description Driver="DefaultDriver" Control="internal" AdaptDriverToVehicleType="true" Type="AlfaRomeo_Brera_10_BiancoSpino" Name="New Player04 Copy 07"/>
            <Init>
                <Speed Value="0.0000000000000000e+00"/>
                <PosAbsolute X="4.8345513153076172e+03" Y="5.0506629943847656e+01" Z="0.0000000000000000e+00" Direction="0.0000000000000000e+00" AlignToRoad="true"/>
            </Init>
        </Player>
        <Player>
            <Description Driver="DefaultDriver" Control="internal" AdaptDriverToVehicleType="true" Type="AlfaRomeo_Brera_10_BiancoSpino" Name="New Player04 Copy 08"/>
            <Init>
                <Speed Value="0.0000000000000000e+00"/>
                <PosAbsolute X="6.4541724090576172e+03" Y="5.0558944702148438e+01" Z="0.0000000000000000e+00" Direction="0.0000000000000000e+00" AlignToRoad="true"/>
            </Init>
        </Player>
        <Player>
            <Description Driver="DefaultDriver" Control="internal" AdaptDriverToVehicleType="true" Type="AlfaRomeo_Brera_10_BiancoSpino" Name="New Player06 Copy 07"/>
            <Init>
                <Speed Value="0.0000000000000000e+00"/>
                <PosAbsolute X="7.0588584442138672e+03" Y="5.0745803833007812e+01" Z="0.0000000000000000e+00" Direction="0.0000000000000000e+00" AlignToRoad="true"/>
            </Init>
        </Player>
        <Player>
            <Description Driver="DefaultDriver" Control="internal" AdaptDriverToVehicleType="true" Type="AlfaRomeo_Brera_10_BiancoSpino" Name="New Player05 Copy 11"/>
            <Init>
                <Speed Value="0.0000000000000000e+00"/>
                <PosAbsolute X="7.5350438537597656e+03" Y="5.7573635101318359e+01" Z="0.0000000000000000e+00" Direction="6.3273731986697151e-03" AlignToRoad="true"/>
            </Init>
        </Player>
        <Player>
            <Description Driver="DefaultDriver" Control="internal" AdaptDriverToVehicleType="true" Type="AlfaRomeo_Brera_10_BiancoSpino" Name="New Player07 Copy 03"/>
            <Init>
                <Speed Value="0.0000000000000000e+00"/>
                <PosAbsolute X="8.0560623855590820e+03" Y="5.7440555572509766e+01" Z="0.0000000000000000e+00" Direction="0.0000000000000000e+00" AlignToRoad="true"/>
            </Init>
        </Player>
        <Player>
            <Description Driver="DefaultDriver" Control="internal" AdaptDriverToVehicleType="true" Type="AlfaRomeo_Brera_10_BiancoSpino" Name="New Player04 Copy 09"/>
            <Init>
                <Speed Value="0.0000000000000000e+00"/>
                <PosAbsolute X="8.6148716278076172e+03" Y="5.0780143737792969e+01" Z="0.0000000000000000e+00" Direction="0.0000000000000000e+00" AlignToRoad="true"/>
            </Init>
        </Player>
        <Player>
            <Description Driver="DefaultDriver" Control="internal" AdaptDriverToVehicleType="true" Type="AlfaRomeo_Brera_10_BiancoSpino" Name="New Player06 Copy 08"/>
            <Init>
                <Speed Value="0.0000000000000000e+00"/>
                <PosAbsolute X="9.2202119598388672e+03" Y="5.0741146087646484e+01" Z="0.0000000000000000e+00" Direction="0.0000000000000000e+00" AlignToRoad="true"/>
            </Init>
        </Player>
        <Player>
            <Description Driver="DefaultDriver" Control="internal" AdaptDriverToVehicleType="true" Type="AlfaRomeo_Brera_10_BiancoSpino" Name="New Player04 Copy 10"/>
            <Init>
                <Speed Value="0.0000000000000000e+00"/>
                <PosAbsolute X="1.0235687057495117e+04" Y="5.0804840087890625e+01" Z="0.0000000000000000e+00" Direction="0.0000000000000000e+00" AlignToRoad="true"/>
            </Init>
        </Player>
        <Player>
            <Description Driver="DefaultDriver" Control="internal" AdaptDriverToVehicleType="true" Type="AlfaRomeo_Brera_10_BiancoSpino" Name="New Player06 Copy 13"/>
            <Init>
                <Speed Value="0.0000000000000000e+00"/>
                <PosAbsolute X="1.0841977218627930e+04" Y="5.7547306060791016e+01" Z="0.0000000000000000e+00" Direction="0.0000000000000000e+00" AlignToRoad="true"/>
            </Init>
        </Player>
        <Player>
            <Description Driver="DefaultDriver" Control="internal" AdaptDriverToVehicleType="true" Type="AlfaRomeo_Brera_10_BiancoSpino" Name="New Player06 Copy 09"/>
            <Init>
                <Speed Value="0.0000000000000000e+00"/>
                <PosAbsolute X="1.1384333053588867e+04" Y="5.0820026397705078e+01" Z="0.0000000000000000e+00" Direction="0.0000000000000000e+00" AlignToRoad="true"/>
            </Init>
        </Player>
        <Player>
            <Description Driver="DefaultDriver" Control="internal" AdaptDriverToVehicleType="true" Type="AlfaRomeo_Brera_10_BiancoSpino" Name="New Player04 Copy 11"/>
            <Init>
                <Speed Value="0.0000000000000000e+00"/>
                <PosAbsolute X="1.1855330612182617e+04" Y="5.0699810028076172e+01" Z="0.0000000000000000e+00" Direction="0.0000000000000000e+00" AlignToRoad="true"/>
            </Init>
        </Player>
        <Player>
            <Description Driver="DefaultDriver" Control="internal" AdaptDriverToVehicleType="true" Type="AlfaRomeo_Brera_10_BiancoSpino" Name="New Player07 Copy 04"/>
            <Init>
                <Speed Value="0.0000000000000000e+00"/>
                <PosAbsolute X="1.2376495979309082e+04" Y="5.7580654144287109e+01" Z="0.0000000000000000e+00" Direction="0.0000000000000000e+00" AlignToRoad="true"/>
            </Init>
        </Player>
        <Player>
            <Description Driver="DefaultDriver" Control="internal" AdaptDriverToVehicleType="true" Type="AlfaRomeo_Brera_10_BiancoSpino" Name="New Player07 Copy 05"/>
            <Init>
                <Speed Value="0.0000000000000000e+00"/>
                <PosAbsolute X="1.3455746955871582e+04" Y="5.0745147705078125e+01" Z="0.0000000000000000e+00" Direction="0.0000000000000000e+00" AlignToRoad="true"/>
            </Init>
        </Player>
        <PlayerActions Player="New Player">
            <Action Name="">
                <PosAbsolute CounterID="" CounterComp="COMP_EQ" Radius="5.0000000000000000e+00" X="8.1496572494506836e+00" Y="5.4343597412109375e+01" NetDist="false" CounterVal="0" Pivot="New Player"/>
                <Autonomous Force="true" ExecutionTimes="1" ActiveOnEnter="true" DelayTime="0.0000000000000000e+00"/>
            </Action>
        </PlayerActions>
        <PlayerActions Player="New Player02 Copy 04">
            <Action Name="">
                <PosAbsolute CounterID="" CounterComp="COMP_EQ" Radius="5.0000000000000000e+00" X="1.5390952148437500e+03" Y="5.4164489746093750e+01" NetDist="false" CounterVal="0" Pivot="New Player"/>
                <SpeedChange Rate="4.0000000000000000e+00" Target="1.3888888888888889e+01" Force="true" ExecutionTimes="1" ActiveOnEnter="true" DelayTime="0.0000000000000000e+00"/>
            </Action>
            <Action Name="">
                <PosRelative CounterID="" CounterComp="COMP_EQ" NetDist="false" Distance="3.5000000000000000e+01" CounterVal="0" Pivot="New Player"/>
                <EditorPos Radius="3.5000000000000000e+01" X="5.8433277702331541e+00" Y="5.4299999999999997e+01"/>
                <SpeedChange Rate="4.0000000000000000e+00" Target="5.5555555555555554e+00" Force="true" ExecutionTimes="1" ActiveOnEnter="true" DelayTime="0.0000000000000000e+00"/>
            </Action>
            <Action Name="">
                <PosRelative CounterID="" CounterComp="COMP_EQ" NetDist="false" Distance="1.9000000000000000e+01" CounterVal="0" Pivot="New Player"/>
                <EditorPos Radius="1.9000000000000000e+01" X="5.8433277702331541e+00" Y="5.4299999999999997e+01"/>
                <LaneChange Direction="-1" Force="true" ExecutionTimes="1" ActiveOnEnter="true" DelayTime="0.0000000000000000e+00" Time="3.0000000000000000e+00"/>
                <SpeedChange Rate="1.0000000000000000e+00" Target="0.0000000000000000e+00" Force="true" ExecutionTimes="1" ActiveOnEnter="true" DelayTime="8.0000000000000000e+00"/>
            </Action>
        </PlayerActions>
        <PlayerActions Player="New Player06 Copy 12">
            <Action Name="">
                <PosAbsolute CounterID="" CounterComp="COMP_EQ" Radius="5.0000000000000000e+00" X="2.0802910614013672e+03" Y="5.4544261932373047e+01" NetDist="false" CounterVal="0" Pivot="New Player"/>
                <SpeedChange Rate="4.0000000000000000e+00" Target="1.1111111111111111e+01" Force="true" ExecutionTimes="1" ActiveOnEnter="true" DelayTime="0.0000000000000000e+00"/>
            </Action>
            <Action Name="">
                <PosRelative CounterID="" CounterComp="COMP_EQ" NetDist="false" Distance="6.0000000000000000e+01" CounterVal="0" Pivot="New Player"/>
                <EditorPos Radius="6.0000000000000000e+01" X="5.8433277702331541e+00" Y="5.4299999999999997e+01"/>
                <LaneChange Direction="-2" Force="true" ExecutionTimes="1" ActiveOnEnter="true" DelayTime="0.0000000000000000e+00" Time="3.0000000000000000e+00"/>
                <SpeedChange Rate="4.0000000000000000e+00" Target="0.0000000000000000e+00" Force="true" ExecutionTimes="1" ActiveOnEnter="true" DelayTime="5.0000000000000000e+00"/>
            </Action>
        </PlayerActions>
        <PlayerActions Player="New Player03 Copy ">
            <Action Name="">
                <PosAbsolute CounterID="" CounterComp="COMP_EQ" Radius="5.0000000000000000e+00" X="2.6207836914062500e+03" Y="5.4295139312744141e+01" NetDist="false" CounterVal="0" Pivot="New Player"/>
                <SpeedChange Rate="1.0010000000000000e+01" Target="1.5277777777777777e+01" Force="true" ExecutionTimes="1" ActiveOnEnter="true" DelayTime="0.0000000000000000e+00"/>
            </Action>
            <Action Name="">
                <PosRelative CounterID="" CounterComp="COMP_EQ" NetDist="true" Distance="4.0000000000000000e+01" CounterVal="0" Pivot="New Player"/>
                <EditorPos Radius="4.0000000000000000e+01" X="5.8433277702331541e+00" Y="5.4299999999999997e+01"/>
                <SpeedChange Rate="1.0000000000000000e+01" Target="2.7777777777777777e+00" Force="true" ExecutionTimes="1" ActiveOnEnter="true" DelayTime="0.0000000000000000e+00"/>
            </Action>
            <Action Name="">
                <PosRelative CounterID="" CounterComp="COMP_EQ" NetDist="false" Distance="1.8000000000000000e+01" CounterVal="0" Pivot="New Player"/>
                <EditorPos Radius="1.8000000000000000e+01" X="5.8433277702331541e+00" Y="5.4299999999999997e+01"/>
                <LaneChange Direction="1" Force="true" ExecutionTimes="1" ActiveOnEnter="true" DelayTime="0.0000000000000000e+00" Time="3.0000000000000000e+00"/>
                <SpeedChange Rate="1.0000000000000000e+00" Target="0.0000000000000000e+00" Force="true" ExecutionTimes="1" ActiveOnEnter="true" DelayTime="8.0000000000000000e+00"/>
            </Action>
        </PlayerActions>
        <PlayerActions Player="New Player01 Copy ">
            <Action Name="">
                <PosAbsolute CounterID="" CounterComp="COMP_EQ" Radius="5.0000000000000000e+00" X="3.6998668670654297e+03" Y="5.4400310516357422e+01" NetDist="false" CounterVal="0" Pivot="New Player"/>
                <SpeedChange Rate="4.0000000000000000e+00" Target="1.1111111111111111e+01" Force="true" ExecutionTimes="1" ActiveOnEnter="true" DelayTime="0.0000000000000000e+00"/>
            </Action>
            <Action Name="">
                <PosRelative CounterID="" CounterComp="COMP_EQ" NetDist="false" Distance="2.5000000000000000e+01" CounterVal="0" Pivot="New Player"/>
                <EditorPos Radius="2.5000000000000000e+01" X="5.8433277702331541e+00" Y="5.4299999999999997e+01"/>
                <LaneChange Direction="1" Force="true" ExecutionTimes="1" ActiveOnEnter="true" DelayTime="0.0000000000000000e+00" Time="3.0000000000000000e+00"/>
                <SpeedChange Rate="1.0000000000000000e+00" Target="0.0000000000000000e+00" Force="true" ExecutionTimes="1" ActiveOnEnter="true" DelayTime="0.0000000000000000e+00"/>
            </Action>
        </PlayerActions>
        <PlayerActions Player="New Player06 Copy 06">
            <Action Name="">
                <PosAbsolute CounterID="" CounterComp="COMP_EQ" Radius="5.0000000000000000e+00" X="4.2395275115966797e+03" Y="5.4274562835693359e+01" NetDist="false" CounterVal="0" Pivot="New Player"/>
                <SpeedChange Rate="4.0000000000000000e+00" Target="1.1111111111111111e+01" Force="true" ExecutionTimes="1" ActiveOnEnter="true" DelayTime="0.0000000000000000e+00"/>
            </Action>
            <Action Name="">
                <PosRelative CounterID="" CounterComp="COMP_EQ" NetDist="false" Distance="6.0000000000000000e+01" CounterVal="0" Pivot="New Player"/>
                <EditorPos Radius="6.0000000000000000e+01" X="5.8433277702331541e+00" Y="5.4299999999999997e+01"/>
                <LaneChange Direction="2" Force="true" ExecutionTimes="1" ActiveOnEnter="true" DelayTime="0.0000000000000000e+00" Time="3.0000000000000000e+00"/>
                <SpeedChange Rate="4.0000000000000000e+00" Target="0.0000000000000000e+00" Force="true" ExecutionTimes="1" ActiveOnEnter="true" DelayTime="5.0000000000000000e+00"/>
            </Action>
        </PlayerActions>
        <PlayerActions Player="New Player04 Copy 07">
            <Action Name="">
                <PosAbsolute CounterID="" CounterComp="COMP_EQ" Radius="5.0000000000000000e+00" X="4.7798975677490234e+03" Y="5.4163455963134766e+01" NetDist="false" CounterVal="0" Pivot="New Player"/>
                <SpeedChange Rate="4.0000000000000000e+00" Target="1.1111111111111111e+01" Force="true" ExecutionTimes="1" ActiveOnEnter="false" DelayTime="0.0000000000000000e+00"/>
            </Action>
            <Action Name="">
                <PosRelative CounterID="" CounterComp="COMP_EQ" NetDist="true" Distance="3.5000000000000000e+01" CounterVal="0" Pivot="New Player"/>
                <EditorPos Radius="3.5000000000000000e+01" X="5.8433277702331541e+00" Y="5.4299999999999997e+01"/>
                <LaneChange Direction="2" Force="true" ExecutionTimes="1" ActiveOnEnter="true" DelayTime="0.0000000000000000e+00" Time="3.0000000000000000e+00"/>
                <SpeedChange Rate="4.0000000000000000e+00" Target="0.0000000000000000e+00" Force="true" ExecutionTimes="1" ActiveOnEnter="true" DelayTime="5.0000000000000000e+00"/>
            </Action>
        </PlayerActions>
        <PlayerActions Player="New Player04 Copy 08">
            <Action Name="">
                <PosAbsolute CounterID="" CounterComp="COMP_EQ" Radius="5.0000000000000000e+00" X="6.4008321380615234e+03" Y="5.4075050354003906e+01" NetDist="false" CounterVal="0" Pivot="New Player"/>
                <SpeedChange Rate="4.0000000000000000e+00" Target="1.1111111111111111e+01" Force="true" ExecutionTimes="1" ActiveOnEnter="false" DelayTime="0.0000000000000000e+00"/>
            </Action>
            <Action Name="">
                <PosRelative CounterID="" CounterComp="COMP_EQ" NetDist="true" Distance="3.5000000000000000e+01" CounterVal="0" Pivot="New Player"/>
                <EditorPos Radius="3.5000000000000000e+01" X="5.8433277702331541e+00" Y="5.4299999999999997e+01"/>
                <LaneChange Direction="2" Force="true" ExecutionTimes="1" ActiveOnEnter="true" DelayTime="0.0000000000000000e+00" Time="3.0000000000000000e+00"/>
                <SpeedChange Rate="4.0000000000000000e+00" Target="0.0000000000000000e+00" Force="true" ExecutionTimes="1" ActiveOnEnter="true" DelayTime="5.0000000000000000e+00"/>
            </Action>
        </PlayerActions>
        <PlayerActions Player="New Player06 Copy 07">
            <Action Name="">
                <PosAbsolute CounterID="" CounterComp="COMP_EQ" Radius="5.0000000000000000e+00" X="6.9400963592529297e+03" Y="5.4347145080566406e+01" NetDist="false" CounterVal="0" Pivot="New Player"/>
                <SpeedChange Rate="4.0000000000000000e+00" Target="1.1111111111111111e+01" Force="true" ExecutionTimes="1" ActiveOnEnter="true" DelayTime="0.0000000000000000e+00"/>
            </Action>
            <Action Name="">
                <PosRelative CounterID="" CounterComp="COMP_EQ" NetDist="false" Distance="6.0000000000000000e+01" CounterVal="0" Pivot="New Player"/>
                <EditorPos Radius="6.0000000000000000e+01" X="5.8433277702331541e+00" Y="5.4299999999999997e+01"/>
                <LaneChange Direction="2" Force="true" ExecutionTimes="1" ActiveOnEnter="true" DelayTime="0.0000000000000000e+00" Time="3.0000000000000000e+00"/>
                <SpeedChange Rate="4.0000000000000000e+00" Target="0.0000000000000000e+00" Force="true" ExecutionTimes="1" ActiveOnEnter="true" DelayTime="5.0000000000000000e+00"/>
            </Action>
        </PlayerActions>
        <PlayerActions Player="New Player05 Copy 11">
            <Action Name="">
                <PosAbsolute CounterID="" CounterComp="COMP_EQ" Radius="5.0000000000000000e+00" X="7.4799146423339844e+03" Y="5.4323680877685547e+01" NetDist="false" CounterVal="0" Pivot="New Player"/>
                <SpeedChange Rate="4.0000000000000000e+00" Target="1.1111111111111111e+01" Force="true" ExecutionTimes="1" ActiveOnEnter="false" DelayTime="0.0000000000000000e+00"/>
            </Action>
            <Action Name="">
                <PosRelative CounterID="" CounterComp="COMP_EQ" NetDist="false" Distance="3.5000000000000000e+01" CounterVal="0" Pivot="New Player"/>
                <EditorPos Radius="3.5000000000000000e+01" X="5.8433277702331541e+00" Y="5.4299999999999997e+01"/>
                <LaneChange Direction="-2" Force="true" ExecutionTimes="1" ActiveOnEnter="true" DelayTime="0.0000000000000000e+00" Time="3.0000000000000000e+00"/>
                <SpeedChange Rate="4.0000000000000000e+00" Target="0.0000000000000000e+00" Force="true" ExecutionTimes="1" ActiveOnEnter="true" DelayTime="5.0000000000000000e+00"/>
            </Action>
        </PlayerActions>
        <PlayerActions Player="New Player07 Copy 03">
            <Action Name="">
                <PosAbsolute CounterID="" CounterComp="COMP_EQ" Radius="5.0000000000000000e+00" X="8.0201648941040039e+03" Y="5.4276382446289062e+01" NetDist="false" CounterVal="0" Pivot="New Player"/>
                <SpeedChange Rate="1.0000000000000000e+01" Target="1.1111111111111111e+01" Force="true" ExecutionTimes="1" ActiveOnEnter="true" DelayTime="0.0000000000000000e+00"/>
            </Action>
            <Action Name="">
                <PosRelative CounterID="" CounterComp="COMP_EQ" NetDist="false" Distance="1.0000000000000000e+01" CounterVal="0" Pivot="New Player"/>
                <EditorPos Radius="1.0000000000000000e+01" X="5.8433277702331541e+00" Y="5.4299999999999997e+01"/>
                <SpeedChange Rate="4.0000000000000000e+00" Target="0.0000000000000000e+00" Force="true" ExecutionTimes="1" ActiveOnEnter="false" DelayTime="0.0000000000000000e+00"/>
            </Action>
        </PlayerActions>
        <PlayerActions Player="New Player04 Copy 09">
            <Action Name="">
                <PosAbsolute CounterID="" CounterComp="COMP_EQ" Radius="5.0000000000000000e+00" X="8.5604483489990234e+03" Y="5.4155536651611328e+01" NetDist="false" CounterVal="0" Pivot="New Player"/>
                <SpeedChange Rate="4.0000000000000000e+00" Target="1.1111111111111111e+01" Force="true" ExecutionTimes="1" ActiveOnEnter="false" DelayTime="0.0000000000000000e+00"/>
            </Action>
            <Action Name="">
                <PosRelative CounterID="" CounterComp="COMP_EQ" NetDist="true" Distance="3.5000000000000000e+01" CounterVal="0" Pivot="New Player"/>
                <EditorPos Radius="3.5000000000000000e+01" X="5.8433277702331541e+00" Y="5.4299999999999997e+01"/>
                <LaneChange Direction="2" Force="true" ExecutionTimes="1" ActiveOnEnter="true" DelayTime="0.0000000000000000e+00" Time="3.0000000000000000e+00"/>
                <SpeedChange Rate="4.0000000000000000e+00" Target="0.0000000000000000e+00" Force="true" ExecutionTimes="1" ActiveOnEnter="true" DelayTime="5.0000000000000000e+00"/>
            </Action>
        </PlayerActions>
        <PlayerActions Player="New Player06 Copy 08">
            <Action Name="">
                <PosAbsolute CounterID="" CounterComp="COMP_EQ" Radius="5.0000000000000000e+00" X="9.1009537811279297e+03" Y="5.4361682891845703e+01" NetDist="false" CounterVal="0" Pivot="New Player"/>
                <SpeedChange Rate="4.0000000000000000e+00" Target="1.1111111111111111e+01" Force="true" ExecutionTimes="1" ActiveOnEnter="true" DelayTime="0.0000000000000000e+00"/>
            </Action>
            <Action Name="">
                <PosRelative CounterID="" CounterComp="COMP_EQ" NetDist="false" Distance="6.0000000000000000e+01" CounterVal="0" Pivot="New Player"/>
                <EditorPos Radius="6.0000000000000000e+01" X="5.8433277702331541e+00" Y="5.4299999999999997e+01"/>
                <LaneChange Direction="2" Force="true" ExecutionTimes="1" ActiveOnEnter="true" DelayTime="0.0000000000000000e+00" Time="3.0000000000000000e+00"/>
                <SpeedChange Rate="4.0000000000000000e+00" Target="0.0000000000000000e+00" Force="true" ExecutionTimes="1" ActiveOnEnter="true" DelayTime="5.0000000000000000e+00"/>
            </Action>
        </PlayerActions>
        <PlayerActions Player="New Player04 Copy 10">
            <Action Name="">
                <PosAbsolute CounterID="" CounterComp="COMP_EQ" Radius="5.0000000000000000e+00" X="1.0180058700561523e+04" Y="5.4180233001708984e+01" NetDist="false" CounterVal="0" Pivot="New Player"/>
                <SpeedChange Rate="4.0000000000000000e+00" Target="1.1111111111111111e+01" Force="true" ExecutionTimes="1" ActiveOnEnter="false" DelayTime="0.0000000000000000e+00"/>
            </Action>
            <Action Name="">
                <PosRelative CounterID="" CounterComp="COMP_EQ" NetDist="true" Distance="3.5000000000000000e+01" CounterVal="0" Pivot="New Player"/>
                <EditorPos Radius="3.5000000000000000e+01" X="5.8433277702331541e+00" Y="5.4299999999999997e+01"/>
                <LaneChange Direction="2" Force="true" ExecutionTimes="1" ActiveOnEnter="true" DelayTime="0.0000000000000000e+00" Time="3.0000000000000000e+00"/>
                <SpeedChange Rate="4.0000000000000000e+00" Target="0.0000000000000000e+00" Force="true" ExecutionTimes="1" ActiveOnEnter="true" DelayTime="5.0000000000000000e+00"/>
            </Action>
        </PlayerActions>
        <PlayerActions Player="New Player06 Copy 13">
            <Action Name="">
                <PosAbsolute CounterID="" CounterComp="COMP_EQ" Radius="5.0000000000000000e+00" X="1.0719384323120117e+04" Y="5.4580104827880859e+01" NetDist="false" CounterVal="0" Pivot="New Player"/>
                <SpeedChange Rate="4.0000000000000000e+00" Target="1.1111111111111111e+01" Force="true" ExecutionTimes="1" ActiveOnEnter="true" DelayTime="0.0000000000000000e+00"/>
            </Action>
            <Action Name="">
                <PosRelative CounterID="" CounterComp="COMP_EQ" NetDist="false" Distance="6.0000000000000000e+01" CounterVal="0" Pivot="New Player"/>
                <EditorPos Radius="6.0000000000000000e+01" X="5.8433277702331541e+00" Y="5.4299999999999997e+01"/>
                <LaneChange Direction="-2" Force="true" ExecutionTimes="1" ActiveOnEnter="true" DelayTime="0.0000000000000000e+00" Time="3.0000000000000000e+00"/>
                <SpeedChange Rate="4.0000000000000000e+00" Target="0.0000000000000000e+00" Force="true" ExecutionTimes="1" ActiveOnEnter="true" DelayTime="5.0000000000000000e+00"/>
            </Action>
        </PlayerActions>
        <PlayerActions Player="New Player06 Copy 09">
            <Action Name="">
                <PosAbsolute CounterID="" CounterComp="COMP_EQ" Radius="5.0000000000000000e+00" X="1.1261092453002930e+04" Y="5.4329963684082031e+01" NetDist="false" CounterVal="0" Pivot="New Player"/>
                <SpeedChange Rate="4.0000000000000000e+00" Target="1.1111111111111111e+01" Force="true" ExecutionTimes="1" ActiveOnEnter="true" DelayTime="0.0000000000000000e+00"/>
            </Action>
            <Action Name="">
                <PosRelative CounterID="" CounterComp="COMP_EQ" NetDist="false" Distance="6.0000000000000000e+01" CounterVal="0" Pivot="New Player"/>
                <EditorPos Radius="6.0000000000000000e+01" X="5.8433277702331541e+00" Y="5.4299999999999997e+01"/>
                <LaneChange Direction="2" Force="true" ExecutionTimes="1" ActiveOnEnter="true" DelayTime="0.0000000000000000e+00" Time="3.0000000000000000e+00"/>
                <SpeedChange Rate="4.0000000000000000e+00" Target="0.0000000000000000e+00" Force="true" ExecutionTimes="1" ActiveOnEnter="true" DelayTime="5.0000000000000000e+00"/>
            </Action>
        </PlayerActions>
        <PlayerActions Player="New Player04 Copy 11">
            <Action Name="">
                <PosAbsolute CounterID="" CounterComp="COMP_EQ" Radius="5.0000000000000000e+00" X="1.1800563583374023e+04" Y="5.4143875122070312e+01" NetDist="false" CounterVal="0" Pivot="New Player"/>
                <SpeedChange Rate="4.0000000000000000e+00" Target="1.1111111111111111e+01" Force="true" ExecutionTimes="1" ActiveOnEnter="false" DelayTime="0.0000000000000000e+00"/>
            </Action>
            <Action Name="">
                <PosRelative CounterID="" CounterComp="COMP_EQ" NetDist="true" Distance="3.5000000000000000e+01" CounterVal="0" Pivot="New Player"/>
                <EditorPos Radius="3.5000000000000000e+01" X="5.8433277702331541e+00" Y="5.4299999999999997e+01"/>
                <LaneChange Direction="2" Force="true" ExecutionTimes="1" ActiveOnEnter="true" DelayTime="0.0000000000000000e+00" Time="3.0000000000000000e+00"/>
                <SpeedChange Rate="4.0000000000000000e+00" Target="0.0000000000000000e+00" Force="true" ExecutionTimes="1" ActiveOnEnter="true" DelayTime="5.0000000000000000e+00"/>
            </Action>
        </PlayerActions>
        <PlayerActions Player="New Player07 Copy 04">
            <Action Name="">
                <PosAbsolute CounterID="" CounterComp="COMP_EQ" Radius="5.0000000000000000e+00" X="1.2340232276916504e+04" Y="5.4187973022460938e+01" NetDist="false" CounterVal="0" Pivot="New Player"/>
                <SpeedChange Rate="1.0000000000000000e+01" Target="1.1111111111111111e+01" Force="true" ExecutionTimes="1" ActiveOnEnter="true" DelayTime="0.0000000000000000e+00"/>
            </Action>
            <Action Name="">
                <PosRelative CounterID="" CounterComp="COMP_EQ" NetDist="false" Distance="1.0000000000000000e+01" CounterVal="0" Pivot="New Player"/>
                <EditorPos Radius="1.0000000000000000e+01" X="5.8433277702331541e+00" Y="5.4299999999999997e+01"/>
                <SpeedChange Rate="4.0000000000000000e+00" Target="0.0000000000000000e+00" Force="true" ExecutionTimes="1" ActiveOnEnter="false" DelayTime="0.0000000000000000e+00"/>
            </Action>
        </PlayerActions>
        <PlayerActions Player="New Player07 Copy 05">
            <Action Name="">
                <PosAbsolute CounterID="" CounterComp="COMP_EQ" Radius="5.0000000000000000e+00" X="1.3419849464416504e+04" Y="5.4116390228271484e+01" NetDist="false" CounterVal="0" Pivot="New Player"/>
                <SpeedChange Rate="1.0000000000000000e+01" Target="1.1111111111111111e+01" Force="true" ExecutionTimes="1" ActiveOnEnter="true" DelayTime="0.0000000000000000e+00"/>
            </Action>
            <Action Name="">
                <PosRelative CounterID="" CounterComp="COMP_EQ" NetDist="false" Distance="1.0000000000000000e+01" CounterVal="0" Pivot="New Player"/>
                <EditorPos Radius="1.0000000000000000e+01" X="5.8433277702331541e+00" Y="5.4299999999999997e+01"/>
                <SpeedChange Rate="4.0000000000000000e+00" Target="0.0000000000000000e+00" Force="true" ExecutionTimes="1" ActiveOnEnter="false" DelayTime="0.0000000000000000e+00"/>
            </Action>
        </PlayerActions>
    </TrafficControl>
    <MovingObjectsControl>
        <PathShape ShapeId="1" ShapeType="polyline" Closed="false" Name="PathShape01">
            <Waypoint X="5.8333277702331543e+00" Y="5.4299999999999997e+01" Options="0x00000000" Z="0.0000000000000000e+00" Weight="1.0000000000000000e+00" Yaw="0.0000000000000000e+00" Pitch="0.0000000000000000e+00" Roll="0.0000000000000000e+00" Time="0.0000000000000000e+00"/>
            <Waypoint X="2.9000000000000000e+04" Y="5.4299999999999997e+01" Options="0x00000000" Z="0.0000000000000000e+00" Weight="1.0000000000000000e+00" Yaw="0.0000000000000000e+00" Pitch="0.0000000000000000e+00" Roll="0.0000000000000000e+00" Time="0.0000000000000000e+00"/>
        </PathShape>
        <PathShape ShapeId="2" ShapeType="polyline" Closed="false" Name="PathShape02">
            <Waypoint X="1.0008251953125000e+03" Y="4.8786319732666016e+01" Options="0x00000000" Z="0.0000000000000000e+00" Weight="1.0000000000000000e+00" Yaw="1.5659831472313621e+00" Pitch="0.0000000000000000e+00" Roll="0.0000000000000000e+00" Time="0.0000000000000000e+00"/>
            <Waypoint X="1.0009277954101562e+03" Y="7.0102645874023438e+01" Options="0x00000000" Z="0.0000000000000000e+00" Weight="1.0000000000000000e+00" Yaw="1.5659831472313621e+00" Pitch="0.0000000000000000e+00" Roll="0.0000000000000000e+00" Time="0.0000000000000000e+00"/>
        </PathShape>
        <PathShape ShapeId="3" ShapeType="polyline" Closed="false" Name="PathShape03">
            <Waypoint X="3.1602988281250000e+03" Y="4.8658821105957031e+01" Options="0x00000000" Z="0.0000000000000000e+00" Weight="1.0000000000000000e+00" Yaw="1.5650381456604161e+00" Pitch="0.0000000000000000e+00" Roll="0.0000000000000000e+00" Time="0.0000000000000000e+00"/>
            <Waypoint X="3.1604204101562500e+03" Y="6.9773246765136719e+01" Options="0x00000000" Z="0.0000000000000000e+00" Weight="1.0000000000000000e+00" Yaw="1.5650381456604161e+00" Pitch="0.0000000000000000e+00" Roll="0.0000000000000000e+00" Time="0.0000000000000000e+00"/>
        </PathShape>
        <PathShape ShapeId="4" ShapeType="polyline" Closed="false" Name="PathShape04">
            <Waypoint X="5.3204648437500000e+03" Y="7.0169212341308594e+01" Options="0x00000000" Z="0.0000000000000000e+00" Weight="1.0000000000000000e+00" Yaw="4.7114801037369745e+00" Pitch="0.0000000000000000e+00" Roll="0.0000000000000000e+00" Time="0.0000000000000000e+00"/>
            <Waypoint X="5.3204458007812500e+03" Y="4.9217014312744141e+01" Options="0x00000000" Z="0.0000000000000000e+00" Weight="1.0000000000000000e+00" Yaw="4.7114801037369745e+00" Pitch="0.0000000000000000e+00" Roll="0.0000000000000000e+00" Time="0.0000000000000000e+00"/>
        </PathShape>
        <PathShape ShapeId="5" ShapeType="polyline" Closed="false" Name="PathShape05">
            <Waypoint X="5.8603251953125000e+03" Y="4.8684604644775391e+01" Options="0x00000000" Z="0.0000000000000000e+00" Weight="1.0000000000000000e+00" Yaw="1.5756777880611128e+00" Pitch="0.0000000000000000e+00" Roll="0.0000000000000000e+00" Time="0.0000000000000000e+00"/>
            <Waypoint X="5.8602216796875000e+03" Y="6.9890304565429688e+01" Options="0x00000000" Z="0.0000000000000000e+00" Weight="1.0000000000000000e+00" Yaw="1.5756777880611128e+00" Pitch="0.0000000000000000e+00" Roll="0.0000000000000000e+00" Time="0.0000000000000000e+00"/>
        </PathShape>
        <PathShape ShapeId="6" ShapeType="polyline" Closed="false" Name="PathShape06">
            <Waypoint X="9.6400595703125000e+03" Y="4.8398612976074219e+01" Options="0x00000000" Z="0.0000000000000000e+00" Weight="1.0000000000000000e+00" Yaw="1.5703860195576205e+00" Pitch="0.0000000000000000e+00" Roll="0.0000000000000000e+00" Time="0.0000000000000000e+00"/>
            <Waypoint X="9.6400683593750000e+03" Y="6.9819297790527344e+01" Options="0x00000000" Z="0.0000000000000000e+00" Weight="1.0000000000000000e+00" Yaw="1.5703860195576205e+00" Pitch="0.0000000000000000e+00" Roll="0.0000000000000000e+00" Time="0.0000000000000000e+00"/>
        </PathShape>
        <Character CharacterType="male_adult" Class="pedestrian" Appearance="" Name="New Character02">
            <StartPosAbs X="1.0008061523437500e+03" Y="4.8690612792968750e+01" Z="0.0000000000000000e+00" Direction="1.5625331528570985e+00"/>
        </Character>
        <Character CharacterType="male_adult" Class="pedestrian" Appearance="" Name="New Character03">
            <StartPosAbs X="3.1602988281250000e+03" Y="4.8558277130126953e+01" Z="0.0000000000000000e+00" Direction="1.5883242555671038e+00"/>
        </Character>
        <Character CharacterType="male_adult" Class="pedestrian" Appearance="" Name="New Character04">
            <StartPosAbs X="5.3205278320312500e+03" Y="7.0204017639160156e+01" Z="0.0000000000000000e+00" Direction="4.7267007186869732e+00"/>
        </Character>
        <Character CharacterType="male_adult" Class="pedestrian" Appearance="" Name="New Character05">
            <StartPosAbs X="5.8603251953125000e+03" Y="4.8529815673828125e+01" Z="0.0000000000000000e+00" Direction="1.5707963267948966e+00"/>
        </Character>
        <Character CharacterType="male_adult" Class="pedestrian" Appearance="" Name="New Character06">
            <StartPosAbs X="9.6400390625000000e+03" Y="4.8257270812988281e+01" Z="0.0000000000000000e+00" Direction="1.5707963267948966e+00"/>
        </Character>
        <Character CharacterType="male_adult" Class="pedestrian" Appearance="" Name="New Character07">
            <StartPosAbs X="1.2879956054687500e+04" Y="4.8944030761718750e+01" Z="0.0000000000000000e+00" Direction="1.5865027340314335e+00"/>
        </Character>
        <Character CharacterType="male_adult" Class="pedestrian" Appearance="" Name="New Character08">
            <StartPosAbs X="1.3960015625000000e+04" Y="7.0348381042480469e+01" Z="0.0000000000000000e+00" Direction="4.7359737106471282e+00"/>
        </Character>
        <CharacterActions Character="New Character02">
            <Action Name="">
                <PosRelative CounterID="" CounterComp="COMP_EQ" NetDist="false" Distance="5.5000000000000000e+01" CounterVal="0" Pivot="New Player"/>
                <EditorPos Radius="5.5000000000000000e+01" X="5.8433277702331541e+00" Y="5.4299999999999997e+01"/>
                <Motion Move="jog" Rate="0.0000000000000000e+00" Speed="3.0305554866790771e+00" Force="true" ExecutionTimes="1" ActiveOnEnter="true" DelayTime="0.0000000000000000e+00"/>
                <CharacterPath Loop="false" PathShape="2" ExecutionTimes="1" ActiveOnEnter="true" DelayTime="0.0000000000000000e+00" Beam="true" ClampToGround="false"/>
            </Action>
        </CharacterActions>
        <CharacterActions Character="New Character03">
            <Action Name="">
                <PosRelative CounterID="" CounterComp="COMP_EQ" NetDist="false" Distance="5.5000000000000000e+01" CounterVal="0" Pivot="New Player"/>
                <EditorPos Radius="5.5000000000000000e+01" X="5.8433277702331541e+00" Y="5.4299999999999997e+01"/>
                <Motion Move="jog" Rate="0.0000000000000000e+00" Speed="3.0305554866790771e+00" Force="true" ExecutionTimes="1" ActiveOnEnter="true" DelayTime="0.0000000000000000e+00"/>
                <CharacterPath Loop="false" PathShape="3" ExecutionTimes="1" ActiveOnEnter="true" DelayTime="0.0000000000000000e+00" Beam="true" ClampToGround="false"/>
            </Action>
        </CharacterActions>
        <CharacterActions Character="New Character04">
            <Action Name="">
                <PosRelative CounterID="" CounterComp="COMP_EQ" NetDist="false" Distance="1.2000000000000000e+02" CounterVal="0" Pivot="New Player"/>
                <EditorPos Radius="1.2000000000000000e+02" X="5.8433277702331541e+00" Y="5.4299999999999997e+01"/>
                <Motion Move="jog" Rate="0.0000000000000000e+00" Speed="3.0305554866790771e+00" Force="true" ExecutionTimes="1" ActiveOnEnter="true" DelayTime="0.0000000000000000e+00"/>
                <CharacterPath Loop="false" PathShape="4" ExecutionTimes="1" ActiveOnEnter="true" DelayTime="0.0000000000000000e+00" Beam="true" ClampToGround="false"/>
            </Action>
        </CharacterActions>
        <CharacterActions Character="New Character05">
            <Action Name="">
                <PosRelative CounterID="" CounterComp="COMP_EQ" NetDist="false" Distance="5.5000000000000000e+01" CounterVal="0" Pivot="New Player"/>
                <EditorPos Radius="5.5000000000000000e+01" X="5.8433277702331541e+00" Y="5.4299999999999997e+01"/>
                <Motion Move="jog" Rate="0.0000000000000000e+00" Speed="3.0305554866790771e+00" Force="true" ExecutionTimes="1" ActiveOnEnter="true" DelayTime="0.0000000000000000e+00"/>
                <CharacterPath Loop="false" PathShape="5" ExecutionTimes="1" ActiveOnEnter="true" DelayTime="0.0000000000000000e+00" Beam="true" ClampToGround="false"/>
            </Action>
        </CharacterActions>
        <CharacterActions Character="New Character06">
            <Action Name="">
                <PosRelative CounterID="" CounterComp="COMP_EQ" NetDist="false" Distance="5.5000000000000000e+01" CounterVal="0" Pivot="New Player"/>
                <EditorPos Radius="5.5000000000000000e+01" X="5.8433277702331541e+00" Y="5.4299999999999997e+01"/>
                <Motion Move="jog" Rate="0.0000000000000000e+00" Speed="3.0305554866790771e+00" Force="true" ExecutionTimes="1" ActiveOnEnter="true" DelayTime="0.0000000000000000e+00"/>
                <CharacterPath Loop="false" PathShape="6" ExecutionTimes="1" ActiveOnEnter="true" DelayTime="0.0000000000000000e+00" Beam="true" ClampToGround="false"/>
            </Action>
        </CharacterActions>
        <CharacterActions Character="New Character07"/>
        <CharacterActions Character="New Character08"/>
    </MovingObjectsControl>
    <LightSigns/>
    <Selections/>
</Scenario>
