<?xml version="1.0" encoding="UTF-8"?>
<!DOCTYPE Scenario>
<Scenario RevMajor="2021" RevMinor="0">
    <Layout Database="Projects/EEG_2022/20220513_30km.opt.osgb" File="Projects/EEG_2022/20220513_30km.xodr"/>
    <VehicleList ConfigFile="Distros/Current/Config/Players/Vehicles"/>
    <DriverList ConfigFile="Distros/Current/Config/Players/driverCfg.xml"/>
    <CharacterList ConfigFile="Distros/Current/Config/Players/Pedestrians"/>
    <ObjectList ConfigFile="Distros/Current/Config/Players/Objects"/>
    <DynObjects Path="Distros/Current/Config/DynObjects/Logic"/>
    <TrafficElements/>
    <PulkTraffic/>
    <TrafficControl>
        <Player>
            <Description Driver="HastyDriver" Control="external" AdaptDriverToVehicleType="true" Type="AlfaRomeo_Brera_10_BiancoSpino" Name="New Player"/>
            <Init>
                <Speed Value="1.6666666666666668e+01"/>
                <PosPathShape/>
                <PathShapeRef StartS="1.0000000000000000e-02" EndAction="continue" TargetS="1.6650430000020300e+04" UsedFor="steering" PathShapeId="1"/>
            </Init>
        </Player>
        <Player>
            <Description Driver="DefaultDriver" Control="internal" AdaptDriverToVehicleType="true" Type="AlfaRomeo_Brera_10_BiancoSpino" Name="New Player06 Copy 02"/>
            <Init>
                <Speed Value="0.0000000000000000e+00"/>
                <PosAbsolute X="1.4350596328735352e+04" Y="5.0949832916259766e+01" Z="0.0000000000000000e+00" Direction="0.0000000000000000e+00" AlignToRoad="true"/>
            </Init>
        </Player>
        <Player>
            <Description Driver="DefaultDriver" Control="internal" AdaptDriverToVehicleType="true" Type="AlfaRomeo_Brera_10_BiancoSpino" Name="New Player02 Copy 06"/>
            <Init>
                <Speed Value="0.0000000000000000e+00"/>
                <PosAbsolute X="1.4892474685668945e+04" Y="5.4359741210937500e+01" Z="0.0000000000000000e+00" Direction="0.0000000000000000e+00" AlignToRoad="true"/>
            </Init>
        </Player>
        <Player>
            <Description Driver="DefaultDriver" Control="internal" AdaptDriverToVehicleType="true" Type="AlfaRomeo_Brera_10_BiancoSpino" Name="New Player01 Copy 01"/>
            <Init>
                <Speed Value="0.0000000000000000e+00"/>
                <PosAbsolute X="1.5960705932617188e+04" Y="5.4282131195068359e+01" Z="0.0000000000000000e+00" Direction="0.0000000000000000e+00" AlignToRoad="true"/>
            </Init>
        </Player>
        <Player>
            <Description Driver="DefaultDriver" Control="internal" AdaptDriverToVehicleType="true" Type="AlfaRomeo_Brera_10_BiancoSpino" Name="New Player07 Copy 03"/>
            <Init>
                <Speed Value="0.0000000000000000e+00"/>
                <PosAbsolute X="1.6425433845520020e+04" Y="5.0815002441406250e+01" Z="0.0000000000000000e+00" Direction="0.0000000000000000e+00" AlignToRoad="true"/>
            </Init>
        </Player>
        <Player>
            <Description Driver="DefaultDriver" Control="internal" AdaptDriverToVehicleType="true" Type="AlfaRomeo_Brera_10_BiancoSpino" Name="New Player05 Copy 03"/>
            <Init>
                <Speed Value="0.0000000000000000e+00"/>
                <PosAbsolute X="1.7591031829833984e+04" Y="5.0779857635498047e+01" Z="0.0000000000000000e+00" Direction="6.2775095131309691e+00" AlignToRoad="true"/>
            </Init>
        </Player>
        <Player>
            <Description Driver="DefaultDriver" Control="internal" AdaptDriverToVehicleType="true" Type="AlfaRomeo_Brera_10_BiancoSpino" Name="New Player04 Copy 04"/>
            <Init>
                <Speed Value="0.0000000000000000e+00"/>
                <PosAbsolute X="1.8606174163818359e+04" Y="5.0623630523681641e+01" Z="0.0000000000000000e+00" Direction="0.0000000000000000e+00" AlignToRoad="true"/>
            </Init>
        </Player>
        <Player>
            <Description Driver="DefaultDriver" Control="internal" AdaptDriverToVehicleType="true" Type="AlfaRomeo_Brera_10_BiancoSpino" Name="New Player03 Copy "/>
            <Init>
                <Speed Value="0.0000000000000000e+00"/>
                <PosAbsolute X="2.0253212982177734e+04" Y="5.3601306915283203e+01" Z="0.0000000000000000e+00" Direction="6.2216412950412197e-03" AlignToRoad="true"/>
            </Init>
        </Player>
        <Player>
            <Description Driver="DefaultDriver" Control="internal" AdaptDriverToVehicleType="true" Type="AlfaRomeo_Brera_10_BiancoSpino" Name="New Player05 Copy 06"/>
            <Init>
                <Speed Value="0.0000000000000000e+00"/>
                <PosAbsolute X="2.1909967376708984e+04" Y="5.7631690979003906e+01" Z="0.0000000000000000e+00" Direction="6.2827781966479108e+00" AlignToRoad="true"/>
            </Init>
        </Player>
        <Player>
            <Description Driver="DefaultDriver" Control="internal" AdaptDriverToVehicleType="true" Type="AlfaRomeo_Brera_10_BiancoSpino" Name="New Player07 Copy 04"/>
            <Init>
                <Speed Value="0.0000000000000000e+00"/>
                <PosAbsolute X="2.2365857673645020e+04" Y="5.7602725982666016e+01" Z="0.0000000000000000e+00" Direction="0.0000000000000000e+00" AlignToRoad="true"/>
            </Init>
        </Player>
        <Player>
            <Description Driver="DefaultDriver" Control="internal" AdaptDriverToVehicleType="true" Type="AlfaRomeo_Brera_10_BiancoSpino" Name="New Player01 Copy 02"/>
            <Init>
                <Speed Value="0.0000000000000000e+00"/>
                <PosAbsolute X="2.2981334838867188e+04" Y="5.4061027526855469e+01" Z="0.0000000000000000e+00" Direction="0.0000000000000000e+00" AlignToRoad="true"/>
            </Init>
        </Player>
        <Player>
            <Description Driver="DefaultDriver" Control="internal" AdaptDriverToVehicleType="true" Type="AlfaRomeo_Brera_10_BiancoSpino" Name="New Player02 Copy 07"/>
            <Init>
                <Speed Value="0.0000000000000000e+00"/>
                <PosAbsolute X="2.3549142166137695e+04" Y="5.4502754211425781e+01" Z="0.0000000000000000e+00" Direction="0.0000000000000000e+00" AlignToRoad="true"/>
            </Init>
        </Player>
        <Player>
            <Description Driver="DefaultDriver" Control="internal" AdaptDriverToVehicleType="true" Type="AlfaRomeo_Brera_10_BiancoSpino" Name="New Player06 Copy 03"/>
            <Init>
                <Speed Value="0.0000000000000000e+00"/>
                <PosAbsolute X="2.4070023086547852e+04" Y="5.7550064086914062e+01" Z="0.0000000000000000e+00" Direction="0.0000000000000000e+00" AlignToRoad="true"/>
            </Init>
        </Player>
        <Player>
            <Description Driver="DefaultDriver" Control="internal" AdaptDriverToVehicleType="true" Type="AlfaRomeo_Brera_10_BiancoSpino" Name="New Player06 Copy 04"/>
            <Init>
                <Speed Value="0.0000000000000000e+00"/>
                <PosAbsolute X="2.4610749649047852e+04" Y="5.7406604766845703e+01" Z="0.0000000000000000e+00" Direction="0.0000000000000000e+00" AlignToRoad="true"/>
            </Init>
        </Player>
        <Player>
            <Description Driver="DefaultDriver" Control="internal" AdaptDriverToVehicleType="true" Type="AlfaRomeo_Brera_10_BiancoSpino" Name="New Player07 Copy 05"/>
            <Init>
                <Speed Value="0.0000000000000000e+00"/>
                <PosAbsolute X="2.6144910408020020e+04" Y="5.0706470489501953e+01" Z="0.0000000000000000e+00" Direction="0.0000000000000000e+00" AlignToRoad="true"/>
            </Init>
        </Player>
        <Player>
            <Description Driver="DefaultDriver" Control="internal" AdaptDriverToVehicleType="true" Type="AlfaRomeo_Brera_10_BiancoSpino" Name="New Player07 Copy 06"/>
            <Init>
                <Speed Value="0.0000000000000000e+00"/>
                <PosAbsolute X="2.6686006111145020e+04" Y="5.7500892639160156e+01" Z="0.0000000000000000e+00" Direction="0.0000000000000000e+00" AlignToRoad="true"/>
            </Init>
        </Player>
        <Player>
            <Description Driver="DefaultDriver" Control="internal" AdaptDriverToVehicleType="true" Type="AlfaRomeo_Brera_10_BiancoSpino" Name="New Player05 Copy 11"/>
            <Init>
                <Speed Value="0.0000000000000000e+00"/>
                <PosAbsolute X="1.9686496139526367e+04" Y="5.7562953948974609e+01" Z="0.0000000000000000e+00" Direction="2.8514400994474748e-03" AlignToRoad="true"/>
            </Init>
        </Player>
        <Player>
            <Description Driver="DefaultDriver" Control="internal" AdaptDriverToVehicleType="true" Type="AlfaRomeo_Brera_10_BiancoSpino" Name="New Player05 Copy 12"/>
            <Init>
                <Speed Value="0.0000000000000000e+00"/>
                <PosAbsolute X="1.8066171920776367e+04" Y="5.7682716369628906e+01" Z="0.0000000000000000e+00" Direction="6.5667708095903639e-03" AlignToRoad="true"/>
            </Init>
        </Player>
        <Player>
            <Description Driver="DefaultDriver" Control="internal" AdaptDriverToVehicleType="true" Type="AlfaRomeo_Brera_10_BiancoSpino" Name="New Player05 Copy 13"/>
            <Init>
                <Speed Value="0.0000000000000000e+00"/>
                <PosAbsolute X="2.5086576217651367e+04" Y="5.7813644409179688e+01" Z="0.0000000000000000e+00" Direction="2.4415794971626260e-02" AlignToRoad="true"/>
            </Init>
        </Player>
        <PlayerActions Player="New Player">
            <Action Name="">
                <PosAbsolute CounterID="" CounterComp="COMP_EQ" Radius="5.0000000000000000e+00" X="1.3352027997970581e+04" Y="5.4134902954101562e+01" NetDist="false" CounterVal="0" Pivot="New Player"/>
                <Autonomous Force="true" ExecutionTimes="1" ActiveOnEnter="true" DelayTime="0.0000000000000000e+00"/>
            </Action>
        </PlayerActions>
        <PlayerActions Player="New Player06 Copy 02">
            <Action Name="">
                <PosAbsolute CounterID="" CounterComp="COMP_EQ" Radius="5.0000000000000000e+00" X="1.4231069595336914e+04" Y="5.4142566680908203e+01" NetDist="false" CounterVal="0" Pivot="New Player"/>
                <SpeedChange Rate="4.0000000000000000e+00" Target="1.1111111111111111e+01" Force="true" ExecutionTimes="1" ActiveOnEnter="true" DelayTime="0.0000000000000000e+00"/>
            </Action>
            <Action Name="">
                <PosRelative CounterID="" CounterComp="COMP_EQ" NetDist="false" Distance="6.0000000000000000e+01" CounterVal="0" Pivot="New Player"/>
                <EditorPos Radius="6.0000000000000000e+01" X="1.3350010000000000e+04" Y="5.4207000015615215e+01"/>
                <LaneChange Direction="2" Force="true" ExecutionTimes="1" ActiveOnEnter="true" DelayTime="0.0000000000000000e+00" Time="3.0000000000000000e+00"/>
                <SpeedChange Rate="4.0000000000000000e+00" Target="0.0000000000000000e+00" Force="true" ExecutionTimes="1" ActiveOnEnter="true" DelayTime="5.0000000000000000e+00"/>
            </Action>
        </PlayerActions>
        <PlayerActions Player="New Player02 Copy 06">
            <Action Name="">
                <PosAbsolute CounterID="" CounterComp="COMP_EQ" Radius="5.0000000000000000e+00" X="1.4770869216918945e+04" Y="5.4566581726074219e+01" NetDist="false" CounterVal="0" Pivot="New Player"/>
                <SpeedChange Rate="8.0000000000000000e+00" Target="1.3888888888888889e+01" Force="true" ExecutionTimes="1" ActiveOnEnter="true" DelayTime="0.0000000000000000e+00"/>
            </Action>
            <Action Name="">
                <PosRelative CounterID="" CounterComp="COMP_EQ" NetDist="false" Distance="5.0000000000000000e+01" CounterVal="0" Pivot="New Player"/>
                <EditorPos Radius="5.0000000000000000e+01" X="1.3350010000000000e+04" Y="5.4207000015615215e+01"/>
                <LaneChange Direction="1" Force="true" ExecutionTimes="1" ActiveOnEnter="true" DelayTime="0.0000000000000000e+00" Time="3.0000000000000000e+00"/>
                <SpeedChange Rate="1.0000000000000000e+00" Target="0.0000000000000000e+00" Force="true" ExecutionTimes="1" ActiveOnEnter="true" DelayTime="0.0000000000000000e+00"/>
            </Action>
        </PlayerActions>
        <PlayerActions Player="New Player01 Copy 01">
            <Action Name="">
                <PosAbsolute CounterID="" CounterComp="COMP_EQ" Radius="5.0000000000000000e+00" X="1.5849416915893555e+04" Y="5.3929893493652344e+01" NetDist="false" CounterVal="0" Pivot="New Player"/>
                <SpeedChange Rate="4.0000000000000000e+00" Target="1.3888888888888889e+01" Force="true" ExecutionTimes="1" ActiveOnEnter="true" DelayTime="0.0000000000000000e+00"/>
            </Action>
            <Action Name="">
                <PosRelative CounterID="" CounterComp="COMP_EQ" NetDist="false" Distance="3.0000000000000000e+01" CounterVal="0" Pivot="New Player"/>
                <EditorPos Radius="3.0000000000000000e+01" X="1.3350010000000000e+04" Y="5.4207000015615215e+01"/>
                <LaneChange Direction="1" Force="true" ExecutionTimes="1" ActiveOnEnter="true" DelayTime="0.0000000000000000e+00" Time="3.0000000000000000e+00"/>
                <SpeedChange Rate="1.0000000000000000e+00" Target="0.0000000000000000e+00" Force="true" ExecutionTimes="1" ActiveOnEnter="true" DelayTime="0.0000000000000000e+00"/>
            </Action>
        </PlayerActions>
        <PlayerActions Player="New Player07 Copy 03">
            <Action Name="">
                <PosAbsolute CounterID="" CounterComp="COMP_EQ" Radius="5.0000000000000000e+00" X="1.6389450416564941e+04" Y="5.4399448394775391e+01" NetDist="false" CounterVal="0" Pivot="New Player"/>
                <SpeedChange Rate="1.0000000000000000e+01" Target="1.1111111111111111e+01" Force="true" ExecutionTimes="1" ActiveOnEnter="true" DelayTime="0.0000000000000000e+00"/>
            </Action>
            <Action Name="">
                <PosRelative CounterID="" CounterComp="COMP_EQ" NetDist="false" Distance="1.0000000000000000e+01" CounterVal="0" Pivot="New Player"/>
                <EditorPos Radius="1.0000000000000000e+01" X="1.3350010000000000e+04" Y="5.4207000015615215e+01"/>
                <SpeedChange Rate="4.0000000000000000e+00" Target="0.0000000000000000e+00" Force="true" ExecutionTimes="1" ActiveOnEnter="false" DelayTime="0.0000000000000000e+00"/>
            </Action>
        </PlayerActions>
        <PlayerActions Player="New Player05 Copy 03">
            <Action Name="">
                <PosAbsolute CounterID="" CounterComp="COMP_EQ" Radius="5.0000000000000000e+00" X="1.7469912078857422e+04" Y="5.4335983276367188e+01" NetDist="false" CounterVal="0" Pivot="New Player"/>
                <SpeedChange Rate="4.0000000000000000e+00" Target="1.1111111111111111e+01" Force="true" ExecutionTimes="1" ActiveOnEnter="true" DelayTime="0.0000000000000000e+00"/>
            </Action>
            <Action Name="">
                <PosRelative CounterID="" CounterComp="COMP_EQ" NetDist="false" Distance="6.0000000000000000e+01" CounterVal="0" Pivot="New Player"/>
                <EditorPos Radius="6.0000000000000000e+01" X="1.3350010000000000e+04" Y="5.4207000015615215e+01"/>
                <LaneChange Direction="2" Force="true" ExecutionTimes="1" ActiveOnEnter="true" DelayTime="0.0000000000000000e+00" Time="3.0000000000000000e+00"/>
                <SpeedChange Rate="4.0000000000000000e+00" Target="0.0000000000000000e+00" Force="true" ExecutionTimes="1" ActiveOnEnter="true" DelayTime="5.0000000000000000e+00"/>
            </Action>
        </PlayerActions>
        <PlayerActions Player="New Player04 Copy 04">
            <Action Name="">
                <PosAbsolute CounterID="" CounterComp="COMP_EQ" Radius="5.0000000000000000e+00" X="1.8551079559326172e+04" Y="5.4397670745849609e+01" NetDist="false" CounterVal="0" Pivot="New Player"/>
                <SpeedChange Rate="4.0000000000000000e+00" Target="1.1111111111111111e+01" Force="true" ExecutionTimes="1" ActiveOnEnter="true" DelayTime="0.0000000000000000e+00"/>
            </Action>
            <Action Name="">
                <PosRelative CounterID="" CounterComp="COMP_EQ" NetDist="true" Distance="3.5000000000000000e+01" CounterVal="0" Pivot="New Player"/>
                <EditorPos Radius="3.5000000000000000e+01" X="1.3350010000000000e+04" Y="5.4207000015615215e+01"/>
                <LaneChange Direction="2" Force="true" ExecutionTimes="1" ActiveOnEnter="true" DelayTime="0.0000000000000000e+00" Time="3.0000000000000000e+00"/>
                <SpeedChange Rate="4.0000000000000000e+00" Target="0.0000000000000000e+00" Force="true" ExecutionTimes="1" ActiveOnEnter="true" DelayTime="5.0000000000000000e+00"/>
            </Action>
        </PlayerActions>
        <PlayerActions Player="New Player03 Copy ">
            <Action Name="">
                <PosAbsolute CounterID="" CounterComp="COMP_EQ" Radius="5.0000000000000000e+00" X="2.0169567871093750e+04" Y="5.4156642913818359e+01" NetDist="false" CounterVal="0" Pivot="New Player"/>
                <SpeedChange Rate="1.0010000000000000e+01" Target="1.5277777777777777e+01" Force="true" ExecutionTimes="1" ActiveOnEnter="true" DelayTime="0.0000000000000000e+00"/>
            </Action>
            <Action Name="">
                <PosRelative CounterID="" CounterComp="COMP_EQ" NetDist="true" Distance="4.0000000000000000e+01" CounterVal="0" Pivot="New Player"/>
                <EditorPos Radius="4.0000000000000000e+01" X="1.3350010000000000e+04" Y="5.4207000015615215e+01"/>
                <SpeedChange Rate="1.0000000000000000e+01" Target="1.3888888888888888e+00" Force="true" ExecutionTimes="1" ActiveOnEnter="true" DelayTime="0.0000000000000000e+00"/>
            </Action>
            <Action Name="">
                <PosRelative CounterID="" CounterComp="COMP_EQ" NetDist="false" Distance="1.8000000000000000e+01" CounterVal="0" Pivot="New Player"/>
                <EditorPos Radius="1.8000000000000000e+01" X="1.3350010000000000e+04" Y="5.4207000015615215e+01"/>
                <LaneChange Direction="2" Force="true" ExecutionTimes="1" ActiveOnEnter="true" DelayTime="0.0000000000000000e+00" Time="3.0000000000000000e+00"/>
                <SpeedChange Rate="1.0000000000000000e+00" Target="0.0000000000000000e+00" Force="true" ExecutionTimes="1" ActiveOnEnter="true" DelayTime="8.0000000000000000e+00"/>
            </Action>
        </PlayerActions>
        <PlayerActions Player="New Player05 Copy 06">
            <Action Name="">
                <PosAbsolute CounterID="" CounterComp="COMP_EQ" Radius="5.0000000000000000e+00" X="2.1790613250732422e+04" Y="5.4551036834716797e+01" NetDist="false" CounterVal="0" Pivot="New Player"/>
                <SpeedChange Rate="4.0000000000000000e+00" Target="1.1111111111111111e+01" Force="true" ExecutionTimes="1" ActiveOnEnter="true" DelayTime="0.0000000000000000e+00"/>
            </Action>
            <Action Name="">
                <PosRelative CounterID="" CounterComp="COMP_EQ" NetDist="false" Distance="6.0000000000000000e+01" CounterVal="0" Pivot="New Player"/>
                <EditorPos Radius="6.0000000000000000e+01" X="1.3350010000000000e+04" Y="5.4207000015615215e+01"/>
                <LaneChange Direction="-2" Force="true" ExecutionTimes="1" ActiveOnEnter="true" DelayTime="0.0000000000000000e+00" Time="3.0000000000000000e+00"/>
                <SpeedChange Rate="4.0000000000000000e+00" Target="0.0000000000000000e+00" Force="true" ExecutionTimes="1" ActiveOnEnter="true" DelayTime="5.0000000000000000e+00"/>
            </Action>
        </PlayerActions>
        <PlayerActions Player="New Player07 Copy 04">
            <Action Name="">
                <PosAbsolute CounterID="" CounterComp="COMP_EQ" Radius="5.0000000000000000e+00" X="2.2330325416564941e+04" Y="5.4461551666259766e+01" NetDist="false" CounterVal="0" Pivot="New Player"/>
                <SpeedChange Rate="1.0000000000000000e+01" Target="1.1111111111111111e+01" Force="true" ExecutionTimes="1" ActiveOnEnter="true" DelayTime="0.0000000000000000e+00"/>
            </Action>
            <Action Name="">
                <PosRelative CounterID="" CounterComp="COMP_EQ" NetDist="false" Distance="1.0000000000000000e+01" CounterVal="0" Pivot="New Player"/>
                <EditorPos Radius="1.0000000000000000e+01" X="1.3350010000000000e+04" Y="5.4207000015615215e+01"/>
                <SpeedChange Rate="4.0000000000000000e+00" Target="0.0000000000000000e+00" Force="true" ExecutionTimes="1" ActiveOnEnter="false" DelayTime="0.0000000000000000e+00"/>
            </Action>
        </PlayerActions>
        <PlayerActions Player="New Player01 Copy 02">
            <Action Name="">
                <PosAbsolute CounterID="" CounterComp="COMP_EQ" Radius="5.0000000000000000e+00" X="2.2870045822143555e+04" Y="5.4208236694335938e+01" NetDist="false" CounterVal="0" Pivot="New Player"/>
                <SpeedChange Rate="4.0000000000000000e+00" Target="1.3888888888888889e+01" Force="true" ExecutionTimes="1" ActiveOnEnter="true" DelayTime="0.0000000000000000e+00"/>
            </Action>
            <Action Name="">
                <PosRelative CounterID="" CounterComp="COMP_EQ" NetDist="false" Distance="3.0000000000000000e+01" CounterVal="0" Pivot="New Player"/>
                <EditorPos Radius="3.0000000000000000e+01" X="1.3350010000000000e+04" Y="5.4207000015615215e+01"/>
                <LaneChange Direction="1" Force="true" ExecutionTimes="1" ActiveOnEnter="true" DelayTime="0.0000000000000000e+00" Time="3.0000000000000000e+00"/>
                <SpeedChange Rate="1.0000000000000000e+00" Target="0.0000000000000000e+00" Force="true" ExecutionTimes="1" ActiveOnEnter="true" DelayTime="0.0000000000000000e+00"/>
            </Action>
        </PlayerActions>
        <PlayerActions Player="New Player02 Copy 07">
            <Action Name="">
                <PosAbsolute CounterID="" CounterComp="COMP_EQ" Radius="5.0000000000000000e+00" X="2.3410856201171875e+04" Y="5.4173477172851562e+01" NetDist="false" CounterVal="0" Pivot="New Player"/>
                <SpeedChange Rate="4.0000000000000000e+00" Target="1.3888888888888889e+01" Force="true" ExecutionTimes="1" ActiveOnEnter="true" DelayTime="0.0000000000000000e+00"/>
            </Action>
            <Action Name="">
                <PosRelative CounterID="" CounterComp="COMP_EQ" NetDist="false" Distance="3.5000000000000000e+01" CounterVal="0" Pivot="New Player"/>
                <EditorPos Radius="3.5000000000000000e+01" X="1.3350010000000000e+04" Y="5.4207000015615215e+01"/>
                <SpeedChange Rate="4.0000000000000000e+00" Target="5.5555555555555554e+00" Force="true" ExecutionTimes="1" ActiveOnEnter="true" DelayTime="0.0000000000000000e+00"/>
            </Action>
            <Action Name="">
                <PosRelative CounterID="" CounterComp="COMP_EQ" NetDist="false" Distance="1.9000000000000000e+01" CounterVal="0" Pivot="New Player"/>
                <EditorPos Radius="1.9000000000000000e+01" X="1.3350010000000000e+04" Y="5.4207000015615215e+01"/>
                <LaneChange Direction="-1" Force="true" ExecutionTimes="1" ActiveOnEnter="true" DelayTime="0.0000000000000000e+00" Time="3.0000000000000000e+00"/>
                <SpeedChange Rate="1.0000000000000000e+00" Target="0.0000000000000000e+00" Force="true" ExecutionTimes="1" ActiveOnEnter="true" DelayTime="8.0000000000000000e+00"/>
            </Action>
        </PlayerActions>
        <PlayerActions Player="New Player06 Copy 03">
            <Action Name="">
                <PosAbsolute CounterID="" CounterComp="COMP_EQ" Radius="5.0000000000000000e+00" X="2.3950395767211914e+04" Y="5.4441818237304688e+01" NetDist="false" CounterVal="0" Pivot="New Player"/>
                <SpeedChange Rate="4.0000000000000000e+00" Target="1.1111111111111111e+01" Force="true" ExecutionTimes="1" ActiveOnEnter="true" DelayTime="0.0000000000000000e+00"/>
            </Action>
            <Action Name="">
                <PosRelative CounterID="" CounterComp="COMP_EQ" NetDist="false" Distance="6.0000000000000000e+01" CounterVal="0" Pivot="New Player"/>
                <EditorPos Radius="6.0000000000000000e+01" X="1.3350010000000000e+04" Y="5.4207000015615215e+01"/>
                <LaneChange Direction="-2" Force="true" ExecutionTimes="1" ActiveOnEnter="true" DelayTime="0.0000000000000000e+00" Time="3.0000000000000000e+00"/>
                <SpeedChange Rate="4.0000000000000000e+00" Target="0.0000000000000000e+00" Force="true" ExecutionTimes="1" ActiveOnEnter="true" DelayTime="5.0000000000000000e+00"/>
            </Action>
        </PlayerActions>
        <PlayerActions Player="New Player06 Copy 04">
            <Action Name="">
                <PosAbsolute CounterID="" CounterComp="COMP_EQ" Radius="5.0000000000000000e+00" X="2.4489886001586914e+04" Y="5.4370986938476562e+01" NetDist="false" CounterVal="0" Pivot="New Player"/>
                <SpeedChange Rate="4.0000000000000000e+00" Target="1.1111111111111111e+01" Force="true" ExecutionTimes="1" ActiveOnEnter="true" DelayTime="0.0000000000000000e+00"/>
            </Action>
            <Action Name="">
                <PosRelative CounterID="" CounterComp="COMP_EQ" NetDist="false" Distance="6.0000000000000000e+01" CounterVal="0" Pivot="New Player"/>
                <EditorPos Radius="6.0000000000000000e+01" X="1.3350010000000000e+04" Y="5.4207000015615215e+01"/>
                <LaneChange Direction="-2" Force="true" ExecutionTimes="1" ActiveOnEnter="true" DelayTime="0.0000000000000000e+00" Time="3.0000000000000000e+00"/>
                <SpeedChange Rate="4.0000000000000000e+00" Target="0.0000000000000000e+00" Force="true" ExecutionTimes="1" ActiveOnEnter="true" DelayTime="5.0000000000000000e+00"/>
            </Action>
        </PlayerActions>
        <PlayerActions Player="New Player07 Copy 05">
            <Action Name="">
                <PosAbsolute CounterID="" CounterComp="COMP_EQ" Radius="5.0000000000000000e+00" X="2.6109038307189941e+04" Y="5.4368957519531250e+01" NetDist="false" CounterVal="0" Pivot="New Player"/>
                <SpeedChange Rate="1.0000000000000000e+01" Target="1.1111111111111111e+01" Force="true" ExecutionTimes="1" ActiveOnEnter="true" DelayTime="0.0000000000000000e+00"/>
            </Action>
            <Action Name="">
                <PosRelative CounterID="" CounterComp="COMP_EQ" NetDist="false" Distance="1.0000000000000000e+01" CounterVal="0" Pivot="New Player"/>
                <EditorPos Radius="1.0000000000000000e+01" X="1.3350010000000000e+04" Y="5.4207000015615215e+01"/>
                <SpeedChange Rate="4.0000000000000000e+00" Target="0.0000000000000000e+00" Force="true" ExecutionTimes="1" ActiveOnEnter="false" DelayTime="0.0000000000000000e+00"/>
            </Action>
        </PlayerActions>
        <PlayerActions Player="New Player07 Copy 06">
            <Action Name="">
                <PosAbsolute CounterID="" CounterComp="COMP_EQ" Radius="5.0000000000000000e+00" X="2.6650108619689941e+04" Y="5.4108207702636719e+01" NetDist="false" CounterVal="0" Pivot="New Player"/>
                <SpeedChange Rate="1.0000000000000000e+01" Target="1.1111111111111111e+01" Force="true" ExecutionTimes="1" ActiveOnEnter="true" DelayTime="0.0000000000000000e+00"/>
            </Action>
            <Action Name="">
                <PosRelative CounterID="" CounterComp="COMP_EQ" NetDist="false" Distance="1.0000000000000000e+01" CounterVal="0" Pivot="New Player"/>
                <EditorPos Radius="1.0000000000000000e+01" X="1.3350010000000000e+04" Y="5.4207000015615215e+01"/>
                <SpeedChange Rate="4.0000000000000000e+00" Target="0.0000000000000000e+00" Force="true" ExecutionTimes="1" ActiveOnEnter="false" DelayTime="0.0000000000000000e+00"/>
            </Action>
        </PlayerActions>
        <PlayerActions Player="New Player05 Copy 11">
            <Action Name="">
                <PosAbsolute CounterID="" CounterComp="COMP_EQ" Radius="5.0000000000000000e+00" X="1.9631366928100586e+04" Y="5.4312999725341797e+01" NetDist="false" CounterVal="0" Pivot="New Player"/>
                <SpeedChange Rate="4.0000000000000000e+00" Target="1.1111111111111111e+01" Force="true" ExecutionTimes="1" ActiveOnEnter="true" DelayTime="0.0000000000000000e+00"/>
            </Action>
            <Action Name="">
                <PosRelative CounterID="" CounterComp="COMP_EQ" NetDist="false" Distance="3.5000000000000000e+01" CounterVal="0" Pivot="New Player"/>
                <EditorPos Radius="3.5000000000000000e+01" X="1.3350010000000000e+04" Y="5.4207000015615215e+01"/>
                <LaneChange Direction="-2" Force="true" ExecutionTimes="1" ActiveOnEnter="true" DelayTime="0.0000000000000000e+00" Time="3.0000000000000000e+00"/>
                <SpeedChange Rate="4.0000000000000000e+00" Target="0.0000000000000000e+00" Force="true" ExecutionTimes="1" ActiveOnEnter="true" DelayTime="5.0000000000000000e+00"/>
            </Action>
        </PlayerActions>
        <PlayerActions Player="New Player05 Copy 12">
            <Action Name="">
                <PosAbsolute CounterID="" CounterComp="COMP_EQ" Radius="5.0000000000000000e+00" X="1.8011042709350586e+04" Y="5.4432762145996094e+01" NetDist="false" CounterVal="0" Pivot="New Player"/>
                <SpeedChange Rate="4.0000000000000000e+00" Target="1.1111111111111111e+01" Force="true" ExecutionTimes="1" ActiveOnEnter="true" DelayTime="0.0000000000000000e+00"/>
            </Action>
            <Action Name="">
                <PosRelative CounterID="" CounterComp="COMP_EQ" NetDist="false" Distance="3.5000000000000000e+01" CounterVal="0" Pivot="New Player"/>
                <EditorPos Radius="3.5000000000000000e+01" X="1.3350010000000000e+04" Y="5.4207000015615215e+01"/>
                <LaneChange Direction="-2" Force="true" ExecutionTimes="1" ActiveOnEnter="true" DelayTime="0.0000000000000000e+00" Time="3.0000000000000000e+00"/>
                <SpeedChange Rate="4.0000000000000000e+00" Target="0.0000000000000000e+00" Force="true" ExecutionTimes="1" ActiveOnEnter="true" DelayTime="5.0000000000000000e+00"/>
            </Action>
        </PlayerActions>
        <PlayerActions Player="New Player05 Copy 13">
            <Action Name="">
                <PosAbsolute CounterID="" CounterComp="COMP_EQ" Radius="5.0000000000000000e+00" X="2.5031269271850586e+04" Y="5.4563690185546875e+01" NetDist="false" CounterVal="0" Pivot="New Player"/>
                <SpeedChange Rate="4.0000000000000000e+00" Target="1.1111111111111111e+01" Force="true" ExecutionTimes="1" ActiveOnEnter="true" DelayTime="0.0000000000000000e+00"/>
            </Action>
            <Action Name="">
                <PosRelative CounterID="" CounterComp="COMP_EQ" NetDist="false" Distance="3.5000000000000000e+01" CounterVal="0" Pivot="New Player"/>
                <EditorPos Radius="3.5000000000000000e+01" X="1.3350010000000000e+04" Y="5.4207000015615215e+01"/>
                <LaneChange Direction="-2" Force="true" ExecutionTimes="1" ActiveOnEnter="true" DelayTime="0.0000000000000000e+00" Time="3.0000000000000000e+00"/>
                <SpeedChange Rate="4.0000000000000000e+00" Target="0.0000000000000000e+00" Force="true" ExecutionTimes="1" ActiveOnEnter="true" DelayTime="5.0000000000000000e+00"/>
            </Action>
        </PlayerActions>
    </TrafficControl>
    <MovingObjectsControl>
        <PathShape ShapeId="1" ShapeType="polyline" Closed="false" Name="PathShape01">
            <Waypoint X="1.3350000000000000e+04" Y="5.4207000000000001e+01" Options="0x20000000" Z="0.0000000000000000e+00" Weight="1.0000000000000000e+00" Yaw="1.5615212339846549e-06" Pitch="0.0000000000000000e+00" Roll="0.0000000000000000e+00" Time="0.0000000000000000e+00"/>
            <Waypoint X="3.0000430000000000e+04" Y="5.4232999999999997e+01" Options="0x00000000" Z="0.0000000000000000e+00" Weight="1.0000000000000000e+00" Yaw="1.5615212339846549e-06" Pitch="0.0000000000000000e+00" Roll="0.0000000000000000e+00" Time="0.0000000000000000e+00"/>
        </PathShape>
        <PathShape ShapeId="8" ShapeType="polyline" Closed="false" Name="PathShape06">
            <Waypoint X="1.5309897460937500e+04" Y="4.8883785247802734e+01" Options="0x00000000" Z="0.0000000000000000e+00" Weight="1.0000000000000000e+00" Yaw="1.5756553794367740e+00" Pitch="0.0000000000000000e+00" Roll="0.0000000000000000e+00" Time="0.0000000000000000e+00"/>
            <Waypoint X="1.5309794921875000e+04" Y="6.9986305236816406e+01" Options="0x00000000" Z="0.0000000000000000e+00" Weight="1.0000000000000000e+00" Yaw="1.5756553794367740e+00" Pitch="0.0000000000000000e+00" Roll="0.0000000000000000e+00" Time="0.0000000000000000e+00"/>
        </PathShape>
        <PathShape ShapeId="9" ShapeType="polyline" Closed="false" Name="PathShape07">
            <Waypoint X="1.6930035156250000e+04" Y="6.9572547912597656e+01" Options="0x00000000" Z="0.0000000000000000e+00" Weight="1.0000000000000000e+00" Yaw="4.7060724095447268e+00" Pitch="0.0000000000000000e+00" Roll="0.0000000000000000e+00" Time="0.0000000000000000e+00"/>
            <Waypoint X="1.6929906250000000e+04" Y="4.9165187835693359e+01" Options="0x00000000" Z="0.0000000000000000e+00" Weight="1.0000000000000000e+00" Yaw="4.7060724095447268e+00" Pitch="0.0000000000000000e+00" Roll="0.0000000000000000e+00" Time="0.0000000000000000e+00"/>
        </PathShape>
        <PathShape ShapeId="10" ShapeType="polyline" Closed="false" Name="PathShape08">
            <Waypoint X="1.9089912109375000e+04" Y="7.0198791503906250e+01" Options="0x00000000" Z="0.0000000000000000e+00" Weight="1.0000000000000000e+00" Yaw="4.7168207142860954e+00" Pitch="0.0000000000000000e+00" Roll="0.0000000000000000e+00" Time="0.0000000000000000e+00"/>
            <Waypoint X="1.9090005859375000e+04" Y="4.9044681549072266e+01" Options="0x00000000" Z="0.0000000000000000e+00" Weight="1.0000000000000000e+00" Yaw="4.7168207142860954e+00" Pitch="0.0000000000000000e+00" Roll="0.0000000000000000e+00" Time="0.0000000000000000e+00"/>
        </PathShape>
        <PathShape ShapeId="11" ShapeType="polyline" Closed="false" Name="PathShape09">
            <Waypoint X="2.0710839843750000e+04" Y="4.9115535736083984e+01" Options="0x00000000" Z="0.0000000000000000e+00" Weight="1.0000000000000000e+00" Yaw="1.5861968681113083e+00" Pitch="0.0000000000000000e+00" Roll="0.0000000000000000e+00" Time="0.0000000000000000e+00"/>
            <Waypoint X="2.0710527343750000e+04" Y="6.9405426025390625e+01" Options="0x00000000" Z="0.0000000000000000e+00" Weight="1.0000000000000000e+00" Yaw="1.5861968681113083e+00" Pitch="0.0000000000000000e+00" Roll="0.0000000000000000e+00" Time="0.0000000000000000e+00"/>
        </PathShape>
        <PathShape ShapeId="12" ShapeType="polyline" Closed="false" Name="PathShape10">
            <Waypoint X="2.1250466796875000e+04" Y="6.9905395507812500e+01" Options="0x00000000" Z="0.0000000000000000e+00" Weight="1.0000000000000000e+00" Yaw="4.7167243500665776e+00" Pitch="0.0000000000000000e+00" Roll="0.0000000000000000e+00" Time="0.0000000000000000e+00"/>
            <Waypoint X="2.1250556640625000e+04" Y="4.9182090759277344e+01" Options="0x00000000" Z="0.0000000000000000e+00" Weight="1.0000000000000000e+00" Yaw="4.7167243500665776e+00" Pitch="0.0000000000000000e+00" Roll="0.0000000000000000e+00" Time="0.0000000000000000e+00"/>
        </PathShape>
        <Character CharacterType="male_adult" Class="pedestrian" Appearance="" Name="New Character08">
            <StartPosAbs X="1.5309858398437500e+04" Y="4.8492912292480469e+01" Z="0.0000000000000000e+00" Direction="1.5637869214164131e+00"/>
        </Character>
        <Character CharacterType="male_adult" Class="pedestrian" Appearance="" Name="New Character09">
            <StartPosAbs X="1.6930087890625000e+04" Y="6.9741790771484375e+01" Z="0.0000000000000000e+00" Direction="4.7509289847710807e+00"/>
        </Character>
        <Character CharacterType="male_adult" Class="pedestrian" Appearance="" Name="New Character10">
            <StartPosAbs X="1.9089802734375000e+04" Y="7.0324142456054688e+01" Z="0.0000000000000000e+00" Direction="4.7590973628275863e+00"/>
        </Character>
        <Character CharacterType="male_adult" Class="pedestrian" Appearance="" Name="New Character11">
            <StartPosAbs X="2.0710751953125000e+04" Y="4.8327110290527344e+01" Z="0.0000000000000000e+00" Direction="1.5582356585766151e+00"/>
        </Character>
        <Character CharacterType="male_adult" Class="pedestrian" Appearance="" Name="New Character12">
            <StartPosAbs X="2.1250451171875000e+04" Y="7.0368759155273438e+01" Z="0.0000000000000000e+00" Direction="4.7123889803846897e+00"/>
        </Character>
        <Character CharacterType="male_adult" Class="pedestrian" Appearance="" Name="New Character13">
            <StartPosAbs X="2.5570013671875000e+04" Y="7.0302780151367188e+01" Z="0.0000000000000000e+00" Direction="4.7028846365284549e+00"/>
        </Character>
        <CharacterActions Character="New Character08">
            <Action Name="">
                <PosRelative CounterID="" CounterComp="COMP_EQ" NetDist="false" Distance="5.5000000000000000e+01" CounterVal="0" Pivot="New Player"/>
                <EditorPos Radius="5.5000000000000000e+01" X="1.3350010000000000e+04" Y="5.4207000015615215e+01"/>
                <Motion Move="jog" Rate="0.0000000000000000e+00" Speed="3.0305554866790771e+00" Force="true" ExecutionTimes="1" ActiveOnEnter="true" DelayTime="0.0000000000000000e+00"/>
                <CharacterPath Loop="false" PathShape="8" ExecutionTimes="1" ActiveOnEnter="true" DelayTime="0.0000000000000000e+00" Beam="true" ClampToGround="false"/>
            </Action>
        </CharacterActions>
        <CharacterActions Character="New Character09">
            <Action Name="">
                <PosRelative CounterID="" CounterComp="COMP_EQ" NetDist="false" Distance="1.2000000000000000e+02" CounterVal="0" Pivot="New Player"/>
                <EditorPos Radius="1.2000000000000000e+02" X="1.3350010000000000e+04" Y="5.4207000015615215e+01"/>
                <Motion Move="jog" Rate="0.0000000000000000e+00" Speed="3.0305554866790771e+00" Force="true" ExecutionTimes="1" ActiveOnEnter="true" DelayTime="0.0000000000000000e+00"/>
                <CharacterPath Loop="false" PathShape="9" ExecutionTimes="1" ActiveOnEnter="true" DelayTime="0.0000000000000000e+00" Beam="true" ClampToGround="false"/>
            </Action>
        </CharacterActions>
        <CharacterActions Character="New Character10">
            <Action Name="">
                <PosRelative CounterID="" CounterComp="COMP_EQ" NetDist="false" Distance="1.2000000000000000e+02" CounterVal="0" Pivot="New Player"/>
                <EditorPos Radius="1.2000000000000000e+02" X="1.3350010000000000e+04" Y="5.4207000015615215e+01"/>
                <Motion Move="jog" Rate="0.0000000000000000e+00" Speed="3.0305554866790771e+00" Force="true" ExecutionTimes="1" ActiveOnEnter="true" DelayTime="0.0000000000000000e+00"/>
                <CharacterPath Loop="false" PathShape="10" ExecutionTimes="1" ActiveOnEnter="true" DelayTime="0.0000000000000000e+00" Beam="true" ClampToGround="false"/>
            </Action>
        </CharacterActions>
        <CharacterActions Character="New Character11">
            <Action Name="">
                <PosRelative CounterID="" CounterComp="COMP_EQ" NetDist="false" Distance="5.5000000000000000e+01" CounterVal="0" Pivot="New Player"/>
                <EditorPos Radius="5.5000000000000000e+01" X="1.3350010000000000e+04" Y="5.4207000015615215e+01"/>
                <Motion Move="jog" Rate="0.0000000000000000e+00" Speed="3.0305554866790771e+00" Force="true" ExecutionTimes="1" ActiveOnEnter="true" DelayTime="0.0000000000000000e+00"/>
                <CharacterPath Loop="false" PathShape="11" ExecutionTimes="1" ActiveOnEnter="true" DelayTime="0.0000000000000000e+00" Beam="true" ClampToGround="false"/>
            </Action>
        </CharacterActions>
        <CharacterActions Character="New Character12">
            <Action Name="">
                <PosRelative CounterID="" CounterComp="COMP_EQ" NetDist="false" Distance="1.2000000000000000e+02" CounterVal="0" Pivot="New Player"/>
                <EditorPos Radius="1.2000000000000000e+02" X="1.3350010000000000e+04" Y="5.4207000015615215e+01"/>
                <Motion Move="jog" Rate="0.0000000000000000e+00" Speed="3.0305554866790771e+00" Force="true" ExecutionTimes="1" ActiveOnEnter="true" DelayTime="0.0000000000000000e+00"/>
                <CharacterPath Loop="false" PathShape="12" ExecutionTimes="1" ActiveOnEnter="true" DelayTime="0.0000000000000000e+00" Beam="true" ClampToGround="false"/>
            </Action>
        </CharacterActions>
        <CharacterActions Character="New Character13"/>
    </MovingObjectsControl>
    <LightSigns/>
    <Selections/>
</Scenario>
