<?xml version="1.0" encoding="UTF-8"?>
<!DOCTYPE Scenario>
<Scenario RevMajor="2021" RevMinor="0">
    <Layout Database="Projects/EEG_2022/20220513_30km.opt.osgb" File="Projects/EEG_2022/20220513_30km.xodr"/>
    <VehicleList ConfigFile="Distros/Current/Config/Players/Vehicles"/>
    <DriverList ConfigFile="Distros/Current/Config/Players/driverCfg.xml"/>
    <CharacterList ConfigFile="Distros/Current/Config/Players/Pedestrians"/>
    <ObjectList ConfigFile="Distros/Current/Config/Players/Objects"/>
    <DynObjects Path="Distros/Current/Config/DynObjects/Logic"/>
    <TrafficElements/>
    <PulkTraffic/>
    <TrafficControl>
        <Player>
            <Description Driver="HastyDriver" Control="external" AdaptDriverToVehicleType="true" Type="AlfaRomeo_Brera_10_BiancoSpino" Name="New Player"/>
            <Init>
                <Speed Value="1.6666666666666668e+01"/>
                <PosPathShape/>
                <PathShapeRef StartS="1.0000000000000000e-02" EndAction="continue" TargetS="2.9992795383453373e+04" UsedFor="steering" PathShapeId="1"/>
            </Init>
        </Player>
        <Player>
            <Description Driver="DefaultDriver" Control="internal" AdaptDriverToVehicleType="true" Type="AlfaRomeo_Brera_10_BiancoSpino" Name="New Player05 Copy 06"/>
            <Init>
                <Speed Value="0.0000000000000000e+00"/>
                <PosAbsolute X="1.6601598205566406e+03" Y="5.0799312591552734e+01" Z="0.0000000000000000e+00" Direction="6.2826807663545887e+00" AlignToRoad="true"/>
            </Init>
        </Player>
        <Player>
            <Description Driver="DefaultDriver" Control="internal" AdaptDriverToVehicleType="true" Type="AlfaRomeo_Brera_10_BiancoSpino" Name="New Player05 Copy 11"/>
            <Init>
                <Speed Value="0.0000000000000000e+00"/>
                <PosAbsolute X="2.1352579803466797e+03" Y="5.0825183868408203e+01" Z="0.0000000000000000e+00" Direction="4.1772570406228829e-03" AlignToRoad="true"/>
            </Init>
        </Player>
        <Player>
            <Description Driver="DefaultDriver" Control="internal" AdaptDriverToVehicleType="true" Type="AlfaRomeo_Brera_10_BiancoSpino" Name="New Player03 Copy "/>
            <Init>
                <Speed Value="0.0000000000000000e+00"/>
                <PosAbsolute X="3.7836994323730469e+03" Y="5.4326004028320312e+01" Z="0.0000000000000000e+00" Direction="6.2216412950412197e-03" AlignToRoad="true"/>
            </Init>
        </Player>
        <Player>
            <Description Driver="DefaultDriver" Control="internal" AdaptDriverToVehicleType="true" Type="AlfaRomeo_Brera_10_BiancoSpino" Name="New Player05 Copy 08"/>
            <Init>
                <Speed Value="0.0000000000000000e+00"/>
                <PosAbsolute X="4.3610431213378906e+03" Y="5.7567787170410156e+01" Z="0.0000000000000000e+00" Direction="6.2826807663545887e+00" AlignToRoad="true"/>
            </Init>
        </Player>
        <Player>
            <Description Driver="DefaultDriver" Control="internal" AdaptDriverToVehicleType="true" Type="AlfaRomeo_Brera_10_BiancoSpino" Name="New Player07 Copy "/>
            <Init>
                <Speed Value="0.0000000000000000e+00"/>
                <PosAbsolute X="5.8963209304809570e+03" Y="5.7606578826904297e+01" Z="0.0000000000000000e+00" Direction="0.0000000000000000e+00" AlignToRoad="true"/>
            </Init>
        </Player>
        <Player>
            <Description Driver="DefaultDriver" Control="internal" AdaptDriverToVehicleType="true" Type="AlfaRomeo_Brera_10_BiancoSpino" Name="New Player03 Copy 01"/>
            <Init>
                <Speed Value="0.0000000000000000e+00"/>
                <PosAbsolute X="7.5641418151855469e+03" Y="5.4413597106933594e+01" Z="0.0000000000000000e+00" Direction="6.2216412950412197e-03" AlignToRoad="true"/>
            </Init>
        </Player>
        <Player>
            <Description Driver="DefaultDriver" Control="internal" AdaptDriverToVehicleType="true" Type="AlfaRomeo_Brera_10_BiancoSpino" Name="New Player05 Copy 13"/>
            <Init>
                <Speed Value="0.0000000000000000e+00"/>
                <PosAbsolute X="8.0764528045654297e+03" Y="5.7289035797119141e+01" Z="0.0000000000000000e+00" Direction="6.2800687674737059e+00" AlignToRoad="true"/>
            </Init>
        </Player>
        <Player>
            <Description Driver="DefaultDriver" Control="internal" AdaptDriverToVehicleType="true" Type="AlfaRomeo_Brera_10_BiancoSpino" Name="New Player07 Copy 01"/>
            <Init>
                <Speed Value="0.0000000000000000e+00"/>
                <PosAbsolute X="8.5966649246215820e+03" Y="5.0851230621337891e+01" Z="0.0000000000000000e+00" Direction="0.0000000000000000e+00" AlignToRoad="true"/>
            </Init>
        </Player>
        <Player>
            <Description Driver="DefaultDriver" Control="internal" AdaptDriverToVehicleType="true" Type="AlfaRomeo_Brera_10_BiancoSpino" Name="New Player05 Copy 14"/>
            <Init>
                <Speed Value="0.0000000000000000e+00"/>
                <PosAbsolute X="9.6962701873779297e+03" Y="5.7654293060302734e+01" Z="0.0000000000000000e+00" Direction="6.2803370347340808e+00" AlignToRoad="true"/>
            </Init>
        </Player>
        <Player>
            <Description Driver="DefaultDriver" Control="internal" AdaptDriverToVehicleType="true" Type="AlfaRomeo_Brera_10_BiancoSpino" Name="New Player07 Copy 02"/>
            <Init>
                <Speed Value="0.0000000000000000e+00"/>
                <PosAbsolute X="1.0755766487121582e+04" Y="5.7558807373046875e+01" Z="0.0000000000000000e+00" Direction="0.0000000000000000e+00" AlignToRoad="true"/>
            </Init>
        </Player>
        <Player>
            <Description Driver="DefaultDriver" Control="internal" AdaptDriverToVehicleType="true" Type="AlfaRomeo_Brera_10_BiancoSpino" Name="New Player03 Copy 02"/>
            <Init>
                <Speed Value="0.0000000000000000e+00"/>
                <PosAbsolute X="1.1343603240966797e+04" Y="5.4296783447265625e+01" Z="0.0000000000000000e+00" Direction="6.2216412950412197e-03" AlignToRoad="true"/>
            </Init>
        </Player>
        <Player>
            <Description Driver="DefaultDriver" Control="internal" AdaptDriverToVehicleType="true" Type="AlfaRomeo_Brera_10_BiancoSpino" Name="New Player02 Copy 01"/>
            <Init>
                <Speed Value="0.0000000000000000e+00"/>
                <PosAbsolute X="1.1921555374145508e+04" Y="5.4350555419921875e+01" Z="0.0000000000000000e+00" Direction="0.0000000000000000e+00" AlignToRoad="true"/>
            </Init>
        </Player>
        <Player>
            <Description Driver="DefaultDriver" Control="internal" AdaptDriverToVehicleType="true" Type="AlfaRomeo_Brera_10_BiancoSpino" Name="New Player02 Copy 04"/>
            <Init>
                <Speed Value="0.0000000000000000e+00"/>
                <PosAbsolute X="1.3019756057739258e+04" Y="5.4432640075683594e+01" Z="0.0000000000000000e+00" Direction="0.0000000000000000e+00" AlignToRoad="true"/>
            </Init>
        </Player>
        <PlayerActions Player="New Player">
            <Action Name="">
                <PosAbsolute CounterID="" CounterComp="COMP_EQ" Radius="5.0000000000000000e+00" X="8.2242870330810547e+00" Y="5.5800956726074219e+01" NetDist="false" CounterVal="0" Pivot="New Player"/>
                <Autonomous Force="true" ExecutionTimes="1" ActiveOnEnter="true" DelayTime="0.0000000000000000e+00"/>
            </Action>
        </PlayerActions>
        <PlayerActions Player="New Player05 Copy 06">
            <Action Name="">
                <PosAbsolute CounterID="" CounterComp="COMP_EQ" Radius="5.0000000000000000e+00" X="1.5407016906738281e+03" Y="5.4317859649658203e+01" NetDist="false" CounterVal="0" Pivot="New Player"/>
                <SpeedChange Rate="4.0000000000000000e+00" Target="1.1111111111111111e+01" Force="true" ExecutionTimes="1" ActiveOnEnter="true" DelayTime="0.0000000000000000e+00"/>
            </Action>
            <Action Name="">
                <PosRelative CounterID="" CounterComp="COMP_EQ" NetDist="false" Distance="6.0000000000000000e+01" CounterVal="0" Pivot="New Player"/>
                <EditorPos Radius="6.0000000000000000e+01" X="6.2146165466308592e+00" Y="5.4423999999893091e+01"/>
                <LaneChange Direction="2" Force="true" ExecutionTimes="1" ActiveOnEnter="true" DelayTime="0.0000000000000000e+00" Time="3.0000000000000000e+00"/>
                <SpeedChange Rate="4.0000000000000000e+00" Target="0.0000000000000000e+00" Force="true" ExecutionTimes="1" ActiveOnEnter="true" DelayTime="5.0000000000000000e+00"/>
            </Action>
        </PlayerActions>
        <PlayerActions Player="New Player05 Copy 11">
            <Action Name="">
                <PosAbsolute CounterID="" CounterComp="COMP_EQ" Radius="5.0000000000000000e+00" X="2.0804417572021484e+03" Y="5.4507282257080078e+01" NetDist="false" CounterVal="0" Pivot="New Player"/>
                <SpeedChange Rate="4.0000000000000000e+00" Target="1.1111111111111111e+01" Force="true" ExecutionTimes="1" ActiveOnEnter="true" DelayTime="0.0000000000000000e+00"/>
            </Action>
            <Action Name="">
                <PosRelative CounterID="" CounterComp="COMP_EQ" NetDist="false" Distance="3.5000000000000000e+01" CounterVal="0" Pivot="New Player"/>
                <EditorPos Radius="3.5000000000000000e+01" X="6.2146165466308592e+00" Y="5.4423999999893091e+01"/>
                <LaneChange Direction="2" Force="true" ExecutionTimes="1" ActiveOnEnter="true" DelayTime="0.0000000000000000e+00" Time="3.0000000000000000e+00"/>
                <SpeedChange Rate="4.0000000000000000e+00" Target="0.0000000000000000e+00" Force="true" ExecutionTimes="1" ActiveOnEnter="true" DelayTime="5.0000000000000000e+00"/>
            </Action>
        </PlayerActions>
        <PlayerActions Player="New Player03 Copy ">
            <Action Name="">
                <PosAbsolute CounterID="" CounterComp="COMP_EQ" Radius="5.0000000000000000e+00" X="3.7003140869140625e+03" Y="5.4359764099121094e+01" NetDist="false" CounterVal="0" Pivot="New Player"/>
                <SpeedChange Rate="1.0010000000000000e+01" Target="1.5277777777777777e+01" Force="true" ExecutionTimes="1" ActiveOnEnter="true" DelayTime="0.0000000000000000e+00"/>
            </Action>
            <Action Name="">
                <PosRelative CounterID="" CounterComp="COMP_EQ" NetDist="true" Distance="4.0000000000000000e+01" CounterVal="0" Pivot="New Player"/>
                <EditorPos Radius="4.0000000000000000e+01" X="6.2146165466308592e+00" Y="5.4423999999893091e+01"/>
                <SpeedChange Rate="1.0000000000000000e+01" Target="1.3888888888888888e+00" Force="true" ExecutionTimes="1" ActiveOnEnter="true" DelayTime="0.0000000000000000e+00"/>
            </Action>
            <Action Name="">
                <PosRelative CounterID="" CounterComp="COMP_EQ" NetDist="false" Distance="1.8000000000000000e+01" CounterVal="0" Pivot="New Player"/>
                <EditorPos Radius="1.8000000000000000e+01" X="6.2146165466308592e+00" Y="5.4423999999893091e+01"/>
                <LaneChange Direction="1" Force="true" ExecutionTimes="1" ActiveOnEnter="true" DelayTime="0.0000000000000000e+00" Time="3.0000000000000000e+00"/>
                <SpeedChange Rate="1.0000000000000000e+00" Target="0.0000000000000000e+00" Force="true" ExecutionTimes="1" ActiveOnEnter="true" DelayTime="8.0000000000000000e+00"/>
            </Action>
        </PlayerActions>
        <PlayerActions Player="New Player05 Copy 08">
            <Action Name="">
                <PosAbsolute CounterID="" CounterComp="COMP_EQ" Radius="5.0000000000000000e+00" X="4.2404780578613281e+03" Y="5.4414882659912109e+01" NetDist="false" CounterVal="0" Pivot="New Player"/>
                <SpeedChange Rate="4.0000000000000000e+00" Target="1.1111111111111111e+01" Force="true" ExecutionTimes="1" ActiveOnEnter="true" DelayTime="0.0000000000000000e+00"/>
            </Action>
            <Action Name="">
                <PosRelative CounterID="" CounterComp="COMP_EQ" NetDist="false" Distance="6.0000000000000000e+01" CounterVal="0" Pivot="New Player"/>
                <EditorPos Radius="6.0000000000000000e+01" X="6.2146165466308592e+00" Y="5.4423999999893091e+01"/>
                <LaneChange Direction="-2" Force="true" ExecutionTimes="1" ActiveOnEnter="true" DelayTime="0.0000000000000000e+00" Time="3.0000000000000000e+00"/>
                <SpeedChange Rate="4.0000000000000000e+00" Target="0.0000000000000000e+00" Force="true" ExecutionTimes="1" ActiveOnEnter="true" DelayTime="5.0000000000000000e+00"/>
            </Action>
        </PlayerActions>
        <PlayerActions Player="New Player07 Copy ">
            <Action Name="">
                <PosAbsolute CounterID="" CounterComp="COMP_EQ" Radius="5.0000000000000000e+00" X="5.8602632827758789e+03" Y="5.4089935302734375e+01" NetDist="false" CounterVal="0" Pivot="New Player"/>
                <SpeedChange Rate="1.0000000000000000e+01" Target="1.1111111111111111e+01" Force="true" ExecutionTimes="1" ActiveOnEnter="true" DelayTime="0.0000000000000000e+00"/>
            </Action>
            <Action Name="">
                <PosRelative CounterID="" CounterComp="COMP_EQ" NetDist="false" Distance="1.0000000000000000e+01" CounterVal="0" Pivot="New Player"/>
                <EditorPos Radius="1.0000000000000000e+01" X="6.2146165466308592e+00" Y="5.4423999999893091e+01"/>
                <SpeedChange Rate="4.0000000000000000e+00" Target="0.0000000000000000e+00" Force="true" ExecutionTimes="1" ActiveOnEnter="false" DelayTime="0.0000000000000000e+00"/>
            </Action>
        </PlayerActions>
        <PlayerActions Player="New Player03 Copy 01">
            <Action Name="">
                <PosAbsolute CounterID="" CounterComp="COMP_EQ" Radius="5.0000000000000000e+00" X="7.4807564697265625e+03" Y="5.4447357177734375e+01" NetDist="false" CounterVal="0" Pivot="New Player"/>
                <SpeedChange Rate="1.0010000000000000e+01" Target="1.5277777777777777e+01" Force="true" ExecutionTimes="1" ActiveOnEnter="true" DelayTime="0.0000000000000000e+00"/>
            </Action>
            <Action Name="">
                <PosRelative CounterID="" CounterComp="COMP_EQ" NetDist="true" Distance="4.0000000000000000e+01" CounterVal="0" Pivot="New Player"/>
                <EditorPos Radius="4.0000000000000000e+01" X="6.2146165466308592e+00" Y="5.4423999999893091e+01"/>
                <SpeedChange Rate="1.0000000000000000e+01" Target="1.3888888888888888e+00" Force="true" ExecutionTimes="1" ActiveOnEnter="true" DelayTime="0.0000000000000000e+00"/>
            </Action>
            <Action Name="">
                <PosRelative CounterID="" CounterComp="COMP_EQ" NetDist="false" Distance="1.8000000000000000e+01" CounterVal="0" Pivot="New Player"/>
                <EditorPos Radius="1.8000000000000000e+01" X="6.2146165466308592e+00" Y="5.4423999999893091e+01"/>
                <LaneChange Direction="1" Force="true" ExecutionTimes="1" ActiveOnEnter="true" DelayTime="0.0000000000000000e+00" Time="3.0000000000000000e+00"/>
                <SpeedChange Rate="1.0000000000000000e+00" Target="0.0000000000000000e+00" Force="true" ExecutionTimes="1" ActiveOnEnter="true" DelayTime="8.0000000000000000e+00"/>
            </Action>
        </PlayerActions>
        <PlayerActions Player="New Player05 Copy 13">
            <Action Name="">
                <PosAbsolute CounterID="" CounterComp="COMP_EQ" Radius="5.0000000000000000e+00" X="8.0213235931396484e+03" Y="5.4039081573486328e+01" NetDist="false" CounterVal="0" Pivot="New Player"/>
                <SpeedChange Rate="4.0000000000000000e+00" Target="1.1111111111111111e+01" Force="true" ExecutionTimes="1" ActiveOnEnter="true" DelayTime="0.0000000000000000e+00"/>
            </Action>
            <Action Name="">
                <PosRelative CounterID="" CounterComp="COMP_EQ" NetDist="false" Distance="3.5000000000000000e+01" CounterVal="0" Pivot="New Player"/>
                <EditorPos Radius="3.5000000000000000e+01" X="6.2146165466308592e+00" Y="5.4423999999893091e+01"/>
                <LaneChange Direction="-2" Force="true" ExecutionTimes="1" ActiveOnEnter="true" DelayTime="0.0000000000000000e+00" Time="3.0000000000000000e+00"/>
                <SpeedChange Rate="4.0000000000000000e+00" Target="0.0000000000000000e+00" Force="true" ExecutionTimes="1" ActiveOnEnter="true" DelayTime="5.0000000000000000e+00"/>
            </Action>
        </PlayerActions>
        <PlayerActions Player="New Player07 Copy 01">
            <Action Name="">
                <PosAbsolute CounterID="" CounterComp="COMP_EQ" Radius="5.0000000000000000e+00" X="8.5607674331665039e+03" Y="5.4606239318847656e+01" NetDist="false" CounterVal="0" Pivot="New Player"/>
                <SpeedChange Rate="1.0000000000000000e+01" Target="1.1111111111111111e+01" Force="true" ExecutionTimes="1" ActiveOnEnter="true" DelayTime="0.0000000000000000e+00"/>
            </Action>
            <Action Name="">
                <PosRelative CounterID="" CounterComp="COMP_EQ" NetDist="false" Distance="1.0000000000000000e+01" CounterVal="0" Pivot="New Player"/>
                <EditorPos Radius="1.0000000000000000e+01" X="6.2146165466308592e+00" Y="5.4423999999893091e+01"/>
                <SpeedChange Rate="4.0000000000000000e+00" Target="0.0000000000000000e+00" Force="true" ExecutionTimes="1" ActiveOnEnter="false" DelayTime="0.0000000000000000e+00"/>
            </Action>
        </PlayerActions>
        <PlayerActions Player="New Player05 Copy 14">
            <Action Name="">
                <PosAbsolute CounterID="" CounterComp="COMP_EQ" Radius="5.0000000000000000e+00" X="9.6409778900146484e+03" Y="5.4151165008544922e+01" NetDist="false" CounterVal="0" Pivot="New Player"/>
                <SpeedChange Rate="4.0000000000000000e+00" Target="1.1111111111111111e+01" Force="true" ExecutionTimes="1" ActiveOnEnter="true" DelayTime="0.0000000000000000e+00"/>
            </Action>
            <Action Name="">
                <PosRelative CounterID="" CounterComp="COMP_EQ" NetDist="false" Distance="3.5000000000000000e+01" CounterVal="0" Pivot="New Player"/>
                <EditorPos Radius="3.5000000000000000e+01" X="6.2146165466308592e+00" Y="5.4423999999893091e+01"/>
                <LaneChange Direction="-2" Force="true" ExecutionTimes="1" ActiveOnEnter="true" DelayTime="0.0000000000000000e+00" Time="3.0000000000000000e+00"/>
                <SpeedChange Rate="4.0000000000000000e+00" Target="0.0000000000000000e+00" Force="true" ExecutionTimes="1" ActiveOnEnter="true" DelayTime="5.0000000000000000e+00"/>
            </Action>
        </PlayerActions>
        <PlayerActions Player="New Player07 Copy 02">
            <Action Name="">
                <PosAbsolute CounterID="" CounterComp="COMP_EQ" Radius="5.0000000000000000e+00" X="1.0719868995666504e+04" Y="5.4586784362792969e+01" NetDist="false" CounterVal="0" Pivot="New Player"/>
                <SpeedChange Rate="1.0000000000000000e+01" Target="1.1111111111111111e+01" Force="true" ExecutionTimes="1" ActiveOnEnter="true" DelayTime="0.0000000000000000e+00"/>
            </Action>
            <Action Name="">
                <PosRelative CounterID="" CounterComp="COMP_EQ" NetDist="false" Distance="1.0000000000000000e+01" CounterVal="0" Pivot="New Player"/>
                <EditorPos Radius="1.0000000000000000e+01" X="6.2146165466308592e+00" Y="5.4423999999893091e+01"/>
                <SpeedChange Rate="4.0000000000000000e+00" Target="0.0000000000000000e+00" Force="true" ExecutionTimes="1" ActiveOnEnter="false" DelayTime="0.0000000000000000e+00"/>
            </Action>
        </PlayerActions>
        <PlayerActions Player="New Player03 Copy 02">
            <Action Name="">
                <PosAbsolute CounterID="" CounterComp="COMP_EQ" Radius="5.0000000000000000e+00" X="1.1260217895507812e+04" Y="5.4330543518066406e+01" NetDist="false" CounterVal="0" Pivot="New Player"/>
                <SpeedChange Rate="1.0010000000000000e+01" Target="1.5277777777777777e+01" Force="true" ExecutionTimes="1" ActiveOnEnter="true" DelayTime="0.0000000000000000e+00"/>
            </Action>
            <Action Name="">
                <PosRelative CounterID="" CounterComp="COMP_EQ" NetDist="true" Distance="4.0000000000000000e+01" CounterVal="0" Pivot="New Player"/>
                <EditorPos Radius="4.0000000000000000e+01" X="6.2146165466308592e+00" Y="5.4423999999893091e+01"/>
                <SpeedChange Rate="1.0000000000000000e+01" Target="1.3888888888888888e+00" Force="true" ExecutionTimes="1" ActiveOnEnter="true" DelayTime="0.0000000000000000e+00"/>
            </Action>
            <Action Name="">
                <PosRelative CounterID="" CounterComp="COMP_EQ" NetDist="false" Distance="1.8000000000000000e+01" CounterVal="0" Pivot="New Player"/>
                <EditorPos Radius="1.8000000000000000e+01" X="6.2146165466308592e+00" Y="5.4423999999893091e+01"/>
                <LaneChange Direction="2" Force="true" ExecutionTimes="1" ActiveOnEnter="true" DelayTime="0.0000000000000000e+00" Time="3.0000000000000000e+00"/>
                <SpeedChange Rate="1.0000000000000000e+00" Target="0.0000000000000000e+00" Force="true" ExecutionTimes="1" ActiveOnEnter="true" DelayTime="8.0000000000000000e+00"/>
            </Action>
        </PlayerActions>
        <PlayerActions Player="New Player02 Copy 01">
            <Action Name="">
                <PosAbsolute CounterID="" CounterComp="COMP_EQ" Radius="5.0000000000000000e+00" X="1.1799770217895508e+04" Y="5.4515060424804688e+01" NetDist="false" CounterVal="0" Pivot="New Player"/>
                <SpeedChange Rate="8.0000000000000000e+00" Target="1.3888888888888889e+01" Force="true" ExecutionTimes="1" ActiveOnEnter="true" DelayTime="0.0000000000000000e+00"/>
            </Action>
            <Action Name="">
                <PosRelative CounterID="" CounterComp="COMP_EQ" NetDist="false" Distance="5.0000000000000000e+01" CounterVal="0" Pivot="New Player"/>
                <EditorPos Radius="5.0000000000000000e+01" X="6.2146165466308592e+00" Y="5.4423999999893091e+01"/>
                <LaneChange Direction="-1" Force="true" ExecutionTimes="1" ActiveOnEnter="true" DelayTime="0.0000000000000000e+00" Time="3.0000000000000000e+00"/>
                <SpeedChange Rate="1.0000000000000000e+00" Target="0.0000000000000000e+00" Force="true" ExecutionTimes="1" ActiveOnEnter="true" DelayTime="0.0000000000000000e+00"/>
            </Action>
        </PlayerActions>
        <PlayerActions Player="New Player02 Copy 04">
            <Action Name="">
                <PosAbsolute CounterID="" CounterComp="COMP_EQ" Radius="5.0000000000000000e+00" X="1.2881342163085938e+04" Y="5.4444488525390625e+01" NetDist="false" CounterVal="0" Pivot="New Player"/>
                <SpeedChange Rate="4.0000000000000000e+00" Target="1.3888888888888889e+01" Force="true" ExecutionTimes="1" ActiveOnEnter="true" DelayTime="0.0000000000000000e+00"/>
            </Action>
            <Action Name="">
                <PosRelative CounterID="" CounterComp="COMP_EQ" NetDist="false" Distance="3.5000000000000000e+01" CounterVal="0" Pivot="New Player"/>
                <EditorPos Radius="3.5000000000000000e+01" X="6.2146165466308592e+00" Y="5.4423999999893091e+01"/>
                <SpeedChange Rate="4.0000000000000000e+00" Target="5.5555555555555554e+00" Force="true" ExecutionTimes="1" ActiveOnEnter="true" DelayTime="0.0000000000000000e+00"/>
            </Action>
            <Action Name="">
                <PosRelative CounterID="" CounterComp="COMP_EQ" NetDist="false" Distance="1.9000000000000000e+01" CounterVal="0" Pivot="New Player"/>
                <EditorPos Radius="1.9000000000000000e+01" X="6.2146165466308592e+00" Y="5.4423999999893091e+01"/>
                <LaneChange Direction="-1" Force="true" ExecutionTimes="1" ActiveOnEnter="true" DelayTime="0.0000000000000000e+00" Time="3.0000000000000000e+00"/>
                <SpeedChange Rate="1.0000000000000000e+00" Target="0.0000000000000000e+00" Force="true" ExecutionTimes="1" ActiveOnEnter="true" DelayTime="8.0000000000000000e+00"/>
            </Action>
        </PlayerActions>
    </TrafficControl>
    <MovingObjectsControl>
        <PathShape ShapeId="1" ShapeType="polyline" Closed="false" Name="PathShape01">
            <Waypoint X="6.2046165466308594e+00" Y="5.4423999999999999e+01" Options="0x00000000" Z="0.0000000000000000e+00" Weight="1.0000000000000000e+00" Yaw="6.2831852964887460e+00" Pitch="0.0000000000000000e+00" Roll="0.0000000000000000e+00" Time="0.0000000000000000e+00"/>
            <Waypoint X="2.9999000000000000e+04" Y="5.4423679351806641e+01" Options="0x00000000" Z="0.0000000000000000e+00" Weight="1.0000000000000000e+00" Yaw="6.2831852964887460e+00" Pitch="0.0000000000000000e+00" Roll="0.0000000000000000e+00" Time="0.0000000000000000e+00"/>
        </PathShape>
        <PathShape ShapeId="2" ShapeType="polyline" Closed="false" Name="PathShape02">
            <Waypoint X="1.0002031250000000e+03" Y="4.9247619628906250e+01" Options="0x00000000" Z="0.0000000000000000e+00" Weight="1.0000000000000000e+00" Yaw="1.5819878547505937e+00" Pitch="0.0000000000000000e+00" Roll="0.0000000000000000e+00" Time="0.0000000000000000e+00"/>
            <Waypoint X="9.9997058105468750e+02" Y="7.0025321960449219e+01" Options="0x00000000" Z="0.0000000000000000e+00" Weight="1.0000000000000000e+00" Yaw="1.5819878547505937e+00" Pitch="0.0000000000000000e+00" Roll="0.0000000000000000e+00" Time="0.0000000000000000e+00"/>
        </PathShape>
        <PathShape ShapeId="3" ShapeType="polyline" Closed="false" Name="PathShape03">
            <Waypoint X="3.1601721191406250e+03" Y="4.8597579956054688e+01" Options="0x00000000" Z="0.0000000000000000e+00" Weight="1.0000000000000000e+00" Yaw="1.5853230476116897e+00" Pitch="0.0000000000000000e+00" Roll="0.0000000000000000e+00" Time="0.0000000000000000e+00"/>
            <Waypoint X="3.1598625488281250e+03" Y="6.9906486511230469e+01" Options="0x00000000" Z="0.0000000000000000e+00" Weight="1.0000000000000000e+00" Yaw="1.5853230476116897e+00" Pitch="0.0000000000000000e+00" Roll="0.0000000000000000e+00" Time="0.0000000000000000e+00"/>
        </PathShape>
        <PathShape ShapeId="4" ShapeType="polyline" Closed="false" Name="PathShape04">
            <Waypoint X="4.7806801757812500e+03" Y="7.0068450927734375e+01" Options="0x00000000" Z="0.0000000000000000e+00" Weight="1.0000000000000000e+00" Yaw="4.7272621338691740e+00" Pitch="0.0000000000000000e+00" Roll="0.0000000000000000e+00" Time="0.0000000000000000e+00"/>
            <Waypoint X="4.7809921875000000e+03" Y="4.9091815948486328e+01" Options="0x00000000" Z="0.0000000000000000e+00" Weight="1.0000000000000000e+00" Yaw="4.7272621338691740e+00" Pitch="0.0000000000000000e+00" Roll="0.0000000000000000e+00" Time="0.0000000000000000e+00"/>
        </PathShape>
        <PathShape ShapeId="5" ShapeType="polyline" Closed="false" Name="PathShape05">
            <Waypoint X="5.3201723632812500e+03" Y="4.8532485961914062e+01" Options="0x00000000" Z="0.0000000000000000e+00" Weight="1.0000000000000000e+00" Yaw="1.5774817716527236e+00" Pitch="0.0000000000000000e+00" Roll="0.0000000000000000e+00" Time="0.0000000000000000e+00"/>
            <Waypoint X="5.3200312500000000e+03" Y="6.9639709472656250e+01" Options="0x00000000" Z="0.0000000000000000e+00" Weight="1.0000000000000000e+00" Yaw="1.5774817716527236e+00" Pitch="0.0000000000000000e+00" Roll="0.0000000000000000e+00" Time="0.0000000000000000e+00"/>
        </PathShape>
        <PathShape ShapeId="6" ShapeType="polyline" Closed="false" Name="PathShape06">
            <Waypoint X="6.3992617187500000e+03" Y="4.8703254699707031e+01" Options="0x00000000" Z="0.0000000000000000e+00" Weight="1.0000000000000000e+00" Yaw="1.5774368732576394e+00" Pitch="0.0000000000000000e+00" Roll="0.0000000000000000e+00" Time="0.0000000000000000e+00"/>
            <Waypoint X="6.3991206054687500e+03" Y="6.9953193664550781e+01" Options="0x00000000" Z="0.0000000000000000e+00" Weight="1.0000000000000000e+00" Yaw="1.5774368732576394e+00" Pitch="0.0000000000000000e+00" Roll="0.0000000000000000e+00" Time="0.0000000000000000e+00"/>
        </PathShape>
        <PathShape ShapeId="7" ShapeType="polyline" Closed="false" Name="PathShape07">
            <Waypoint X="9.1005439453125000e+03" Y="4.8573196411132812e+01" Options="0x00000000" Z="0.0000000000000000e+00" Weight="1.0000000000000000e+00" Yaw="1.5836030694948586e+00" Pitch="0.0000000000000000e+00" Roll="0.0000000000000000e+00" Time="0.0000000000000000e+00"/>
            <Waypoint X="9.1002695312500000e+03" Y="6.9999336242675781e+01" Options="0x00000000" Z="0.0000000000000000e+00" Weight="1.0000000000000000e+00" Yaw="1.5836030694948586e+00" Pitch="0.0000000000000000e+00" Roll="0.0000000000000000e+00" Time="0.0000000000000000e+00"/>
        </PathShape>
        <PathShape ShapeId="8" ShapeType="polyline" Closed="false" Name="PathShape08">
            <Waypoint X="1.0179963867187500e+04" Y="4.8196807861328125e+01" Options="0x00000000" Z="0.0000000000000000e+00" Weight="1.0000000000000000e+00" Yaw="1.5855846649795846e+00" Pitch="0.0000000000000000e+00" Roll="0.0000000000000000e+00" Time="0.0000000000000000e+00"/>
            <Waypoint X="1.0179638671875000e+04" Y="7.0185188293457031e+01" Options="0x00000000" Z="0.0000000000000000e+00" Weight="1.0000000000000000e+00" Yaw="1.5855846649795846e+00" Pitch="0.0000000000000000e+00" Roll="0.0000000000000000e+00" Time="0.0000000000000000e+00"/>
        </PathShape>
        <PathShape ShapeId="9" ShapeType="polyline" Closed="false" Name="PathShape09">
            <Waypoint X="1.2340040039062500e+04" Y="7.0895820617675781e+01" Options="0x00000000" Z="0.0000000000000000e+00" Weight="1.0000000000000000e+00" Yaw="4.7157056957415406e+00" Pitch="0.0000000000000000e+00" Roll="0.0000000000000000e+00" Time="0.0000000000000000e+00"/>
            <Waypoint X="1.2340112304687500e+04" Y="4.9107589721679688e+01" Options="0x00000000" Z="0.0000000000000000e+00" Weight="1.0000000000000000e+00" Yaw="4.7157056957415406e+00" Pitch="0.0000000000000000e+00" Roll="0.0000000000000000e+00" Time="0.0000000000000000e+00"/>
        </PathShape>
        <PathShape ShapeId="10" ShapeType="polyline" Closed="false" Name="PathShape10">
            <Waypoint X="1.3420224609375000e+04" Y="7.0048362731933594e+01" Options="0x00000000" Z="0.0000000000000000e+00" Weight="1.0000000000000000e+00" Yaw="4.7123889803846897e+00" Pitch="0.0000000000000000e+00" Roll="0.0000000000000000e+00" Time="0.0000000000000000e+00"/>
            <Waypoint X="1.3420224609375000e+04" Y="6.9934852600097656e+01" Options="0x00000000" Z="0.0000000000000000e+00" Weight="1.0000000000000000e+00" Yaw="4.7290683207718791e+00" Pitch="0.0000000000000000e+00" Roll="0.0000000000000000e+00" Time="0.0000000000000000e+00"/>
            <Waypoint X="1.3420565429687500e+04" Y="4.9503067016601562e+01" Options="0x00000000" Z="0.0000000000000000e+00" Weight="1.0000000000000000e+00" Yaw="4.7290683207718791e+00" Pitch="0.0000000000000000e+00" Roll="0.0000000000000000e+00" Time="0.0000000000000000e+00"/>
        </PathShape>
        <PathShape ShapeId="11" ShapeType="polyline" Closed="false" Name="PathShape11">
            <Waypoint X="1.3960257812500000e+04" Y="7.0381935119628906e+01" Options="0x00000000" Z="0.0000000000000000e+00" Weight="1.0000000000000000e+00" Yaw="4.7298814950119352e+00" Pitch="0.0000000000000000e+00" Roll="0.0000000000000000e+00" Time="0.0000000000000000e+00"/>
            <Waypoint X="1.3960632812500000e+04" Y="4.8946380615234375e+01" Options="0x00000000" Z="0.0000000000000000e+00" Weight="1.0000000000000000e+00" Yaw="4.7298814950119352e+00" Pitch="0.0000000000000000e+00" Roll="0.0000000000000000e+00" Time="0.0000000000000000e+00"/>
        </PathShape>
        <Character CharacterType="male_adult" Class="pedestrian" Appearance="" Name="New Character02">
            <StartPosAbs X="1.0000934448242188e+03" Y="4.8930160522460938e+01" Z="0.0000000000000000e+00" Direction="1.5584874561397326e+00"/>
        </Character>
        <Character CharacterType="male_adult" Class="pedestrian" Appearance="" Name="New Character03">
            <StartPosAbs X="2.6203234863281250e+03" Y="4.8328414916992188e+01" Z="0.0000000000000000e+00" Direction="1.5600122633519973e+00"/>
        </Character>
        <Character CharacterType="male_adult" Class="pedestrian" Appearance="" Name="New Character04">
            <StartPosAbs X="3.1600173339843750e+03" Y="4.8545982360839844e+01" Z="0.0000000000000000e+00" Direction="1.5572225967409585e+00"/>
        </Character>
        <Character CharacterType="male_adult" Class="pedestrian" Appearance="" Name="New Character05">
            <StartPosAbs X="4.7806176757812500e+03" Y="7.0068450927734375e+01" Z="0.0000000000000000e+00" Direction="4.7334619448970301e+00"/>
        </Character>
        <Character CharacterType="male_adult" Class="pedestrian" Appearance="" Name="New Character06">
            <StartPosAbs X="5.3201254882812500e+03" Y="4.8344863891601562e+01" Z="0.0000000000000000e+00" Direction="1.5959006404692522e+00"/>
        </Character>
        <Character CharacterType="male_adult" Class="pedestrian" Appearance="" Name="New Character07">
            <StartPosAbs X="6.3992460937500000e+03" Y="4.8564464569091797e+01" Z="0.0000000000000000e+00" Direction="1.6068266163996190e+00"/>
        </Character>
        <Character CharacterType="male_adult" Class="pedestrian" Appearance="" Name="New Character08">
            <StartPosAbs X="6.9406733398437500e+03" Y="7.0273071289062500e+01" Z="0.0000000000000000e+00" Direction="4.7358220233887973e+00"/>
        </Character>
        <Character CharacterType="male_adult" Class="pedestrian" Appearance="" Name="New Character09">
            <StartPosAbs X="9.1004980468750000e+03" Y="4.8409610748291016e+01" Z="0.0000000000000000e+00" Direction="1.5612259369292651e+00"/>
        </Character>
        <Character CharacterType="male_adult" Class="pedestrian" Appearance="" Name="New Character10">
            <StartPosAbs X="1.0179963867187500e+04" Y="4.8362998962402344e+01" Z="0.0000000000000000e+00" Direction="1.5617151979341477e+00"/>
        </Character>
        <Character CharacterType="male_adult" Class="pedestrian" Appearance="" Name="New Character11">
            <StartPosAbs X="1.2339977539062500e+04" Y="7.0646102905273438e+01" Z="0.0000000000000000e+00" Direction="4.7511223698235909e+00"/>
        </Character>
        <Character CharacterType="male_adult" Class="pedestrian" Appearance="" Name="New Character12">
            <StartPosAbs X="1.3420281250000000e+04" Y="7.0218627929687500e+01" Z="0.0000000000000000e+00" Direction="4.7178127610186715e+00"/>
        </Character>
        <Character CharacterType="male_adult" Class="pedestrian" Appearance="" Name="New Character13">
            <StartPosAbs X="1.3960257812500000e+04" Y="7.0804077148437500e+01" Z="0.0000000000000000e+00" Direction="4.7123889803846897e+00"/>
        </Character>
        <CharacterActions Character="New Character02">
            <Action Name="">
                <PosRelative CounterID="" CounterComp="COMP_EQ" NetDist="false" Distance="5.5000000000000000e+01" CounterVal="0" Pivot="New Player"/>
                <EditorPos Radius="5.5000000000000000e+01" X="6.2146165466308592e+00" Y="5.4423999999893091e+01"/>
                <Motion Move="jog" Rate="0.0000000000000000e+00" Speed="3.0305554866790771e+00" Force="true" ExecutionTimes="1" ActiveOnEnter="true" DelayTime="0.0000000000000000e+00"/>
                <CharacterPath Loop="false" PathShape="2" ExecutionTimes="1" ActiveOnEnter="true" DelayTime="0.0000000000000000e+00" Beam="true" ClampToGround="false"/>
            </Action>
        </CharacterActions>
        <CharacterActions Character="New Character03"/>
        <CharacterActions Character="New Character04">
            <Action Name="">
                <PosRelative CounterID="" CounterComp="COMP_EQ" NetDist="false" Distance="5.5000000000000000e+01" CounterVal="0" Pivot="New Player"/>
                <EditorPos Radius="5.5000000000000000e+01" X="6.2146165466308592e+00" Y="5.4423999999893091e+01"/>
                <Motion Move="jog" Rate="0.0000000000000000e+00" Speed="3.0305554866790771e+00" Force="true" ExecutionTimes="1" ActiveOnEnter="true" DelayTime="0.0000000000000000e+00"/>
                <CharacterPath Loop="false" PathShape="3" ExecutionTimes="1" ActiveOnEnter="true" DelayTime="0.0000000000000000e+00" Beam="true" ClampToGround="false"/>
            </Action>
        </CharacterActions>
        <CharacterActions Character="New Character05">
            <Action Name="">
                <PosRelative CounterID="" CounterComp="COMP_EQ" NetDist="false" Distance="1.2000000000000000e+02" CounterVal="0" Pivot="New Player"/>
                <EditorPos Radius="1.2000000000000000e+02" X="6.2146165466308592e+00" Y="5.4423999999893091e+01"/>
                <Motion Move="jog" Rate="0.0000000000000000e+00" Speed="3.0305554866790771e+00" Force="true" ExecutionTimes="1" ActiveOnEnter="true" DelayTime="0.0000000000000000e+00"/>
                <CharacterPath Loop="false" PathShape="4" ExecutionTimes="1" ActiveOnEnter="true" DelayTime="0.0000000000000000e+00" Beam="true" ClampToGround="false"/>
            </Action>
        </CharacterActions>
        <CharacterActions Character="New Character06">
            <Action Name="">
                <PosRelative CounterID="" CounterComp="COMP_EQ" NetDist="false" Distance="5.5000000000000000e+01" CounterVal="0" Pivot="New Player"/>
                <EditorPos Radius="5.5000000000000000e+01" X="6.2146165466308592e+00" Y="5.4423999999893091e+01"/>
                <Motion Move="jog" Rate="0.0000000000000000e+00" Speed="3.0305554866790771e+00" Force="true" ExecutionTimes="1" ActiveOnEnter="true" DelayTime="0.0000000000000000e+00"/>
                <CharacterPath Loop="false" PathShape="5" ExecutionTimes="1" ActiveOnEnter="true" DelayTime="0.0000000000000000e+00" Beam="true" ClampToGround="false"/>
            </Action>
        </CharacterActions>
        <CharacterActions Character="New Character07">
            <Action Name="">
                <PosRelative CounterID="" CounterComp="COMP_EQ" NetDist="false" Distance="5.5000000000000000e+01" CounterVal="0" Pivot="New Player"/>
                <EditorPos Radius="5.5000000000000000e+01" X="6.2146165466308592e+00" Y="5.4423999999893091e+01"/>
                <Motion Move="jog" Rate="0.0000000000000000e+00" Speed="3.0305554866790771e+00" Force="true" ExecutionTimes="1" ActiveOnEnter="true" DelayTime="0.0000000000000000e+00"/>
                <CharacterPath Loop="false" PathShape="6" ExecutionTimes="1" ActiveOnEnter="true" DelayTime="0.0000000000000000e+00" Beam="true" ClampToGround="false"/>
            </Action>
        </CharacterActions>
        <CharacterActions Character="New Character08"/>
        <CharacterActions Character="New Character09">
            <Action Name="">
                <PosRelative CounterID="" CounterComp="COMP_EQ" NetDist="false" Distance="5.5000000000000000e+01" CounterVal="0" Pivot="New Player"/>
                <EditorPos Radius="5.5000000000000000e+01" X="6.2146165466308592e+00" Y="5.4423999999893091e+01"/>
                <Motion Move="jog" Rate="0.0000000000000000e+00" Speed="3.0305554866790771e+00" Force="true" ExecutionTimes="1" ActiveOnEnter="true" DelayTime="0.0000000000000000e+00"/>
                <CharacterPath Loop="false" PathShape="7" ExecutionTimes="1" ActiveOnEnter="true" DelayTime="0.0000000000000000e+00" Beam="true" ClampToGround="false"/>
            </Action>
        </CharacterActions>
        <CharacterActions Character="New Character10">
            <Action Name="">
                <PosRelative CounterID="" CounterComp="COMP_EQ" NetDist="false" Distance="5.5000000000000000e+01" CounterVal="0" Pivot="New Player"/>
                <EditorPos Radius="5.5000000000000000e+01" X="6.2146165466308592e+00" Y="5.4423999999893091e+01"/>
                <Motion Move="jog" Rate="0.0000000000000000e+00" Speed="3.0305554866790771e+00" Force="true" ExecutionTimes="1" ActiveOnEnter="true" DelayTime="0.0000000000000000e+00"/>
                <CharacterPath Loop="false" PathShape="8" ExecutionTimes="1" ActiveOnEnter="true" DelayTime="0.0000000000000000e+00" Beam="true" ClampToGround="false"/>
            </Action>
        </CharacterActions>
        <CharacterActions Character="New Character11">
            <Action Name="">
                <PosRelative CounterID="" CounterComp="COMP_EQ" NetDist="false" Distance="1.3500000000000000e+02" CounterVal="0" Pivot="New Player"/>
                <EditorPos Radius="1.3500000000000000e+02" X="6.2146165466308592e+00" Y="5.4423999999893091e+01"/>
                <Motion Move="jog" Rate="0.0000000000000000e+00" Speed="3.0305554866790771e+00" Force="false" ExecutionTimes="1" ActiveOnEnter="true" DelayTime="0.0000000000000000e+00"/>
                <CharacterPath Loop="false" PathShape="9" ExecutionTimes="1" ActiveOnEnter="true" DelayTime="0.0000000000000000e+00" Beam="true" ClampToGround="false"/>
            </Action>
        </CharacterActions>
        <CharacterActions Character="New Character12">
            <Action Name="">
                <PosRelative CounterID="" CounterComp="COMP_EQ" NetDist="false" Distance="1.2000000000000000e+02" CounterVal="0" Pivot="New Player"/>
                <EditorPos Radius="1.2000000000000000e+02" X="6.2146165466308592e+00" Y="5.4423999999893091e+01"/>
                <Motion Move="jog" Rate="0.0000000000000000e+00" Speed="3.0305554866790771e+00" Force="false" ExecutionTimes="1" ActiveOnEnter="true" DelayTime="0.0000000000000000e+00"/>
                <CharacterPath Loop="false" PathShape="10" ExecutionTimes="1" ActiveOnEnter="true" DelayTime="0.0000000000000000e+00" Beam="true" ClampToGround="false"/>
            </Action>
        </CharacterActions>
        <CharacterActions Character="New Character13">
            <Action Name="">
                <PosRelative CounterID="" CounterComp="COMP_EQ" NetDist="false" Distance="1.2000000000000000e+02" CounterVal="0" Pivot="New Player"/>
                <EditorPos Radius="1.2000000000000000e+02" X="6.2146165466308592e+00" Y="5.4423999999893091e+01"/>
                <Motion Move="jog" Rate="0.0000000000000000e+00" Speed="3.0305554866790771e+00" Force="true" ExecutionTimes="1" ActiveOnEnter="true" DelayTime="0.0000000000000000e+00"/>
                <CharacterPath Loop="false" PathShape="11" ExecutionTimes="1" ActiveOnEnter="true" DelayTime="0.0000000000000000e+00" Beam="true" ClampToGround="false"/>
            </Action>
        </CharacterActions>
    </MovingObjectsControl>
    <LightSigns/>
    <Selections/>
</Scenario>
