<?xml version="1.0" encoding="UTF-8"?>
<!DOCTYPE Scenario>
<Scenario RevMajor="2021" RevMinor="0">
    <Layout Database="Projects/EEG_2022/20220513_30km.opt.osgb" File="Projects/EEG_2022/20220513_30km.xodr"/>
    <VehicleList ConfigFile="Distros/Current/Config/Players/Vehicles"/>
    <DriverList ConfigFile="Distros/Current/Config/Players/driverCfg.xml"/>
    <CharacterList ConfigFile="Distros/Current/Config/Players/Pedestrians"/>
    <ObjectList ConfigFile="Distros/Current/Config/Players/Objects"/>
    <DynObjects Path="Distros/Current/Config/DynObjects/Logic"/>
    <TrafficElements/>
    <PulkTraffic/>
    <TrafficControl>
        <Player>
            <Description Driver="HastyDriver" Control="external" AdaptDriverToVehicleType="true" Type="AlfaRomeo_Brera_10_BiancoSpino" Name="New Player"/>
            <Init>
                <Speed Value="1.6666666666666668e+01"/>
                <PosPathShape/>
                <PathShapeRef StartS="1.0000000000000000e-02" EndAction="continue" TargetS="2.8994166672229767e+04" UsedFor="steering" PathShapeId="1"/>
            </Init>
        </Player>
        <Player>
            <Description Driver="DefaultDriver" Control="internal" AdaptDriverToVehicleType="true" Type="AlfaRomeo_Brera_10_BiancoSpino" Name="New Player06 Copy 03"/>
            <Init>
                <Speed Value="0.0000000000000000e+00"/>
                <PosAbsolute X="1.6608827972412109e+03" Y="5.7569705963134766e+01" Z="0.0000000000000000e+00" Direction="0.0000000000000000e+00" AlignToRoad="true"/>
            </Init>
        </Player>
        <Player>
            <Description Driver="DefaultDriver" Control="internal" AdaptDriverToVehicleType="true" Type="AlfaRomeo_Brera_10_BiancoSpino" Name="New Player02 Copy 04"/>
            <Init>
                <Speed Value="0.0000000000000000e+00"/>
                <PosAbsolute X="2.2017068328857422e+03" Y="5.4182285308837891e+01" Z="0.0000000000000000e+00" Direction="0.0000000000000000e+00" AlignToRoad="true"/>
            </Init>
        </Player>
        <Player>
            <Description Driver="DefaultDriver" Control="internal" AdaptDriverToVehicleType="true" Type="AlfaRomeo_Brera_10_BiancoSpino" Name="New Player06 Copy 04"/>
            <Init>
                <Speed Value="0.0000000000000000e+00"/>
                <PosAbsolute X="3.2805362396240234e+03" Y="5.0863391876220703e+01" Z="0.0000000000000000e+00" Direction="0.0000000000000000e+00" AlignToRoad="true"/>
            </Init>
        </Player>
        <Player>
            <Description Driver="DefaultDriver" Control="internal" AdaptDriverToVehicleType="true" Type="AlfaRomeo_Brera_10_BiancoSpino" Name="New Player05 Copy 11"/>
            <Init>
                <Speed Value="0.0000000000000000e+00"/>
                <PosAbsolute X="3.7559162902832031e+03" Y="5.7385746002197266e+01" Z="0.0000000000000000e+00" Direction="6.3273731986697151e-03" AlignToRoad="true"/>
            </Init>
        </Player>
        <Player>
            <Description Driver="DefaultDriver" Control="internal" AdaptDriverToVehicleType="true" Type="AlfaRomeo_Brera_10_BiancoSpino" Name="New Player02 Copy 05"/>
            <Init>
                <Speed Value="0.0000000000000000e+00"/>
                <PosAbsolute X="4.3783479766845703e+03" Y="5.4075927734375000e+01" Z="0.0000000000000000e+00" Direction="0.0000000000000000e+00" AlignToRoad="true"/>
            </Init>
        </Player>
        <Player>
            <Description Driver="DefaultDriver" Control="internal" AdaptDriverToVehicleType="true" Type="AlfaRomeo_Brera_10_BiancoSpino" Name="New Player06 Copy 06"/>
            <Init>
                <Speed Value="0.0000000000000000e+00"/>
                <PosAbsolute X="4.9108121795654297e+03" Y="5.0773418426513672e+01" Z="0.0000000000000000e+00" Direction="0.0000000000000000e+00" AlignToRoad="true"/>
            </Init>
        </Player>
        <Player>
            <Description Driver="DefaultDriver" Control="internal" AdaptDriverToVehicleType="true" Type="AlfaRomeo_Brera_10_BiancoSpino" Name="New Player06 Copy 07"/>
            <Init>
                <Speed Value="0.0000000000000000e+00"/>
                <PosAbsolute X="5.9804503631591797e+03" Y="5.0622058868408203e+01" Z="0.0000000000000000e+00" Direction="0.0000000000000000e+00" AlignToRoad="true"/>
            </Init>
        </Player>
        <Player>
            <Description Driver="DefaultDriver" Control="internal" AdaptDriverToVehicleType="true" Type="AlfaRomeo_Brera_10_BiancoSpino" Name="New Player02 Copy 06"/>
            <Init>
                <Speed Value="0.0000000000000000e+00"/>
                <PosAbsolute X="6.5387757110595703e+03" Y="5.4036880493164062e+01" Z="0.0000000000000000e+00" Direction="0.0000000000000000e+00" AlignToRoad="true"/>
            </Init>
        </Player>
        <Player>
            <Description Driver="DefaultDriver" Control="internal" AdaptDriverToVehicleType="true" Type="AlfaRomeo_Brera_10_BiancoSpino" Name="New Player04 Copy 07"/>
            <Init>
                <Speed Value="0.0000000000000000e+00"/>
                <PosAbsolute X="6.9959762420654297e+03" Y="5.0659416198730469e+01" Z="0.0000000000000000e+00" Direction="0.0000000000000000e+00" AlignToRoad="true"/>
            </Init>
        </Player>
        <Player>
            <Description Driver="DefaultDriver" Control="internal" AdaptDriverToVehicleType="true" Type="AlfaRomeo_Brera_10_BiancoSpino" Name="New Player03 Copy "/>
            <Init>
                <Speed Value="0.0000000000000000e+00"/>
                <PosAbsolute X="7.5620329284667969e+03" Y="5.4103389739990234e+01" Z="0.0000000000000000e+00" Direction="6.2216412950412197e-03" AlignToRoad="true"/>
            </Init>
        </Player>
        <Player>
            <Description Driver="DefaultDriver" Control="internal" AdaptDriverToVehicleType="true" Type="AlfaRomeo_Brera_10_BiancoSpino" Name="New Player06 Copy 08"/>
            <Init>
                <Speed Value="0.0000000000000000e+00"/>
                <PosAbsolute X="9.2206080780029297e+03" Y="5.0851528167724609e+01" Z="0.0000000000000000e+00" Direction="0.0000000000000000e+00" AlignToRoad="true"/>
            </Init>
        </Player>
        <Player>
            <Description Driver="DefaultDriver" Control="internal" AdaptDriverToVehicleType="true" Type="AlfaRomeo_Brera_10_BiancoSpino" Name="New Player04 Copy 08"/>
            <Init>
                <Speed Value="0.0000000000000000e+00"/>
                <PosAbsolute X="1.1315196456909180e+04" Y="5.0832462310791016e+01" Z="0.0000000000000000e+00" Direction="0.0000000000000000e+00" AlignToRoad="true"/>
            </Init>
        </Player>
        <Player>
            <Description Driver="DefaultDriver" Control="internal" AdaptDriverToVehicleType="true" Type="AlfaRomeo_Brera_10_BiancoSpino" Name="New Player07 Copy "/>
            <Init>
                <Speed Value="0.0000000000000000e+00"/>
                <PosAbsolute X="1.1835853034973145e+04" Y="5.0955631256103516e+01" Z="0.0000000000000000e+00" Direction="0.0000000000000000e+00" AlignToRoad="true"/>
            </Init>
        </Player>
        <Player>
            <Description Driver="DefaultDriver" Control="internal" AdaptDriverToVehicleType="true" Type="AlfaRomeo_Brera_10_BiancoSpino" Name="New Player04 Copy 09"/>
            <Init>
                <Speed Value="0.0000000000000000e+00"/>
                <PosAbsolute X="1.2395258956909180e+04" Y="5.0695953369140625e+01" Z="0.0000000000000000e+00" Direction="0.0000000000000000e+00" AlignToRoad="true"/>
            </Init>
        </Player>
        <Player>
            <Description Driver="DefaultDriver" Control="internal" AdaptDriverToVehicleType="true" Type="AlfaRomeo_Brera_10_BiancoSpino" Name="New Player07 Copy 01"/>
            <Init>
                <Speed Value="0.0000000000000000e+00"/>
                <PosAbsolute X="1.2915739753723145e+04" Y="5.7444232940673828e+01" Z="0.0000000000000000e+00" Direction="0.0000000000000000e+00" AlignToRoad="true"/>
            </Init>
        </Player>
        <Player>
            <Description Driver="DefaultDriver" Control="internal" AdaptDriverToVehicleType="true" Type="AlfaRomeo_Brera_10_BiancoSpino" Name="New Player03 Copy 01"/>
            <Init>
                <Speed Value="0.0000000000000000e+00"/>
                <PosAbsolute X="1.3503043670654297e+04" Y="5.4174236297607422e+01" Z="0.0000000000000000e+00" Direction="6.2216412950412197e-03" AlignToRoad="true"/>
            </Init>
        </Player>
        <Player>
            <Description Driver="DefaultDriver" Control="internal" AdaptDriverToVehicleType="true" Type="AlfaRomeo_Brera_10_BiancoSpino" Name="New Player04 Copy 10"/>
            <Init>
                <Speed Value="0.0000000000000000e+00"/>
                <PosAbsolute X="1.0235507980346680e+04" Y="5.7457439422607422e+01" Z="0.0000000000000000e+00" Direction="0.0000000000000000e+00" AlignToRoad="true"/>
            </Init>
        </Player>
        <PlayerActions Player="New Player">
            <Action Name="">
                <PosAbsolute CounterID="" CounterComp="COMP_EQ" Radius="5.0000000000000000e+00" X="1.1219717979431152e+01" Y="5.4482841491699219e+01" NetDist="false" CounterVal="0" Pivot="New Player"/>
                <Autonomous Force="true" ExecutionTimes="1" ActiveOnEnter="true" DelayTime="0.0000000000000000e+00"/>
            </Action>
        </PlayerActions>
        <PlayerActions Player="New Player06 Copy 03">
            <Action Name="">
                <PosAbsolute CounterID="" CounterComp="COMP_EQ" Radius="5.0000000000000000e+00" X="1.5401860198974609e+03" Y="5.4510044097900391e+01" NetDist="false" CounterVal="0" Pivot="New Player"/>
                <SpeedChange Rate="4.0000000000000000e+00" Target="1.1111111111111111e+01" Force="true" ExecutionTimes="1" ActiveOnEnter="true" DelayTime="0.0000000000000000e+00"/>
            </Action>
            <Action Name="">
                <PosRelative CounterID="" CounterComp="COMP_EQ" NetDist="false" Distance="6.0000000000000000e+01" CounterVal="0" Pivot="New Player"/>
                <EditorPos Radius="6.0000000000000000e+01" X="5.8433277702331541e+00" Y="5.4299999999999997e+01"/>
                <LaneChange Direction="-2" Force="true" ExecutionTimes="1" ActiveOnEnter="true" DelayTime="0.0000000000000000e+00" Time="3.0000000000000000e+00"/>
                <SpeedChange Rate="4.0000000000000000e+00" Target="0.0000000000000000e+00" Force="true" ExecutionTimes="1" ActiveOnEnter="true" DelayTime="5.0000000000000000e+00"/>
            </Action>
        </PlayerActions>
        <PlayerActions Player="New Player02 Copy 04">
            <Action Name="">
                <PosAbsolute CounterID="" CounterComp="COMP_EQ" Radius="5.0000000000000000e+00" X="2.0799216766357422e+03" Y="5.4199581146240234e+01" NetDist="false" CounterVal="0" Pivot="New Player"/>
                <SpeedChange Rate="8.0000000000000000e+00" Target="1.3888888888888889e+01" Force="true" ExecutionTimes="1" ActiveOnEnter="true" DelayTime="0.0000000000000000e+00"/>
            </Action>
            <Action Name="">
                <PosRelative CounterID="" CounterComp="COMP_EQ" NetDist="false" Distance="5.0000000000000000e+01" CounterVal="0" Pivot="New Player"/>
                <EditorPos Radius="5.0000000000000000e+01" X="5.8433277702331541e+00" Y="5.4299999999999997e+01"/>
                <LaneChange Direction="-1" Force="true" ExecutionTimes="1" ActiveOnEnter="true" DelayTime="0.0000000000000000e+00" Time="3.0000000000000000e+00"/>
                <SpeedChange Rate="1.0000000000000000e+00" Target="0.0000000000000000e+00" Force="true" ExecutionTimes="1" ActiveOnEnter="true" DelayTime="0.0000000000000000e+00"/>
            </Action>
        </PlayerActions>
        <PlayerActions Player="New Player06 Copy 04">
            <Action Name="">
                <PosAbsolute CounterID="" CounterComp="COMP_EQ" Radius="5.0000000000000000e+00" X="3.1601662445068359e+03" Y="5.4448867797851562e+01" NetDist="false" CounterVal="0" Pivot="New Player"/>
                <SpeedChange Rate="4.0000000000000000e+00" Target="1.1111111111111111e+01" Force="true" ExecutionTimes="1" ActiveOnEnter="true" DelayTime="0.0000000000000000e+00"/>
            </Action>
            <Action Name="">
                <PosRelative CounterID="" CounterComp="COMP_EQ" NetDist="false" Distance="6.0000000000000000e+01" CounterVal="0" Pivot="New Player"/>
                <EditorPos Radius="6.0000000000000000e+01" X="5.8433277702331541e+00" Y="5.4299999999999997e+01"/>
                <LaneChange Direction="2" Force="true" ExecutionTimes="1" ActiveOnEnter="true" DelayTime="0.0000000000000000e+00" Time="3.0000000000000000e+00"/>
                <SpeedChange Rate="4.0000000000000000e+00" Target="0.0000000000000000e+00" Force="true" ExecutionTimes="1" ActiveOnEnter="true" DelayTime="5.0000000000000000e+00"/>
            </Action>
        </PlayerActions>
        <PlayerActions Player="New Player05 Copy 11">
            <Action Name="">
                <PosAbsolute CounterID="" CounterComp="COMP_EQ" Radius="5.0000000000000000e+00" X="3.7011615905761719e+03" Y="5.4198223114013672e+01" NetDist="false" CounterVal="0" Pivot="New Player"/>
                <SpeedChange Rate="4.0000000000000000e+00" Target="1.1111111111111111e+01" Force="true" ExecutionTimes="1" ActiveOnEnter="true" DelayTime="0.0000000000000000e+00"/>
            </Action>
            <Action Name="">
                <PosRelative CounterID="" CounterComp="COMP_EQ" NetDist="false" Distance="3.5000000000000000e+01" CounterVal="0" Pivot="New Player"/>
                <EditorPos Radius="3.5000000000000000e+01" X="5.8433277702331541e+00" Y="5.4299999999999997e+01"/>
                <LaneChange Direction="-2" Force="true" ExecutionTimes="1" ActiveOnEnter="true" DelayTime="0.0000000000000000e+00" Time="3.0000000000000000e+00"/>
                <SpeedChange Rate="4.0000000000000000e+00" Target="0.0000000000000000e+00" Force="true" ExecutionTimes="1" ActiveOnEnter="true" DelayTime="5.0000000000000000e+00"/>
            </Action>
        </PlayerActions>
        <PlayerActions Player="New Player02 Copy 05">
            <Action Name="">
                <PosAbsolute CounterID="" CounterComp="COMP_EQ" Radius="5.0000000000000000e+00" X="4.2401755371093750e+03" Y="5.3916915893554688e+01" NetDist="false" CounterVal="0" Pivot="New Player"/>
                <SpeedChange Rate="4.0000000000000000e+00" Target="1.3888888888888889e+01" Force="true" ExecutionTimes="1" ActiveOnEnter="true" DelayTime="0.0000000000000000e+00"/>
            </Action>
            <Action Name="">
                <PosRelative CounterID="" CounterComp="COMP_EQ" NetDist="false" Distance="3.5000000000000000e+01" CounterVal="0" Pivot="New Player"/>
                <EditorPos Radius="3.5000000000000000e+01" X="5.8433277702331541e+00" Y="5.4299999999999997e+01"/>
                <SpeedChange Rate="4.0000000000000000e+00" Target="5.5555555555555554e+00" Force="true" ExecutionTimes="1" ActiveOnEnter="true" DelayTime="0.0000000000000000e+00"/>
            </Action>
            <Action Name="">
                <PosRelative CounterID="" CounterComp="COMP_EQ" NetDist="false" Distance="1.9000000000000000e+01" CounterVal="0" Pivot="New Player"/>
                <EditorPos Radius="1.9000000000000000e+01" X="5.8433277702331541e+00" Y="5.4299999999999997e+01"/>
                <LaneChange Direction="-1" Force="true" ExecutionTimes="1" ActiveOnEnter="true" DelayTime="0.0000000000000000e+00" Time="3.0000000000000000e+00"/>
                <SpeedChange Rate="1.0000000000000000e+00" Target="0.0000000000000000e+00" Force="true" ExecutionTimes="1" ActiveOnEnter="true" DelayTime="8.0000000000000000e+00"/>
            </Action>
        </PlayerActions>
        <PlayerActions Player="New Player06 Copy 06">
            <Action Name="">
                <PosAbsolute CounterID="" CounterComp="COMP_EQ" Radius="5.0000000000000000e+00" X="4.7914241180419922e+03" Y="5.4056732177734375e+01" NetDist="false" CounterVal="0" Pivot="New Player"/>
                <SpeedChange Rate="4.0000000000000000e+00" Target="1.1111111111111111e+01" Force="true" ExecutionTimes="1" ActiveOnEnter="true" DelayTime="0.0000000000000000e+00"/>
            </Action>
            <Action Name="">
                <PosRelative CounterID="" CounterComp="COMP_EQ" NetDist="false" Distance="6.0000000000000000e+01" CounterVal="0" Pivot="New Player"/>
                <EditorPos Radius="6.0000000000000000e+01" X="5.8433277702331541e+00" Y="5.4299999999999997e+01"/>
                <LaneChange Direction="2" Force="true" ExecutionTimes="1" ActiveOnEnter="true" DelayTime="0.0000000000000000e+00" Time="3.0000000000000000e+00"/>
                <SpeedChange Rate="4.0000000000000000e+00" Target="0.0000000000000000e+00" Force="true" ExecutionTimes="1" ActiveOnEnter="true" DelayTime="5.0000000000000000e+00"/>
            </Action>
        </PlayerActions>
        <PlayerActions Player="New Player06 Copy 07">
            <Action Name="">
                <PosAbsolute CounterID="" CounterComp="COMP_EQ" Radius="5.0000000000000000e+00" X="5.8609456024169922e+03" Y="5.4358619689941406e+01" NetDist="false" CounterVal="0" Pivot="New Player"/>
                <SpeedChange Rate="4.0000000000000000e+00" Target="1.1111111111111111e+01" Force="true" ExecutionTimes="1" ActiveOnEnter="true" DelayTime="0.0000000000000000e+00"/>
            </Action>
            <Action Name="">
                <PosRelative CounterID="" CounterComp="COMP_EQ" NetDist="false" Distance="6.0000000000000000e+01" CounterVal="0" Pivot="New Player"/>
                <EditorPos Radius="6.0000000000000000e+01" X="5.8433277702331541e+00" Y="5.4299999999999997e+01"/>
                <LaneChange Direction="2" Force="true" ExecutionTimes="1" ActiveOnEnter="true" DelayTime="0.0000000000000000e+00" Time="3.0000000000000000e+00"/>
                <SpeedChange Rate="4.0000000000000000e+00" Target="0.0000000000000000e+00" Force="true" ExecutionTimes="1" ActiveOnEnter="true" DelayTime="5.0000000000000000e+00"/>
            </Action>
        </PlayerActions>
        <PlayerActions Player="New Player02 Copy 06">
            <Action Name="">
                <PosAbsolute CounterID="" CounterComp="COMP_EQ" Radius="5.0000000000000000e+00" X="6.4006032714843750e+03" Y="5.3877868652343750e+01" NetDist="false" CounterVal="0" Pivot="New Player"/>
                <SpeedChange Rate="4.0000000000000000e+00" Target="1.3888888888888889e+01" Force="true" ExecutionTimes="1" ActiveOnEnter="true" DelayTime="0.0000000000000000e+00"/>
            </Action>
            <Action Name="">
                <PosRelative CounterID="" CounterComp="COMP_EQ" NetDist="false" Distance="3.5000000000000000e+01" CounterVal="0" Pivot="New Player"/>
                <EditorPos Radius="3.5000000000000000e+01" X="5.8433277702331541e+00" Y="5.4299999999999997e+01"/>
                <SpeedChange Rate="4.0000000000000000e+00" Target="5.5555555555555554e+00" Force="true" ExecutionTimes="1" ActiveOnEnter="true" DelayTime="0.0000000000000000e+00"/>
            </Action>
            <Action Name="">
                <PosRelative CounterID="" CounterComp="COMP_EQ" NetDist="false" Distance="1.9000000000000000e+01" CounterVal="0" Pivot="New Player"/>
                <EditorPos Radius="1.9000000000000000e+01" X="5.8433277702331541e+00" Y="5.4299999999999997e+01"/>
                <LaneChange Direction="-1" Force="true" ExecutionTimes="1" ActiveOnEnter="true" DelayTime="0.0000000000000000e+00" Time="3.0000000000000000e+00"/>
                <SpeedChange Rate="1.0000000000000000e+00" Target="0.0000000000000000e+00" Force="true" ExecutionTimes="1" ActiveOnEnter="true" DelayTime="8.0000000000000000e+00"/>
            </Action>
        </PlayerActions>
        <PlayerActions Player="New Player04 Copy 07">
            <Action Name="">
                <PosAbsolute CounterID="" CounterComp="COMP_EQ" Radius="5.0000000000000000e+00" X="6.9409733734130859e+03" Y="5.4172161102294922e+01" NetDist="false" CounterVal="0" Pivot="New Player"/>
                <SpeedChange Rate="4.0000000000000000e+00" Target="1.1111111111111111e+01" Force="true" ExecutionTimes="1" ActiveOnEnter="true" DelayTime="0.0000000000000000e+00"/>
            </Action>
            <Action Name="">
                <PosRelative CounterID="" CounterComp="COMP_EQ" NetDist="true" Distance="3.5000000000000000e+01" CounterVal="0" Pivot="New Player"/>
                <EditorPos Radius="3.5000000000000000e+01" X="5.8433277702331541e+00" Y="5.4299999999999997e+01"/>
                <LaneChange Direction="2" Force="true" ExecutionTimes="1" ActiveOnEnter="true" DelayTime="0.0000000000000000e+00" Time="3.0000000000000000e+00"/>
                <SpeedChange Rate="4.0000000000000000e+00" Target="0.0000000000000000e+00" Force="true" ExecutionTimes="1" ActiveOnEnter="true" DelayTime="5.0000000000000000e+00"/>
            </Action>
        </PlayerActions>
        <PlayerActions Player="New Player03 Copy ">
            <Action Name="">
                <PosAbsolute CounterID="" CounterComp="COMP_EQ" Radius="5.0000000000000000e+00" X="7.4786475830078125e+03" Y="5.4137149810791016e+01" NetDist="false" CounterVal="0" Pivot="New Player"/>
                <SpeedChange Rate="1.0010000000000000e+01" Target="1.5277777777777777e+01" Force="true" ExecutionTimes="1" ActiveOnEnter="true" DelayTime="0.0000000000000000e+00"/>
            </Action>
            <Action Name="">
                <PosRelative CounterID="" CounterComp="COMP_EQ" NetDist="true" Distance="4.0000000000000000e+01" CounterVal="0" Pivot="New Player"/>
                <EditorPos Radius="4.0000000000000000e+01" X="5.8433277702331541e+00" Y="5.4299999999999997e+01"/>
                <SpeedChange Rate="1.0000000000000000e+01" Target="2.7777777777777777e+00" Force="true" ExecutionTimes="1" ActiveOnEnter="true" DelayTime="0.0000000000000000e+00"/>
            </Action>
            <Action Name="">
                <PosRelative CounterID="" CounterComp="COMP_EQ" NetDist="false" Distance="1.8000000000000000e+01" CounterVal="0" Pivot="New Player"/>
                <EditorPos Radius="1.8000000000000000e+01" X="5.8433277702331541e+00" Y="5.4299999999999997e+01"/>
                <LaneChange Direction="1" Force="true" ExecutionTimes="1" ActiveOnEnter="true" DelayTime="0.0000000000000000e+00" Time="3.0000000000000000e+00"/>
                <SpeedChange Rate="1.0000000000000000e+00" Target="0.0000000000000000e+00" Force="true" ExecutionTimes="1" ActiveOnEnter="true" DelayTime="8.0000000000000000e+00"/>
            </Action>
        </PlayerActions>
        <PlayerActions Player="New Player06 Copy 08">
            <Action Name="">
                <PosAbsolute CounterID="" CounterComp="COMP_EQ" Radius="5.0000000000000000e+00" X="9.1003206024169922e+03" Y="5.4361465454101562e+01" NetDist="false" CounterVal="0" Pivot="New Player"/>
                <SpeedChange Rate="4.0000000000000000e+00" Target="1.1111111111111111e+01" Force="true" ExecutionTimes="1" ActiveOnEnter="true" DelayTime="0.0000000000000000e+00"/>
            </Action>
            <Action Name="">
                <PosRelative CounterID="" CounterComp="COMP_EQ" NetDist="false" Distance="6.0000000000000000e+01" CounterVal="0" Pivot="New Player"/>
                <EditorPos Radius="6.0000000000000000e+01" X="5.8433277702331541e+00" Y="5.4299999999999997e+01"/>
                <LaneChange Direction="2" Force="true" ExecutionTimes="1" ActiveOnEnter="true" DelayTime="0.0000000000000000e+00" Time="3.0000000000000000e+00"/>
                <SpeedChange Rate="4.0000000000000000e+00" Target="0.0000000000000000e+00" Force="true" ExecutionTimes="1" ActiveOnEnter="true" DelayTime="5.0000000000000000e+00"/>
            </Action>
        </PlayerActions>
        <PlayerActions Player="New Player04 Copy 08">
            <Action Name="">
                <PosAbsolute CounterID="" CounterComp="COMP_EQ" Radius="5.0000000000000000e+00" X="1.1260527084350586e+04" Y="5.4299259185791016e+01" NetDist="false" CounterVal="0" Pivot="New Player"/>
                <SpeedChange Rate="4.0000000000000000e+00" Target="1.1111111111111111e+01" Force="true" ExecutionTimes="1" ActiveOnEnter="true" DelayTime="0.0000000000000000e+00"/>
            </Action>
            <Action Name="">
                <PosRelative CounterID="" CounterComp="COMP_EQ" NetDist="true" Distance="3.5000000000000000e+01" CounterVal="0" Pivot="New Player"/>
                <EditorPos Radius="3.5000000000000000e+01" X="5.8433277702331541e+00" Y="5.4299999999999997e+01"/>
                <LaneChange Direction="2" Force="true" ExecutionTimes="1" ActiveOnEnter="true" DelayTime="0.0000000000000000e+00" Time="3.0000000000000000e+00"/>
                <SpeedChange Rate="4.0000000000000000e+00" Target="0.0000000000000000e+00" Force="true" ExecutionTimes="1" ActiveOnEnter="true" DelayTime="5.0000000000000000e+00"/>
            </Action>
        </PlayerActions>
        <PlayerActions Player="New Player07 Copy ">
            <Action Name="">
                <PosAbsolute CounterID="" CounterComp="COMP_EQ" Radius="5.0000000000000000e+00" X="1.1799955543518066e+04" Y="5.4326873779296875e+01" NetDist="false" CounterVal="0" Pivot="New Player"/>
                <SpeedChange Rate="1.0000000000000000e+01" Target="1.1111111111111111e+01" Force="true" ExecutionTimes="1" ActiveOnEnter="true" DelayTime="0.0000000000000000e+00"/>
            </Action>
            <Action Name="">
                <PosRelative CounterID="" CounterComp="COMP_EQ" NetDist="false" Distance="1.0000000000000000e+01" CounterVal="0" Pivot="New Player"/>
                <EditorPos Radius="1.0000000000000000e+01" X="5.8433277702331541e+00" Y="5.4299999999999997e+01"/>
                <SpeedChange Rate="4.0000000000000000e+00" Target="0.0000000000000000e+00" Force="true" ExecutionTimes="1" ActiveOnEnter="false" DelayTime="0.0000000000000000e+00"/>
            </Action>
        </PlayerActions>
        <PlayerActions Player="New Player04 Copy 09">
            <Action Name="">
                <PosAbsolute CounterID="" CounterComp="COMP_EQ" Radius="5.0000000000000000e+00" X="1.2340556381225586e+04" Y="5.4320632934570312e+01" NetDist="false" CounterVal="0" Pivot="New Player"/>
                <SpeedChange Rate="4.0000000000000000e+00" Target="1.1111111111111111e+01" Force="true" ExecutionTimes="1" ActiveOnEnter="true" DelayTime="0.0000000000000000e+00"/>
            </Action>
            <Action Name="">
                <PosRelative CounterID="" CounterComp="COMP_EQ" NetDist="true" Distance="3.5000000000000000e+01" CounterVal="0" Pivot="New Player"/>
                <EditorPos Radius="3.5000000000000000e+01" X="5.8433277702331541e+00" Y="5.4299999999999997e+01"/>
                <LaneChange Direction="2" Force="true" ExecutionTimes="1" ActiveOnEnter="true" DelayTime="0.0000000000000000e+00" Time="3.0000000000000000e+00"/>
                <SpeedChange Rate="4.0000000000000000e+00" Target="0.0000000000000000e+00" Force="true" ExecutionTimes="1" ActiveOnEnter="true" DelayTime="5.0000000000000000e+00"/>
            </Action>
        </PlayerActions>
        <PlayerActions Player="New Player07 Copy 01">
            <Action Name="">
                <PosAbsolute CounterID="" CounterComp="COMP_EQ" Radius="5.0000000000000000e+00" X="1.2879636207580566e+04" Y="5.4016803741455078e+01" NetDist="false" CounterVal="0" Pivot="New Player"/>
                <SpeedChange Rate="1.0000000000000000e+01" Target="1.1111111111111111e+01" Force="true" ExecutionTimes="1" ActiveOnEnter="true" DelayTime="0.0000000000000000e+00"/>
            </Action>
            <Action Name="">
                <PosRelative CounterID="" CounterComp="COMP_EQ" NetDist="false" Distance="1.0000000000000000e+01" CounterVal="0" Pivot="New Player"/>
                <EditorPos Radius="1.0000000000000000e+01" X="5.8433277702331541e+00" Y="5.4299999999999997e+01"/>
                <SpeedChange Rate="4.0000000000000000e+00" Target="0.0000000000000000e+00" Force="true" ExecutionTimes="1" ActiveOnEnter="false" DelayTime="0.0000000000000000e+00"/>
            </Action>
        </PlayerActions>
        <PlayerActions Player="New Player03 Copy 01">
            <Action Name="">
                <PosAbsolute CounterID="" CounterComp="COMP_EQ" Radius="5.0000000000000000e+00" X="1.3419658325195312e+04" Y="5.4207996368408203e+01" NetDist="false" CounterVal="0" Pivot="New Player"/>
                <SpeedChange Rate="1.0010000000000000e+01" Target="1.5277777777777777e+01" Force="true" ExecutionTimes="1" ActiveOnEnter="true" DelayTime="0.0000000000000000e+00"/>
            </Action>
            <Action Name="">
                <PosRelative CounterID="" CounterComp="COMP_EQ" NetDist="true" Distance="4.0000000000000000e+01" CounterVal="0" Pivot="New Player"/>
                <EditorPos Radius="4.0000000000000000e+01" X="5.8433277702331541e+00" Y="5.4299999999999997e+01"/>
                <SpeedChange Rate="1.0000000000000000e+01" Target="2.7777777777777777e+00" Force="true" ExecutionTimes="1" ActiveOnEnter="true" DelayTime="0.0000000000000000e+00"/>
            </Action>
            <Action Name="">
                <PosRelative CounterID="" CounterComp="COMP_EQ" NetDist="false" Distance="1.8000000000000000e+01" CounterVal="0" Pivot="New Player"/>
                <EditorPos Radius="1.8000000000000000e+01" X="5.8433277702331541e+00" Y="5.4299999999999997e+01"/>
                <LaneChange Direction="1" Force="true" ExecutionTimes="1" ActiveOnEnter="true" DelayTime="0.0000000000000000e+00" Time="3.0000000000000000e+00"/>
                <SpeedChange Rate="1.0000000000000000e+00" Target="0.0000000000000000e+00" Force="true" ExecutionTimes="1" ActiveOnEnter="true" DelayTime="8.0000000000000000e+00"/>
            </Action>
        </PlayerActions>
        <PlayerActions Player="New Player04 Copy 10">
            <Action Name="">
                <PosAbsolute CounterID="" CounterComp="COMP_EQ" Radius="5.0000000000000000e+00" X="1.0180341537475586e+04" Y="5.3908729553222656e+01" NetDist="false" CounterVal="0" Pivot="New Player"/>
                <SpeedChange Rate="4.0000000000000000e+00" Target="1.1111111111111111e+01" Force="true" ExecutionTimes="1" ActiveOnEnter="true" DelayTime="0.0000000000000000e+00"/>
            </Action>
            <Action Name="">
                <PosRelative CounterID="" CounterComp="COMP_EQ" NetDist="true" Distance="3.5000000000000000e+01" CounterVal="0" Pivot="New Player"/>
                <EditorPos Radius="3.5000000000000000e+01" X="5.8433277702331541e+00" Y="5.4299999999999997e+01"/>
                <LaneChange Direction="-2" Force="true" ExecutionTimes="1" ActiveOnEnter="true" DelayTime="0.0000000000000000e+00" Time="3.0000000000000000e+00"/>
                <SpeedChange Rate="4.0000000000000000e+00" Target="0.0000000000000000e+00" Force="true" ExecutionTimes="1" ActiveOnEnter="true" DelayTime="5.0000000000000000e+00"/>
            </Action>
        </PlayerActions>
    </TrafficControl>
    <MovingObjectsControl>
        <PathShape ShapeId="1" ShapeType="polyline" Closed="false" Name="PathShape01">
            <Waypoint X="5.8333277702331543e+00" Y="5.4299999999999997e+01" Options="0x00000000" Z="0.0000000000000000e+00" Weight="1.0000000000000000e+00" Yaw="0.0000000000000000e+00" Pitch="0.0000000000000000e+00" Roll="0.0000000000000000e+00" Time="0.0000000000000000e+00"/>
            <Waypoint X="2.9000000000000000e+04" Y="5.4299999999999997e+01" Options="0x00000000" Z="0.0000000000000000e+00" Weight="1.0000000000000000e+00" Yaw="0.0000000000000000e+00" Pitch="0.0000000000000000e+00" Roll="0.0000000000000000e+00" Time="0.0000000000000000e+00"/>
        </PathShape>
        <PathShape ShapeId="2" ShapeType="polyline" Closed="false" Name="PathShape02">
            <Waypoint X="2.6201406250000000e+03" Y="4.8979930877685547e+01" Options="0x00000000" Z="0.0000000000000000e+00" Weight="1.0000000000000000e+00" Yaw="1.5672040493284616e+00" Pitch="0.0000000000000000e+00" Roll="0.0000000000000000e+00" Time="0.0000000000000000e+00"/>
            <Waypoint X="2.6202160644531250e+03" Y="6.9980293273925781e+01" Options="0x00000000" Z="0.0000000000000000e+00" Weight="1.0000000000000000e+00" Yaw="1.5672040493284616e+00" Pitch="0.0000000000000000e+00" Roll="0.0000000000000000e+00" Time="0.0000000000000000e+00"/>
        </PathShape>
        <PathShape ShapeId="3" ShapeType="polyline" Closed="false" Name="PathShape03">
            <Waypoint X="5.3199960937500000e+03" Y="7.0083740234375000e+01" Options="0x00000000" Z="0.0000000000000000e+00" Weight="1.0000000000000000e+00" Yaw="4.7110162807575442e+00" Pitch="0.0000000000000000e+00" Roll="0.0000000000000000e+00" Time="0.0000000000000000e+00"/>
            <Waypoint X="5.3199663085937500e+03" Y="4.8385520935058594e+01" Options="0x00000000" Z="0.0000000000000000e+00" Weight="1.0000000000000000e+00" Yaw="4.7110162807575442e+00" Pitch="0.0000000000000000e+00" Roll="0.0000000000000000e+00" Time="0.0000000000000000e+00"/>
        </PathShape>
        <PathShape ShapeId="4" ShapeType="polyline" Closed="false" Name="PathShape04">
            <Waypoint X="8.0207924804687500e+03" Y="4.9460010528564453e+01" Options="0x00000000" Z="0.0000000000000000e+00" Weight="1.0000000000000000e+00" Yaw="1.5707722081204714e+00" Pitch="0.0000000000000000e+00" Roll="0.0000000000000000e+00" Time="0.0000000000000000e+00"/>
            <Waypoint X="8.0207929687500000e+03" Y="6.9704956054687500e+01" Options="0x00000000" Z="0.0000000000000000e+00" Weight="1.0000000000000000e+00" Yaw="1.5707722081204714e+00" Pitch="0.0000000000000000e+00" Roll="0.0000000000000000e+00" Time="0.0000000000000000e+00"/>
        </PathShape>
        <PathShape ShapeId="5" ShapeType="polyline" Closed="false" Name="PathShape05">
            <Waypoint X="9.6403261718750000e+03" Y="4.8400936126708984e+01" Options="0x00000000" Z="0.0000000000000000e+00" Weight="1.0000000000000000e+00" Yaw="1.5661648347313168e+00" Pitch="0.0000000000000000e+00" Roll="0.0000000000000000e+00" Time="0.0000000000000000e+00"/>
            <Waypoint X="9.6404267578125000e+03" Y="7.0118606567382812e+01" Options="0x00000000" Z="0.0000000000000000e+00" Weight="1.0000000000000000e+00" Yaw="1.5661648347313168e+00" Pitch="0.0000000000000000e+00" Roll="0.0000000000000000e+00" Time="0.0000000000000000e+00"/>
        </PathShape>
        <PathShape ShapeId="6" ShapeType="polyline" Closed="false" Name="PathShape06">
            <Waypoint X="1.0720401367187500e+04" Y="4.8921356201171875e+01" Options="0x00000000" Z="0.0000000000000000e+00" Weight="1.0000000000000000e+00" Yaw="1.5744487199954009e+00" Pitch="0.0000000000000000e+00" Roll="0.0000000000000000e+00" Time="0.0000000000000000e+00"/>
            <Waypoint X="1.0720363281250000e+04" Y="5.9348976135253906e+01" Options="0x00000000" Z="0.0000000000000000e+00" Weight="1.0000000000000000e+00" Yaw="1.5744487199954009e+00" Pitch="0.0000000000000000e+00" Roll="0.0000000000000000e+00" Time="0.0000000000000000e+00"/>
        </PathShape>
        <PathShape ShapeId="7" ShapeType="polyline" Closed="false" Name="PathShape07">
            <Waypoint X="1.3959987304687500e+04" Y="6.9891403198242188e+01" Options="0x00000000" Z="0.0000000000000000e+00" Weight="1.0000000000000000e+00" Yaw="4.7129187767256759e+00" Pitch="0.0000000000000000e+00" Roll="0.0000000000000000e+00" Time="0.0000000000000000e+00"/>
            <Waypoint X="1.3959999023437500e+04" Y="4.7772056579589844e+01" Options="0x00000000" Z="0.0000000000000000e+00" Weight="1.0000000000000000e+00" Yaw="4.7129187767256759e+00" Pitch="0.0000000000000000e+00" Roll="0.0000000000000000e+00" Time="0.0000000000000000e+00"/>
        </PathShape>
        <PathShape ShapeId="13" ShapeType="polyline" Closed="false" Name="PathShape13">
            <Waypoint X="1.0008938598632812e+03" Y="4.8719696044921875e+01" Options="0x00000000" Z="0.0000000000000000e+00" Weight="1.0000000000000000e+00" Yaw="1.5611590909436255e+00" Pitch="0.0000000000000000e+00" Roll="0.0000000000000000e+00" Time="0.0000000000000000e+00"/>
            <Waypoint X="1.0011002197265625e+03" Y="7.0131797790527344e+01" Options="0x00000000" Z="0.0000000000000000e+00" Weight="1.0000000000000000e+00" Yaw="1.5611590909436255e+00" Pitch="0.0000000000000000e+00" Roll="0.0000000000000000e+00" Time="0.0000000000000000e+00"/>
        </PathShape>
        <Character CharacterType="male_adult" Class="pedestrian" Appearance="" Name="New Character02">
            <StartPosAbs X="1.0008449707031250e+03" Y="4.8620185852050781e+01" Z="0.0000000000000000e+00" Direction="1.5798010117802821e+00"/>
        </Character>
        <Character CharacterType="male_adult" Class="pedestrian" Appearance="" Name="New Character03">
            <StartPosAbs X="2.6200742187500000e+03" Y="4.8384895324707031e+01" Z="0.0000000000000000e+00" Direction="1.5631144940105497e+00"/>
        </Character>
        <Character CharacterType="male_adult" Class="pedestrian" Appearance="" Name="New Character04">
            <StartPosAbs X="5.3199960937500000e+03" Y="7.0083740234375000e+01" Z="0.0000000000000000e+00" Direction="4.7123889803846897e+00"/>
        </Character>
        <Character CharacterType="male_adult" Class="pedestrian" Appearance="" Name="New Character05">
            <StartPosAbs X="8.0207924804687500e+03" Y="4.8780143737792969e+01" Z="0.0000000000000000e+00" Direction="1.5508258170071845e+00"/>
        </Character>
        <Character CharacterType="male_adult" Class="pedestrian" Appearance="" Name="New Character06">
            <StartPosAbs X="8.5602441406250000e+03" Y="4.8611118316650391e+01" Z="0.0000000000000000e+00" Direction="1.5777144756205521e+00"/>
        </Character>
        <Character CharacterType="male_adult" Class="pedestrian" Appearance="" Name="New Character07">
            <StartPosAbs X="9.6405722656250000e+03" Y="4.8212314605712891e+01" Z="0.0000000000000000e+00" Direction="1.5595638778339971e+00"/>
        </Character>
        <Character CharacterType="male_adult" Class="pedestrian" Appearance="" Name="New Character08">
            <StartPosAbs X="1.0720324218750000e+04" Y="4.8688770294189453e+01" Z="0.0000000000000000e+00" Direction="1.5498278267775736e+00"/>
        </Character>
        <Character CharacterType="male_adult" Class="pedestrian" Appearance="" Name="New Character09">
            <StartPosAbs X="1.3960070312500000e+04" Y="6.9974494934082031e+01" Z="0.0000000000000000e+00" Direction="4.6938919675410036e+00"/>
        </Character>
        <CharacterActions Character="New Character02">
            <Action Name="">
                <PosRelative CounterID="" CounterComp="COMP_EQ" NetDist="false" Distance="5.5000000000000000e+01" CounterVal="0" Pivot="New Player"/>
                <EditorPos Radius="5.5000000000000000e+01" X="5.8433277702331541e+00" Y="5.4299999999999997e+01"/>
                <Motion Move="jog" Rate="0.0000000000000000e+00" Speed="3.0305554866790771e+00" Force="true" ExecutionTimes="1" ActiveOnEnter="true" DelayTime="0.0000000000000000e+00"/>
                <CharacterPath Loop="false" PathShape="13" ExecutionTimes="1" ActiveOnEnter="true" DelayTime="0.0000000000000000e+00" Beam="true" ClampToGround="false"/>
            </Action>
        </CharacterActions>
        <CharacterActions Character="New Character03">
            <Action Name="">
                <PosRelative CounterID="" CounterComp="COMP_EQ" NetDist="false" Distance="5.5000000000000000e+01" CounterVal="0" Pivot="New Player"/>
                <EditorPos Radius="5.5000000000000000e+01" X="5.8433277702331541e+00" Y="5.4299999999999997e+01"/>
                <Motion Move="jog" Rate="0.0000000000000000e+00" Speed="3.0305554866790771e+00" Force="true" ExecutionTimes="1" ActiveOnEnter="true" DelayTime="0.0000000000000000e+00"/>
                <CharacterPath Loop="false" PathShape="2" ExecutionTimes="1" ActiveOnEnter="true" DelayTime="0.0000000000000000e+00" Beam="true" ClampToGround="false"/>
            </Action>
        </CharacterActions>
        <CharacterActions Character="New Character04">
            <Action Name="">
                <PosRelative CounterID="" CounterComp="COMP_EQ" NetDist="false" Distance="1.2000000000000000e+02" CounterVal="0" Pivot="New Player"/>
                <EditorPos Radius="1.2000000000000000e+02" X="5.8433277702331541e+00" Y="5.4299999999999997e+01"/>
                <Motion Move="jog" Rate="0.0000000000000000e+00" Speed="3.0305554866790771e+00" Force="true" ExecutionTimes="1" ActiveOnEnter="true" DelayTime="0.0000000000000000e+00"/>
                <CharacterPath Loop="false" PathShape="3" ExecutionTimes="1" ActiveOnEnter="true" DelayTime="0.0000000000000000e+00" Beam="true" ClampToGround="false"/>
            </Action>
        </CharacterActions>
        <CharacterActions Character="New Character05">
            <Action Name="">
                <PosRelative CounterID="" CounterComp="COMP_EQ" NetDist="false" Distance="5.5000000000000000e+01" CounterVal="0" Pivot="New Player"/>
                <EditorPos Radius="5.5000000000000000e+01" X="5.8433277702331541e+00" Y="5.4299999999999997e+01"/>
                <Motion Move="jog" Rate="0.0000000000000000e+00" Speed="3.0305554866790771e+00" Force="true" ExecutionTimes="1" ActiveOnEnter="true" DelayTime="0.0000000000000000e+00"/>
                <CharacterPath Loop="false" PathShape="4" ExecutionTimes="1" ActiveOnEnter="true" DelayTime="0.0000000000000000e+00" Beam="true" ClampToGround="false"/>
            </Action>
        </CharacterActions>
        <CharacterActions Character="New Character06"/>
        <CharacterActions Character="New Character07">
            <Action Name="">
                <PosRelative CounterID="" CounterComp="COMP_EQ" NetDist="false" Distance="5.5000000000000000e+01" CounterVal="0" Pivot="New Player"/>
                <EditorPos Radius="5.5000000000000000e+01" X="5.8433277702331541e+00" Y="5.4299999999999997e+01"/>
                <Motion Move="jog" Rate="0.0000000000000000e+00" Speed="3.0305554866790771e+00" Force="true" ExecutionTimes="1" ActiveOnEnter="true" DelayTime="0.0000000000000000e+00"/>
                <CharacterPath Loop="false" PathShape="5" ExecutionTimes="1" ActiveOnEnter="true" DelayTime="0.0000000000000000e+00" Beam="true" ClampToGround="false"/>
            </Action>
        </CharacterActions>
        <CharacterActions Character="New Character08">
            <Action Name="">
                <PosRelative CounterID="" CounterComp="COMP_EQ" NetDist="false" Distance="5.5000000000000000e+01" CounterVal="0" Pivot="New Player"/>
                <EditorPos Radius="5.5000000000000000e+01" X="5.8433277702331541e+00" Y="5.4299999999999997e+01"/>
                <Motion Move="jog" Rate="0.0000000000000000e+00" Speed="3.0305554866790771e+00" Force="false" ExecutionTimes="1" ActiveOnEnter="true" DelayTime="0.0000000000000000e+00"/>
                <CharacterPath Loop="false" PathShape="6" ExecutionTimes="1" ActiveOnEnter="true" DelayTime="0.0000000000000000e+00" Beam="true" ClampToGround="false"/>
            </Action>
        </CharacterActions>
        <CharacterActions Character="New Character09">
            <Action Name="">
                <PosRelative CounterID="" CounterComp="COMP_EQ" NetDist="false" Distance="1.2000000000000000e+02" CounterVal="0" Pivot="New Player"/>
                <EditorPos Radius="1.2000000000000000e+02" X="5.8433277702331541e+00" Y="5.4299999999999997e+01"/>
                <Motion Move="jog" Rate="0.0000000000000000e+00" Speed="3.0305554866790771e+00" Force="false" ExecutionTimes="1" ActiveOnEnter="true" DelayTime="0.0000000000000000e+00"/>
                <CharacterPath Loop="false" PathShape="7" ExecutionTimes="1" ActiveOnEnter="true" DelayTime="0.0000000000000000e+00" Beam="true" ClampToGround="false"/>
            </Action>
        </CharacterActions>
    </MovingObjectsControl>
    <LightSigns/>
    <Selections/>
</Scenario>
