<?xml version="1.0" encoding="UTF-8"?>
<!DOCTYPE Scenario>
<Scenario RevMajor="2021" RevMinor="0">
    <Layout Database="Projects/EEG_2022/20220513_30km.opt.osgb" File="Projects/EEG_2022/20220513_30km.xodr"/>
    <VehicleList ConfigFile="Distros/Current/Config/Players/Vehicles"/>
    <DriverList ConfigFile="Distros/Current/Config/Players/driverCfg.xml"/>
    <CharacterList ConfigFile="Distros/Current/Config/Players/Pedestrians"/>
    <ObjectList ConfigFile="Distros/Current/Config/Players/Objects"/>
    <DynObjects Path="Distros/Current/Config/DynObjects/Logic"/>
    <TrafficElements/>
    <PulkTraffic/>
    <TrafficControl>
        <Player>
            <Description Driver="HastyDriver" Control="external" AdaptDriverToVehicleType="true" Type="AlfaRomeo_Brera_10_BiancoSpino" Name="New Player"/>
            <Init>
                <Speed Value="1.6666666666666668e+01"/>
                <PosPathShape/>
                <PathShapeRef StartS="1.0000000000000000e-02" EndAction="continue" TargetS="1.5500000000000000e+04" UsedFor="steering" PathShapeId="1"/>
            </Init>
        </Player>
        <Player>
            <Description Driver="DefaultDriver" Control="internal" AdaptDriverToVehicleType="true" Type="AlfaRomeo_Brera_10_BiancoSpino" Name="New Player07"/>
            <Init>
                <Speed Value="0.0000000000000000e+00"/>
                <PosAbsolute X="1.4536374519348145e+04" Y="5.0818519592285156e+01" Z="0.0000000000000000e+00" Direction="0.0000000000000000e+00" AlignToRoad="true"/>
            </Init>
        </Player>
        <Player>
            <Description Driver="DefaultDriver" Control="internal" AdaptDriverToVehicleType="true" Type="AlfaRomeo_Brera_10_BiancoSpino" Name="New Player07 Copy 03"/>
            <Init>
                <Speed Value="0.0000000000000000e+00"/>
                <PosAbsolute X="1.5616242683410645e+04" Y="5.7408908843994141e+01" Z="0.0000000000000000e+00" Direction="0.0000000000000000e+00" AlignToRoad="true"/>
            </Init>
        </Player>
        <Player>
            <Description Driver="DefaultDriver" Control="internal" AdaptDriverToVehicleType="true" Type="AlfaRomeo_Brera_10_BiancoSpino" Name="New Player04 Copy 10"/>
            <Init>
                <Speed Value="0.0000000000000000e+00"/>
                <PosAbsolute X="1.6175538253784180e+04" Y="5.0657741546630859e+01" Z="0.0000000000000000e+00" Direction="0.0000000000000000e+00" AlignToRoad="true"/>
            </Init>
        </Player>
        <Player>
            <Description Driver="DefaultDriver" Control="internal" AdaptDriverToVehicleType="true" Type="AlfaRomeo_Brera_10_BiancoSpino" Name="New Player05 Copy 12"/>
            <Init>
                <Speed Value="0.0000000000000000e+00"/>
                <PosAbsolute X="1.7255785675048828e+04" Y="5.7659160614013672e+01" Z="0.0000000000000000e+00" Direction="6.3273731986697151e-03" AlignToRoad="true"/>
            </Init>
        </Player>
        <Player>
            <Description Driver="DefaultDriver" Control="internal" AdaptDriverToVehicleType="true" Type="AlfaRomeo_Brera_10_BiancoSpino" Name="New Player06 Copy 09"/>
            <Init>
                <Speed Value="0.0000000000000000e+00"/>
                <PosAbsolute X="1.7860606124877930e+04" Y="5.0731777191162109e+01" Z="0.0000000000000000e+00" Direction="0.0000000000000000e+00" AlignToRoad="true"/>
            </Init>
        </Player>
        <Player>
            <Description Driver="DefaultDriver" Control="internal" AdaptDriverToVehicleType="true" Type="AlfaRomeo_Brera_10_BiancoSpino" Name="New Player03 Copy 02"/>
            <Init>
                <Speed Value="0.0000000000000000e+00"/>
                <PosAbsolute X="1.8903872772216797e+04" Y="5.4354976654052734e+01" Z="0.0000000000000000e+00" Direction="6.2216412950412197e-03" AlignToRoad="true"/>
            </Init>
        </Player>
        <Player>
            <Description Driver="DefaultDriver" Control="internal" AdaptDriverToVehicleType="true" Type="AlfaRomeo_Brera_10_BiancoSpino" Name="New Player01 Copy "/>
            <Init>
                <Speed Value="0.0000000000000000e+00"/>
                <PosAbsolute X="1.9992059143066406e+04" Y="5.4109107971191406e+01" Z="0.0000000000000000e+00" Direction="0.0000000000000000e+00" AlignToRoad="true"/>
            </Init>
        </Player>
        <Player>
            <Description Driver="DefaultDriver" Control="internal" AdaptDriverToVehicleType="true" Type="AlfaRomeo_Brera_10_BiancoSpino" Name="New Player01 Copy 01"/>
            <Init>
                <Speed Value="0.0000000000000000e+00"/>
                <PosAbsolute X="2.1072731018066406e+04" Y="5.4348220825195312e+01" Z="0.0000000000000000e+00" Direction="0.0000000000000000e+00" AlignToRoad="true"/>
            </Init>
        </Player>
        <Player>
            <Description Driver="DefaultDriver" Control="internal" AdaptDriverToVehicleType="true" Type="AlfaRomeo_Brera_10_BiancoSpino" Name="New Player07 Copy 04"/>
            <Init>
                <Speed Value="0.0000000000000000e+00"/>
                <PosAbsolute X="2.1556120613098145e+04" Y="5.7550968170166016e+01" Z="0.0000000000000000e+00" Direction="0.0000000000000000e+00" AlignToRoad="true"/>
            </Init>
        </Player>
        <Player>
            <Description Driver="DefaultDriver" Control="internal" AdaptDriverToVehicleType="true" Type="AlfaRomeo_Brera_10_BiancoSpino" Name="New Player06 Copy 10"/>
            <Init>
                <Speed Value="0.0000000000000000e+00"/>
                <PosAbsolute X="2.2179777999877930e+04" Y="5.0918552398681641e+01" Z="0.0000000000000000e+00" Direction="0.0000000000000000e+00" AlignToRoad="true"/>
            </Init>
        </Player>
        <Player>
            <Description Driver="DefaultDriver" Control="internal" AdaptDriverToVehicleType="true" Type="AlfaRomeo_Brera_10_BiancoSpino" Name="New Player07 Copy 05"/>
            <Init>
                <Speed Value="0.0000000000000000e+00"/>
                <PosAbsolute X="2.5876423347473145e+04" Y="5.7521568298339844e+01" Z="0.0000000000000000e+00" Direction="0.0000000000000000e+00" AlignToRoad="true"/>
            </Init>
        </Player>
        <Player>
            <Description Driver="DefaultDriver" Control="internal" AdaptDriverToVehicleType="true" Type="AlfaRomeo_Brera_10_BiancoSpino" Name="New Player04 Copy 11"/>
            <Init>
                <Speed Value="0.0000000000000000e+00"/>
                <PosAbsolute X="2.6436215988159180e+04" Y="5.0630123138427734e+01" Z="0.0000000000000000e+00" Direction="0.0000000000000000e+00" AlignToRoad="true"/>
            </Init>
        </Player>
        <Player>
            <Description Driver="DefaultDriver" Control="internal" AdaptDriverToVehicleType="true" Type="AlfaRomeo_Brera_10_BiancoSpino" Name="New Player05 Copy 16"/>
            <Init>
                <Speed Value="0.0000000000000000e+00"/>
                <PosAbsolute X="2.7514851715087891e+04" Y="5.7535331726074219e+01" Z="0.0000000000000000e+00" Direction="6.2826807663545887e+00" AlignToRoad="true"/>
            </Init>
        </Player>
        <Player>
            <Description Driver="DefaultDriver" Control="internal" AdaptDriverToVehicleType="true" Type="AlfaRomeo_Brera_10_BiancoSpino" Name="New Player04 Copy 12"/>
            <Init>
                <Speed Value="0.0000000000000000e+00"/>
                <PosAbsolute X="2.3206492355346680e+04" Y="5.7741744995117188e+01" Z="0.0000000000000000e+00" Direction="0.0000000000000000e+00" AlignToRoad="true"/>
            </Init>
        </Player>
        <Player>
            <Description Driver="DefaultDriver" Control="internal" AdaptDriverToVehicleType="true" Type="AlfaRomeo_Brera_10_BiancoSpino" Name="New Player04 Copy 13"/>
            <Init>
                <Speed Value="0.0000000000000000e+00"/>
                <PosAbsolute X="2.3735090011596680e+04" Y="5.7693946838378906e+01" Z="0.0000000000000000e+00" Direction="0.0000000000000000e+00" AlignToRoad="true"/>
            </Init>
        </Player>
        <Player>
            <Description Driver="DefaultDriver" Control="internal" AdaptDriverToVehicleType="true" Type="AlfaRomeo_Brera_10_BiancoSpino" Name="New Player04 Copy 14"/>
            <Init>
                <Speed Value="0.0000000000000000e+00"/>
                <PosAbsolute X="2.4815552902221680e+04" Y="5.7509008407592773e+01" Z="0.0000000000000000e+00" Direction="0.0000000000000000e+00" AlignToRoad="true"/>
            </Init>
        </Player>
        <PlayerActions Player="New Player">
            <Action Name="">
                <PosAbsolute CounterID="" CounterComp="COMP_EQ" Radius="5.0000000000000000e+00" X="1.3502505850791931e+04" Y="5.4227550506591797e+01" NetDist="false" CounterVal="0" Pivot="New Player"/>
                <Autonomous Force="true" ExecutionTimes="1" ActiveOnEnter="true" DelayTime="0.0000000000000000e+00"/>
            </Action>
        </PlayerActions>
        <PlayerActions Player="New Player07">
            <Action Name="">
                <PosAbsolute CounterID="" CounterComp="COMP_EQ" Radius="5.0000000000000000e+00" X="1.4500477027893066e+04" Y="5.4189762115478516e+01" NetDist="false" CounterVal="0" Pivot="New Player"/>
                <SpeedChange Rate="1.0000000000000000e+01" Target="1.1111111111111111e+01" Force="true" ExecutionTimes="1" ActiveOnEnter="true" DelayTime="0.0000000000000000e+00"/>
            </Action>
            <Action Name="">
                <PosRelative CounterID="" CounterComp="COMP_EQ" NetDist="false" Distance="1.0000000000000000e+01" CounterVal="0" Pivot="New Player"/>
                <EditorPos Radius="1.0000000000000000e+01" X="1.3500010000000000e+04" Y="5.4299999999999997e+01"/>
                <SpeedChange Rate="4.0000000000000000e+00" Target="0.0000000000000000e+00" Force="true" ExecutionTimes="1" ActiveOnEnter="false" DelayTime="0.0000000000000000e+00"/>
            </Action>
        </PlayerActions>
        <PlayerActions Player="New Player07 Copy 03">
            <Action Name="">
                <PosAbsolute CounterID="" CounterComp="COMP_EQ" Radius="5.0000000000000000e+00" X="1.5579902809143066e+04" Y="5.4365390777587891e+01" NetDist="false" CounterVal="0" Pivot="New Player"/>
                <SpeedChange Rate="1.0000000000000000e+01" Target="1.1111111111111111e+01" Force="true" ExecutionTimes="1" ActiveOnEnter="true" DelayTime="0.0000000000000000e+00"/>
            </Action>
            <Action Name="">
                <PosRelative CounterID="" CounterComp="COMP_EQ" NetDist="false" Distance="1.0000000000000000e+01" CounterVal="0" Pivot="New Player"/>
                <EditorPos Radius="1.0000000000000000e+01" X="1.3500010000000000e+04" Y="5.4299999999999997e+01"/>
                <SpeedChange Rate="4.0000000000000000e+00" Target="0.0000000000000000e+00" Force="true" ExecutionTimes="1" ActiveOnEnter="false" DelayTime="0.0000000000000000e+00"/>
            </Action>
        </PlayerActions>
        <PlayerActions Player="New Player04 Copy 10">
            <Action Name="">
                <PosAbsolute CounterID="" CounterComp="COMP_EQ" Radius="5.0000000000000000e+00" X="1.6121730209350586e+04" Y="5.4193809509277344e+01" NetDist="false" CounterVal="0" Pivot="New Player"/>
                <SpeedChange Rate="4.0000000000000000e+00" Target="1.1111111111111111e+01" Force="true" ExecutionTimes="1" ActiveOnEnter="true" DelayTime="0.0000000000000000e+00"/>
            </Action>
            <Action Name="">
                <PosRelative CounterID="" CounterComp="COMP_EQ" NetDist="true" Distance="3.5000000000000000e+01" CounterVal="0" Pivot="New Player"/>
                <EditorPos Radius="3.5000000000000000e+01" X="1.3500010000000000e+04" Y="5.4299999999999997e+01"/>
                <LaneChange Direction="2" Force="true" ExecutionTimes="1" ActiveOnEnter="true" DelayTime="0.0000000000000000e+00" Time="3.0000000000000000e+00"/>
                <SpeedChange Rate="4.0000000000000000e+00" Target="0.0000000000000000e+00" Force="true" ExecutionTimes="1" ActiveOnEnter="true" DelayTime="5.0000000000000000e+00"/>
            </Action>
        </PlayerActions>
        <PlayerActions Player="New Player05 Copy 12">
            <Action Name="">
                <PosAbsolute CounterID="" CounterComp="COMP_EQ" Radius="5.0000000000000000e+00" X="1.7200656463623047e+04" Y="5.4409206390380859e+01" NetDist="false" CounterVal="0" Pivot="New Player"/>
                <SpeedChange Rate="4.0000000000000000e+00" Target="1.1111111111111111e+01" Force="true" ExecutionTimes="1" ActiveOnEnter="true" DelayTime="0.0000000000000000e+00"/>
            </Action>
            <Action Name="">
                <PosRelative CounterID="" CounterComp="COMP_EQ" NetDist="false" Distance="3.5000000000000000e+01" CounterVal="0" Pivot="New Player"/>
                <EditorPos Radius="3.5000000000000000e+01" X="1.3500010000000000e+04" Y="5.4299999999999997e+01"/>
                <LaneChange Direction="-2" Force="true" ExecutionTimes="1" ActiveOnEnter="true" DelayTime="0.0000000000000000e+00" Time="3.0000000000000000e+00"/>
                <SpeedChange Rate="4.0000000000000000e+00" Target="0.0000000000000000e+00" Force="true" ExecutionTimes="1" ActiveOnEnter="true" DelayTime="5.0000000000000000e+00"/>
            </Action>
        </PlayerActions>
        <PlayerActions Player="New Player06 Copy 09">
            <Action Name="">
                <PosAbsolute CounterID="" CounterComp="COMP_EQ" Radius="5.0000000000000000e+00" X="1.7740381149291992e+04" Y="5.4424522399902344e+01" NetDist="false" CounterVal="0" Pivot="New Player"/>
                <SpeedChange Rate="4.0000000000000000e+00" Target="1.1111111111111111e+01" Force="true" ExecutionTimes="1" ActiveOnEnter="true" DelayTime="0.0000000000000000e+00"/>
            </Action>
            <Action Name="">
                <PosRelative CounterID="" CounterComp="COMP_EQ" NetDist="false" Distance="6.0000000000000000e+01" CounterVal="0" Pivot="New Player"/>
                <EditorPos Radius="6.0000000000000000e+01" X="1.3500010000000000e+04" Y="5.4299999999999997e+01"/>
                <LaneChange Direction="2" Force="true" ExecutionTimes="1" ActiveOnEnter="true" DelayTime="0.0000000000000000e+00" Time="3.0000000000000000e+00"/>
                <SpeedChange Rate="4.0000000000000000e+00" Target="0.0000000000000000e+00" Force="true" ExecutionTimes="1" ActiveOnEnter="true" DelayTime="5.0000000000000000e+00"/>
            </Action>
        </PlayerActions>
        <PlayerActions Player="New Player03 Copy 02">
            <Action Name="">
                <PosAbsolute CounterID="" CounterComp="COMP_EQ" Radius="5.0000000000000000e+00" X="1.8820487426757812e+04" Y="5.4388736724853516e+01" NetDist="false" CounterVal="0" Pivot="New Player"/>
                <SpeedChange Rate="1.0010000000000000e+01" Target="1.5277777777777777e+01" Force="true" ExecutionTimes="1" ActiveOnEnter="true" DelayTime="0.0000000000000000e+00"/>
            </Action>
            <Action Name="">
                <PosRelative CounterID="" CounterComp="COMP_EQ" NetDist="true" Distance="4.0000000000000000e+01" CounterVal="0" Pivot="New Player"/>
                <EditorPos Radius="4.0000000000000000e+01" X="1.3500010000000000e+04" Y="5.4299999999999997e+01"/>
                <SpeedChange Rate="1.0000000000000000e+01" Target="2.7777777777777777e+00" Force="true" ExecutionTimes="1" ActiveOnEnter="true" DelayTime="0.0000000000000000e+00"/>
            </Action>
            <Action Name="">
                <PosRelative CounterID="" CounterComp="COMP_EQ" NetDist="false" Distance="1.8000000000000000e+01" CounterVal="0" Pivot="New Player"/>
                <EditorPos Radius="1.8000000000000000e+01" X="1.3500010000000000e+04" Y="5.4299999999999997e+01"/>
                <LaneChange Direction="1" Force="true" ExecutionTimes="1" ActiveOnEnter="true" DelayTime="0.0000000000000000e+00" Time="3.0000000000000000e+00"/>
                <SpeedChange Rate="1.0000000000000000e+00" Target="0.0000000000000000e+00" Force="true" ExecutionTimes="1" ActiveOnEnter="true" DelayTime="8.0000000000000000e+00"/>
            </Action>
        </PlayerActions>
        <PlayerActions Player="New Player01 Copy ">
            <Action Name="">
                <PosAbsolute CounterID="" CounterComp="COMP_EQ" Radius="5.0000000000000000e+00" X="1.9899806442260742e+04" Y="5.4256317138671875e+01" NetDist="false" CounterVal="0" Pivot="New Player"/>
                <SpeedChange Rate="4.0000000000000000e+00" Target="1.1111111111111111e+01" Force="true" ExecutionTimes="1" ActiveOnEnter="true" DelayTime="0.0000000000000000e+00"/>
            </Action>
            <Action Name="">
                <PosRelative CounterID="" CounterComp="COMP_EQ" NetDist="false" Distance="2.5000000000000000e+01" CounterVal="0" Pivot="New Player"/>
                <EditorPos Radius="2.5000000000000000e+01" X="1.3500010000000000e+04" Y="5.4299999999999997e+01"/>
                <LaneChange Direction="1" Force="true" ExecutionTimes="1" ActiveOnEnter="true" DelayTime="0.0000000000000000e+00" Time="3.0000000000000000e+00"/>
                <SpeedChange Rate="1.0000000000000000e+00" Target="0.0000000000000000e+00" Force="true" ExecutionTimes="1" ActiveOnEnter="true" DelayTime="0.0000000000000000e+00"/>
            </Action>
        </PlayerActions>
        <PlayerActions Player="New Player01 Copy 01">
            <Action Name="">
                <PosAbsolute CounterID="" CounterComp="COMP_EQ" Radius="5.0000000000000000e+00" X="2.0980478317260742e+04" Y="5.4495429992675781e+01" NetDist="false" CounterVal="0" Pivot="New Player"/>
                <SpeedChange Rate="4.0000000000000000e+00" Target="1.1111111111111111e+01" Force="true" ExecutionTimes="1" ActiveOnEnter="true" DelayTime="0.0000000000000000e+00"/>
            </Action>
            <Action Name="">
                <PosRelative CounterID="" CounterComp="COMP_EQ" NetDist="false" Distance="2.5000000000000000e+01" CounterVal="0" Pivot="New Player"/>
                <EditorPos Radius="2.5000000000000000e+01" X="1.3500010000000000e+04" Y="5.4299999999999997e+01"/>
                <LaneChange Direction="1" Force="true" ExecutionTimes="1" ActiveOnEnter="true" DelayTime="0.0000000000000000e+00" Time="3.0000000000000000e+00"/>
                <SpeedChange Rate="1.0000000000000000e+00" Target="0.0000000000000000e+00" Force="true" ExecutionTimes="1" ActiveOnEnter="true" DelayTime="0.0000000000000000e+00"/>
            </Action>
        </PlayerActions>
        <PlayerActions Player="New Player07 Copy 04">
            <Action Name="">
                <PosAbsolute CounterID="" CounterComp="COMP_EQ" Radius="5.0000000000000000e+00" X="2.1520061012268066e+04" Y="5.4607002258300781e+01" NetDist="false" CounterVal="0" Pivot="New Player"/>
                <SpeedChange Rate="1.0000000000000000e+01" Target="1.1111111111111111e+01" Force="true" ExecutionTimes="1" ActiveOnEnter="true" DelayTime="0.0000000000000000e+00"/>
            </Action>
            <Action Name="">
                <PosRelative CounterID="" CounterComp="COMP_EQ" NetDist="false" Distance="1.0000000000000000e+01" CounterVal="0" Pivot="New Player"/>
                <EditorPos Radius="1.0000000000000000e+01" X="1.3500010000000000e+04" Y="5.4299999999999997e+01"/>
                <SpeedChange Rate="4.0000000000000000e+00" Target="0.0000000000000000e+00" Force="true" ExecutionTimes="1" ActiveOnEnter="false" DelayTime="0.0000000000000000e+00"/>
            </Action>
        </PlayerActions>
        <PlayerActions Player="New Player06 Copy 10">
            <Action Name="">
                <PosAbsolute CounterID="" CounterComp="COMP_EQ" Radius="5.0000000000000000e+00" X="2.2059353805541992e+04" Y="5.4428489685058594e+01" NetDist="false" CounterVal="0" Pivot="New Player"/>
                <SpeedChange Rate="4.0000000000000000e+00" Target="1.1111111111111111e+01" Force="true" ExecutionTimes="1" ActiveOnEnter="true" DelayTime="0.0000000000000000e+00"/>
            </Action>
            <Action Name="">
                <PosRelative CounterID="" CounterComp="COMP_EQ" NetDist="false" Distance="6.0000000000000000e+01" CounterVal="0" Pivot="New Player"/>
                <EditorPos Radius="6.0000000000000000e+01" X="1.3500010000000000e+04" Y="5.4299999999999997e+01"/>
                <LaneChange Direction="2" Force="true" ExecutionTimes="1" ActiveOnEnter="true" DelayTime="0.0000000000000000e+00" Time="3.0000000000000000e+00"/>
                <SpeedChange Rate="4.0000000000000000e+00" Target="0.0000000000000000e+00" Force="true" ExecutionTimes="1" ActiveOnEnter="true" DelayTime="5.0000000000000000e+00"/>
            </Action>
        </PlayerActions>
        <PlayerActions Player="New Player07 Copy 05">
            <Action Name="">
                <PosAbsolute CounterID="" CounterComp="COMP_EQ" Radius="5.0000000000000000e+00" X="2.5840709449768066e+04" Y="5.4311695098876953e+01" NetDist="false" CounterVal="0" Pivot="New Player"/>
                <SpeedChange Rate="1.0000000000000000e+01" Target="1.1111111111111111e+01" Force="true" ExecutionTimes="1" ActiveOnEnter="true" DelayTime="0.0000000000000000e+00"/>
            </Action>
            <Action Name="">
                <PosRelative CounterID="" CounterComp="COMP_EQ" NetDist="false" Distance="1.0000000000000000e+01" CounterVal="0" Pivot="New Player"/>
                <EditorPos Radius="1.0000000000000000e+01" X="1.3500010000000000e+04" Y="5.4299999999999997e+01"/>
                <SpeedChange Rate="4.0000000000000000e+00" Target="0.0000000000000000e+00" Force="true" ExecutionTimes="1" ActiveOnEnter="false" DelayTime="0.0000000000000000e+00"/>
            </Action>
        </PlayerActions>
        <PlayerActions Player="New Player04 Copy 11">
            <Action Name="">
                <PosAbsolute CounterID="" CounterComp="COMP_EQ" Radius="5.0000000000000000e+00" X="2.6379593490600586e+04" Y="5.4043128967285156e+01" NetDist="false" CounterVal="0" Pivot="New Player"/>
                <SpeedChange Rate="4.0000000000000000e+00" Target="1.1111111111111111e+01" Force="true" ExecutionTimes="1" ActiveOnEnter="true" DelayTime="0.0000000000000000e+00"/>
            </Action>
            <Action Name="">
                <PosRelative CounterID="" CounterComp="COMP_EQ" NetDist="true" Distance="3.5000000000000000e+01" CounterVal="0" Pivot="New Player"/>
                <EditorPos Radius="3.5000000000000000e+01" X="1.3500010000000000e+04" Y="5.4299999999999997e+01"/>
                <LaneChange Direction="2" Force="true" ExecutionTimes="1" ActiveOnEnter="true" DelayTime="0.0000000000000000e+00" Time="3.0000000000000000e+00"/>
                <SpeedChange Rate="4.0000000000000000e+00" Target="0.0000000000000000e+00" Force="true" ExecutionTimes="1" ActiveOnEnter="true" DelayTime="5.0000000000000000e+00"/>
            </Action>
        </PlayerActions>
        <PlayerActions Player="New Player05 Copy 16">
            <Action Name="">
                <PosAbsolute CounterID="" CounterComp="COMP_EQ" Radius="5.0000000000000000e+00" X="2.7459875640869141e+04" Y="5.4521724700927734e+01" NetDist="false" CounterVal="0" Pivot="New Player"/>
                <SpeedChange Rate="4.0000000000000000e+00" Target="1.1111111111111111e+01" Force="true" ExecutionTimes="1" ActiveOnEnter="true" DelayTime="0.0000000000000000e+00"/>
            </Action>
            <Action Name="">
                <PosRelative CounterID="" CounterComp="COMP_EQ" NetDist="false" Distance="3.5000000000000000e+01" CounterVal="0" Pivot="New Player"/>
                <EditorPos Radius="3.5000000000000000e+01" X="1.3500010000000000e+04" Y="5.4299999999999997e+01"/>
                <LaneChange Direction="-2" Force="true" ExecutionTimes="1" ActiveOnEnter="true" DelayTime="0.0000000000000000e+00" Time="3.0000000000000000e+00"/>
                <SpeedChange Rate="4.0000000000000000e+00" Target="0.0000000000000000e+00" Force="true" ExecutionTimes="1" ActiveOnEnter="true" DelayTime="5.0000000000000000e+00"/>
            </Action>
        </PlayerActions>
        <PlayerActions Player="New Player04 Copy 12">
            <Action Name="">
                <PosAbsolute CounterID="" CounterComp="COMP_EQ" Radius="5.0000000000000000e+00" X="2.3148844467163086e+04" Y="5.4343135833740234e+01" NetDist="false" CounterVal="0" Pivot="New Player"/>
                <SpeedChange Rate="4.0000000000000000e+00" Target="1.1111111111111111e+01" Force="true" ExecutionTimes="1" ActiveOnEnter="true" DelayTime="0.0000000000000000e+00"/>
            </Action>
            <Action Name="">
                <PosRelative CounterID="" CounterComp="COMP_EQ" NetDist="true" Distance="3.5000000000000000e+01" CounterVal="0" Pivot="New Player"/>
                <EditorPos Radius="3.5000000000000000e+01" X="1.3500010000000000e+04" Y="5.4299999999999997e+01"/>
                <LaneChange Direction="-2" Force="true" ExecutionTimes="1" ActiveOnEnter="true" DelayTime="0.0000000000000000e+00" Time="3.0000000000000000e+00"/>
                <SpeedChange Rate="4.0000000000000000e+00" Target="0.0000000000000000e+00" Force="true" ExecutionTimes="1" ActiveOnEnter="true" DelayTime="5.0000000000000000e+00"/>
            </Action>
        </PlayerActions>
        <PlayerActions Player="New Player04 Copy 13">
            <Action Name="">
                <PosAbsolute CounterID="" CounterComp="COMP_EQ" Radius="5.0000000000000000e+00" X="2.3680311264038086e+04" Y="5.4230148315429688e+01" NetDist="false" CounterVal="0" Pivot="New Player"/>
                <SpeedChange Rate="4.0000000000000000e+00" Target="1.1111111111111111e+01" Force="true" ExecutionTimes="1" ActiveOnEnter="true" DelayTime="0.0000000000000000e+00"/>
            </Action>
            <Action Name="">
                <PosRelative CounterID="" CounterComp="COMP_EQ" NetDist="true" Distance="3.5000000000000000e+01" CounterVal="0" Pivot="New Player"/>
                <EditorPos Radius="3.5000000000000000e+01" X="1.3500010000000000e+04" Y="5.4299999999999997e+01"/>
                <LaneChange Direction="-2" Force="true" ExecutionTimes="1" ActiveOnEnter="true" DelayTime="0.0000000000000000e+00" Time="3.0000000000000000e+00"/>
                <SpeedChange Rate="4.0000000000000000e+00" Target="0.0000000000000000e+00" Force="true" ExecutionTimes="1" ActiveOnEnter="true" DelayTime="5.0000000000000000e+00"/>
            </Action>
        </PlayerActions>
        <PlayerActions Player="New Player04 Copy 14">
            <Action Name="">
                <PosAbsolute CounterID="" CounterComp="COMP_EQ" Radius="5.0000000000000000e+00" X="2.4760822982788086e+04" Y="5.3983602523803711e+01" NetDist="false" CounterVal="0" Pivot="New Player"/>
                <SpeedChange Rate="4.0000000000000000e+00" Target="1.1111111111111111e+01" Force="true" ExecutionTimes="1" ActiveOnEnter="true" DelayTime="0.0000000000000000e+00"/>
            </Action>
            <Action Name="">
                <PosRelative CounterID="" CounterComp="COMP_EQ" NetDist="true" Distance="3.5000000000000000e+01" CounterVal="0" Pivot="New Player"/>
                <EditorPos Radius="3.5000000000000000e+01" X="1.3500010000000000e+04" Y="5.4299999999999997e+01"/>
                <LaneChange Direction="-2" Force="true" ExecutionTimes="1" ActiveOnEnter="true" DelayTime="0.0000000000000000e+00" Time="3.0000000000000000e+00"/>
                <SpeedChange Rate="4.0000000000000000e+00" Target="0.0000000000000000e+00" Force="true" ExecutionTimes="1" ActiveOnEnter="true" DelayTime="5.0000000000000000e+00"/>
            </Action>
        </PlayerActions>
    </TrafficControl>
    <MovingObjectsControl>
        <PathShape ShapeId="1" ShapeType="polyline" Closed="false" Name="PathShape01">
            <Waypoint X="1.3500000000000000e+04" Y="5.4299999999999997e+01" Options="0x00000000" Z="0.0000000000000000e+00" Weight="1.0000000000000000e+00" Yaw="0.0000000000000000e+00" Pitch="0.0000000000000000e+00" Roll="0.0000000000000000e+00" Time="0.0000000000000000e+00"/>
            <Waypoint X="2.9000000000000000e+04" Y="5.4299999999999997e+01" Options="0x00000000" Z="0.0000000000000000e+00" Weight="1.0000000000000000e+00" Yaw="0.0000000000000000e+00" Pitch="0.0000000000000000e+00" Roll="0.0000000000000000e+00" Time="0.0000000000000000e+00"/>
        </PathShape>
        <PathShape ShapeId="7" ShapeType="polyline" Closed="false" Name="PathShape07">
            <Waypoint X="1.3959987304687500e+04" Y="6.9891403198242188e+01" Options="0x00000000" Z="0.0000000000000000e+00" Weight="1.0000000000000000e+00" Yaw="4.7129187767256759e+00" Pitch="0.0000000000000000e+00" Roll="0.0000000000000000e+00" Time="0.0000000000000000e+00"/>
            <Waypoint X="1.3959999023437500e+04" Y="4.7772056579589844e+01" Options="0x00000000" Z="0.0000000000000000e+00" Weight="1.0000000000000000e+00" Yaw="4.7129187767256759e+00" Pitch="0.0000000000000000e+00" Roll="0.0000000000000000e+00" Time="0.0000000000000000e+00"/>
        </PathShape>
        <PathShape ShapeId="8" ShapeType="polyline" Closed="false" Name="PathShape08">
            <Waypoint X="1.5040294921875000e+04" Y="4.8523391723632812e+01" Options="0x00000000" Z="0.0000000000000000e+00" Weight="1.0000000000000000e+00" Yaw="1.5654879380702806e+00" Pitch="0.0000000000000000e+00" Roll="0.0000000000000000e+00" Time="0.0000000000000000e+00"/>
            <Waypoint X="1.5040408203125000e+04" Y="6.9863235473632812e+01" Options="0x00000000" Z="0.0000000000000000e+00" Weight="1.0000000000000000e+00" Yaw="1.5654879380702806e+00" Pitch="0.0000000000000000e+00" Roll="0.0000000000000000e+00" Time="0.0000000000000000e+00"/>
        </PathShape>
        <PathShape ShapeId="9" ShapeType="polyline" Closed="false" Name="PathShape09">
            <Waypoint X="1.6660625000000000e+04" Y="7.0235977172851562e+01" Options="0x00000000" Z="0.0000000000000000e+00" Weight="1.0000000000000000e+00" Yaw="4.7189450335620018e+00" Pitch="0.0000000000000000e+00" Roll="0.0000000000000000e+00" Time="0.0000000000000000e+00"/>
            <Waypoint X="1.6660763671875000e+04" Y="4.9084548950195312e+01" Options="0x00000000" Z="0.0000000000000000e+00" Weight="1.0000000000000000e+00" Yaw="4.7189450335620018e+00" Pitch="0.0000000000000000e+00" Roll="0.0000000000000000e+00" Time="0.0000000000000000e+00"/>
        </PathShape>
        <PathShape ShapeId="10" ShapeType="polyline" Closed="false" Name="PathShape10">
            <Waypoint X="1.8280759765625000e+04" Y="4.8642635345458984e+01" Options="0x00000000" Z="0.0000000000000000e+00" Weight="1.0000000000000000e+00" Yaw="1.5676160614751957e+00" Pitch="0.0000000000000000e+00" Roll="0.0000000000000000e+00" Time="0.0000000000000000e+00"/>
            <Waypoint X="1.8280828125000000e+04" Y="7.0137428283691406e+01" Options="0x00000000" Z="0.0000000000000000e+00" Weight="1.0000000000000000e+00" Yaw="1.5676160614751957e+00" Pitch="0.0000000000000000e+00" Roll="0.0000000000000000e+00" Time="0.0000000000000000e+00"/>
        </PathShape>
        <PathShape ShapeId="11" ShapeType="polyline" Closed="false" Name="PathShape11">
            <Waypoint X="2.4220923828125000e+04" Y="7.0395889282226562e+01" Options="0x00000000" Z="0.0000000000000000e+00" Weight="1.0000000000000000e+00" Yaw="4.7147794361135578e+00" Pitch="0.0000000000000000e+00" Roll="0.0000000000000000e+00" Time="0.0000000000000000e+00"/>
            <Waypoint X="2.4220974609375000e+04" Y="4.9152595520019531e+01" Options="0x00000000" Z="0.0000000000000000e+00" Weight="1.0000000000000000e+00" Yaw="4.7147794361135578e+00" Pitch="0.0000000000000000e+00" Roll="0.0000000000000000e+00" Time="0.0000000000000000e+00"/>
        </PathShape>
        <PathShape ShapeId="12" ShapeType="polyline" Closed="false" Name="PathShape12">
            <Waypoint X="2.5300261718750000e+04" Y="7.0138473510742188e+01" Options="0x00000000" Z="0.0000000000000000e+00" Weight="1.0000000000000000e+00" Yaw="4.7272654843137261e+00" Pitch="0.0000000000000000e+00" Roll="0.0000000000000000e+00" Time="0.0000000000000000e+00"/>
            <Waypoint X="2.5300601562500000e+04" Y="4.7295829772949219e+01" Options="0x00000000" Z="0.0000000000000000e+00" Weight="1.0000000000000000e+00" Yaw="4.7272654843137261e+00" Pitch="0.0000000000000000e+00" Roll="0.0000000000000000e+00" Time="0.0000000000000000e+00"/>
        </PathShape>
        <Character CharacterType="male_adult" Class="pedestrian" Appearance="" Name="New Character10">
            <StartPosAbs X="1.5040343750000000e+04" Y="4.8411861419677734e+01" Z="0.0000000000000000e+00" Direction="1.5827210017369746e+00"/>
        </Character>
        <Character CharacterType="male_adult" Class="pedestrian" Appearance="" Name="New Character11">
            <StartPosAbs X="1.6660695312500000e+04" Y="7.0167304992675781e+01" Z="0.0000000000000000e+00" Direction="4.7246775696366266e+00"/>
        </Character>
        <Character CharacterType="male_adult" Class="pedestrian" Appearance="" Name="New Character12">
            <StartPosAbs X="1.8280691406250000e+04" Y="4.8436614990234375e+01" Z="0.0000000000000000e+00" Direction="1.5707963267948966e+00"/>
        </Character>
        <Character CharacterType="male_adult" Class="pedestrian" Appearance="" Name="New Character13">
            <StartPosAbs X="1.9360511718750000e+04" Y="7.0571273803710938e+01" Z="0.0000000000000000e+00" Direction="4.7123889803846897e+00"/>
        </Character>
        <Character CharacterType="male_adult" Class="pedestrian" Appearance="" Name="New Character14">
            <StartPosAbs X="2.0440257812500000e+04" Y="7.0355300903320312e+01" Z="0.0000000000000000e+00" Direction="4.7331240127323833e+00"/>
        </Character>
        <Character CharacterType="male_adult" Class="pedestrian" Appearance="" Name="New Character15">
            <StartPosAbs X="2.2600472656250000e+04" Y="7.0648506164550781e+01" Z="0.0000000000000000e+00" Direction="4.7123889803846897e+00"/>
        </Character>
        <Character CharacterType="male_adult" Class="pedestrian" Appearance="" Name="New Character16">
            <StartPosAbs X="2.4220978515625000e+04" Y="7.0338470458984375e+01" Z="0.0000000000000000e+00" Direction="4.7187947745285408e+00"/>
        </Character>
        <Character CharacterType="male_adult" Class="pedestrian" Appearance="" Name="New Character17">
            <StartPosAbs X="2.5300355468750000e+04" Y="7.0279190063476562e+01" Z="0.0000000000000000e+00" Direction="4.7123889803846897e+00"/>
        </Character>
        <Character CharacterType="male_adult" Class="pedestrian" Appearance="" Name="New Character18">
            <StartPosAbs X="2.6920011718750000e+04" Y="4.8536186218261719e+01" Z="0.0000000000000000e+00" Direction="1.5605578731541714e+00"/>
        </Character>
        <CharacterActions Character="New Character10">
            <Action Name="">
                <PosRelative CounterID="" CounterComp="COMP_EQ" NetDist="false" Distance="5.5000000000000000e+01" CounterVal="0" Pivot="New Player"/>
                <EditorPos Radius="5.5000000000000000e+01" X="1.3500010000000000e+04" Y="5.4299999999999997e+01"/>
                <Motion Move="jog" Rate="0.0000000000000000e+00" Speed="3.0305554866790771e+00" Force="true" ExecutionTimes="1" ActiveOnEnter="true" DelayTime="0.0000000000000000e+00"/>
                <CharacterPath Loop="false" PathShape="8" ExecutionTimes="1" ActiveOnEnter="true" DelayTime="0.0000000000000000e+00" Beam="true" ClampToGround="false"/>
            </Action>
        </CharacterActions>
        <CharacterActions Character="New Character11">
            <Action Name="">
                <PosRelative CounterID="" CounterComp="COMP_EQ" NetDist="false" Distance="1.2000000000000000e+02" CounterVal="0" Pivot="New Player"/>
                <EditorPos Radius="1.2000000000000000e+02" X="1.3500010000000000e+04" Y="5.4299999999999997e+01"/>
                <Motion Move="jog" Rate="0.0000000000000000e+00" Speed="3.0305554866790771e+00" Force="true" ExecutionTimes="1" ActiveOnEnter="true" DelayTime="0.0000000000000000e+00"/>
                <CharacterPath Loop="false" PathShape="9" ExecutionTimes="1" ActiveOnEnter="true" DelayTime="0.0000000000000000e+00" Beam="true" ClampToGround="false"/>
            </Action>
        </CharacterActions>
        <CharacterActions Character="New Character12">
            <Action Name="">
                <PosRelative CounterID="" CounterComp="COMP_EQ" NetDist="false" Distance="5.5000000000000000e+01" CounterVal="0" Pivot="New Player"/>
                <EditorPos Radius="5.5000000000000000e+01" X="1.3500010000000000e+04" Y="5.4299999999999997e+01"/>
                <Motion Move="jog" Rate="0.0000000000000000e+00" Speed="3.0305554866790771e+00" Force="true" ExecutionTimes="1" ActiveOnEnter="true" DelayTime="0.0000000000000000e+00"/>
                <CharacterPath Loop="false" PathShape="10" ExecutionTimes="1" ActiveOnEnter="true" DelayTime="0.0000000000000000e+00" Beam="true" ClampToGround="false"/>
            </Action>
        </CharacterActions>
        <CharacterActions Character="New Character13"/>
        <CharacterActions Character="New Character14"/>
        <CharacterActions Character="New Character15"/>
        <CharacterActions Character="New Character16">
            <Action Name="">
                <PosRelative CounterID="" CounterComp="COMP_EQ" NetDist="false" Distance="1.2000000000000000e+02" CounterVal="0" Pivot="New Player"/>
                <EditorPos Radius="1.2000000000000000e+02" X="1.3500010000000000e+04" Y="5.4299999999999997e+01"/>
                <Motion Move="jog" Rate="0.0000000000000000e+00" Speed="3.0305554866790771e+00" Force="true" ExecutionTimes="1" ActiveOnEnter="true" DelayTime="0.0000000000000000e+00"/>
                <CharacterPath Loop="false" PathShape="11" ExecutionTimes="1" ActiveOnEnter="true" DelayTime="0.0000000000000000e+00" Beam="true" ClampToGround="false"/>
            </Action>
        </CharacterActions>
        <CharacterActions Character="New Character17">
            <Action Name="">
                <PosRelative CounterID="" CounterComp="COMP_EQ" NetDist="false" Distance="1.2000000000000000e+02" CounterVal="0" Pivot="New Player"/>
                <EditorPos Radius="1.2000000000000000e+02" X="1.3500010000000000e+04" Y="5.4299999999999997e+01"/>
                <Motion Move="jog" Rate="0.0000000000000000e+00" Speed="3.0305554866790771e+00" Force="true" ExecutionTimes="1" ActiveOnEnter="true" DelayTime="0.0000000000000000e+00"/>
                <CharacterPath Loop="false" PathShape="12" ExecutionTimes="1" ActiveOnEnter="true" DelayTime="0.0000000000000000e+00" Beam="true" ClampToGround="false"/>
            </Action>
        </CharacterActions>
        <CharacterActions Character="New Character18"/>
    </MovingObjectsControl>
    <LightSigns/>
    <Selections/>
</Scenario>
