<?xml version="1.0" encoding="UTF-8"?>
<!DOCTYPE Scenario>
<Scenario RevMajor="2" RevMinor="2">
    <Layout Database="Projects/Current/Databases/Germany.2018/Germany_2018.opt.osgb" File="Projects/Current/Databases/Germany.2018/Germany_2018.xodr"/>
    <VehicleList ConfigFile="Distros/Current/Config/Players/Vehicles"/>
    <DriverList ConfigFile="Distros/Current/Config/Players/driverCfg.xml"/>
    <CharacterList ConfigFile="Distros/Current/Config/Players/Pedestrians"/>
    <ObjectList ConfigFile="Distros/Current/Config/Players/Objects"/>
    <DynObjects Path="Distros/Current/Config/DynObjects/Logic"/>
    <TrafficElements/>
    <PulkTraffic>
        <PulkDef FillAtStart="true" OwnSide="5.9999999999999998e-01" InnerRadius="2.0000000000000000e+02" VisibleInArea="-1" CenterOffset="1.0000000000000000e+02" Trucks="5.0000000000000003e-02" Vans="1.0000000000000001e-01" AreaB="2.9999999999999999e-01" Count="50" SemiMinorAxis="4.0000000000000000e+02" AreaF="4.0000000000000002e-01" SemiMajorAxis="4.0000000000000000e+02" Cars="8.0000000000000004e-01" CentralPlayer="B" Buses="0.0000000000000000e+00" AreaL="1.4999999999999999e-01" AreaR="1.4999999999999999e-01" Bikes="5.0000000000000003e-02"/>
        <PulkDef FillAtStart="true" OwnSide="5.9999999999999998e-01" InnerRadius="2.0000000000000000e+02" VisibleInArea="-1" CenterOffset="1.0000000000000000e+02" Trucks="1.0000000000000001e-01" Vans="1.0000000000000001e-01" AreaB="2.9999999999999999e-01" Count="65" SemiMinorAxis="4.0000000000000000e+02" AreaF="4.0000000000000002e-01" SemiMajorAxis="4.0000000000000000e+02" Cars="8.0000000000000004e-01" CentralPlayer="New Player" Buses="0.0000000000000000e+00" AreaL="1.4999999999999999e-01" AreaR="1.4999999999999999e-01" Bikes="0.0000000000000000e+00"/>
        <PulkDef FillAtStart="true" OwnSide="5.9999999999999998e-01" InnerRadius="2.0000000000000000e+02" VisibleInArea="-1" CenterOffset="1.0000000000000000e+02" Trucks="5.9999999999999998e-02" Vans="1.0000000000000001e-01" AreaB="2.9999999999999999e-01" Count="65" SemiMinorAxis="4.0000000000000000e+02" AreaF="4.0000000000000002e-01" SemiMajorAxis="4.0000000000000000e+02" Cars="8.0000000000000004e-01" CentralPlayer="New Player02" Buses="0.0000000000000000e+00" AreaL="1.4999999999999999e-01" AreaR="1.4999999999999999e-01" Bikes="4.0000000000000001e-02"/>
    </PulkTraffic>
    <TrafficControl>
        <Path Name="Path01" PathId="1">
            <Waypoint PathOption="shortest" s="5.6905197615420079e+01" TrackId="125"/>
            <Waypoint PathOption="shortest" s="1.8799641677854414e+01" TrackId="72"/>
            <Waypoint PathOption="shortest" s="1.8180999594113671e+03" TrackId="50"/>
            <Waypoint PathOption="shortest" s="2.0375108875548110e+03" TrackId="135"/>
            <Waypoint PathOption="shortest" s="2.7616577535988672e+03" TrackId="90"/>
            <Waypoint PathOption="shortest" s="1.8892552890030029e+03" TrackId="89"/>
            <Waypoint PathOption="shortest" s="7.6119961600674173e+02" TrackId="121"/>
            <Waypoint PathOption="shortest" s="4.1812799765106618e+01" TrackId="88"/>
            <Waypoint PathOption="shortest" s="2.6814179432694260e+02" TrackId="9"/>
            <Waypoint PathOption="shortest" s="3.4356849990044333e+02" TrackId="11"/>
            <Waypoint PathOption="shortest" s="7.0960381034968577e+02" TrackId="15"/>
        </Path>
        <Player>
            <Description Driver="DefaultDriver" Control="external" AdaptDriverToVehicleType="true" Type="Audi_Q5_2008_red" Name="B"/>
            <Init>
                <Speed Value="0.0000000000000000e+00"/>
                <PosRoute/>
                <PathRef StartS="0.0000000000000000e+00" EndAction="continue" TargetS="3.4798008927104464e+04" StartLane="1" PathId="1"/>
            </Init>
        </Player>
        <Player>
            <Description Driver="DefaultDriver" Control="internal" AdaptDriverToVehicleType="true" Type="MANTGX_11_Black" Name="New Player"/>
            <Init>
                <Speed Value="2.5000000000000000e+01"/>
                <PosAbsolute X="6.0466909179687500e+03" Y="-1.8015747070312500e+03" Z="1.1247011788951181e-01" Direction="1.5707976569545301e+00" AlignToRoad="true"/>
            </Init>
        </Player>
        <Player>
            <Description Driver="DefaultDriver" Control="internal" AdaptDriverToVehicleType="true" Type="MANTGX_Trailer_11_Red" Name="New Player01"/>
            <Init>
                <Speed Value="0.0000000000000000e+00"/>
                <PosAbsolute X="6.0467131352480010e+03" Y="-1.8085746381884580e+03" Z="1.0571715542976835e-01" Direction="1.5738477650306391e+00" AlignToRoad="true"/>
                <Trailer Tractor="New Player"/>
            </Init>
        </Player>
        <Player>
            <Description Driver="DefaultDriver" Control="internal" AdaptDriverToVehicleType="true" Type="MANTGX_11_Red" Name="New Player02"/>
            <Init>
                <Speed Value="2.5000000000000000e+01"/>
                <PosAbsolute X="6.0252797851562500e+03" Y="-2.3629599609375000e+03" Z="-5.8607449362402919e+00" Direction="4.7024871913030895e+00" AlignToRoad="true"/>
            </Init>
        </Player>
        <Player>
            <Description Driver="DefaultDriver" Control="internal" AdaptDriverToVehicleType="true" Type="MANTGX_Trailer_11_Red" Name="New Player03"/>
            <Init>
                <Speed Value="0.0000000000000000e+00"/>
                <PosAbsolute X="6.0252797758451325e+03" Y="-2.3559599609375064e+03" Z="-5.7207449362402949e+00" Direction="4.7123903105443237e+00" AlignToRoad="true"/>
                <Trailer Tractor="New Player02"/>
            </Init>
        </Player>
        <Player>
            <Description Driver="DefaultDriver" Control="external" AdaptDriverToVehicleType="true" Type="BMW_Z4_2010_black" Name="A"/>
            <Init>
                <Speed Value="0.0000000000000000e+00"/>
                <PosRoute/>
                <PathRef StartS="1.8722583422822574e+01" EndAction="continue" TargetS="3.4847042305886251e+04" StartLane="1" PathId="1"/>
            </Init>
        </Player>
        <PlayerActions Player="B">
            <Action Name="">
                <PosRelative CounterID="" CounterComp="COMP_EQ" NetDist="false" Distance="5.0000000000000000e+00" CounterVal="0" Pivot="B"/>
                <EditorPos Radius="5.0000000000000000e+00" X="7.4355272791159077e+03" Y="-2.9833351324647438e+03"/>
                <Autonomous Force="true" ExecutionTimes="1" ActiveOnEnter="true" DelayTime="0.0000000000000000e+00"/>
            </Action>
        </PlayerActions>
        <PlayerActions Player="New Player">
            <Action Name="">
                <PosRelative CounterID="" CounterComp="COMP_EQ" NetDist="false" Distance="5.0000000000000000e+00" CounterVal="0" Pivot="New Player"/>
                <EditorPos Radius="5.0000000000000000e+00" X="6.0466909179687500e+03" Y="-1.8015747070312500e+03"/>
                <Autonomous Force="true" ExecutionTimes="1" ActiveOnEnter="true" DelayTime="0.0000000000000000e+00"/>
            </Action>
        </PlayerActions>
        <PlayerActions Player="New Player01"/>
        <PlayerActions Player="New Player02">
            <Action Name="">
                <PosRelative CounterID="" CounterComp="COMP_EQ" NetDist="false" Distance="5.0000000000000000e+00" CounterVal="0" Pivot="New Player02"/>
                <EditorPos Radius="5.0000000000000000e+00" X="6.0252797851562500e+03" Y="-2.3629599609375000e+03"/>
                <Autonomous Force="true" ExecutionTimes="1" ActiveOnEnter="true" DelayTime="0.0000000000000000e+00"/>
            </Action>
        </PlayerActions>
        <PlayerActions Player="New Player03"/>
        <PlayerActions Player="A"/>
    </TrafficControl>
    <MovingObjectsControl>
        <PathShape ShapeId="1" ShapeType="spline" Closed="false" Name="PathShape01">
            <Waypoint X="7.4244594726562500e+03" Y="-2.9106228027343750e+03" Options="0x00000000" Z="0.0000000000000000e+00" Weight="1.0000000000000000e+00" Yaw="5.3350334771021013e-01" Pitch="0.0000000000000000e+00" Roll="0.0000000000000000e+00"/>
            <Waypoint X="7.4283950195312500e+03" Y="-2.9082983398437500e+03" Options="0x00000000" Z="0.0000000000000000e+00" Weight="1.0000000000000000e+00" Yaw="0.0000000000000000e+00" Pitch="0.0000000000000000e+00" Roll="0.0000000000000000e+00"/>
            <Waypoint X="7.4284681145665945e+03" Y="-2.9091191430061590e+03" Options="0x00000000" Z="0.0000000000000000e+00" Weight="1.0000000000000000e+00" Yaw="0.0000000000000000e+00" Pitch="0.0000000000000000e+00" Roll="0.0000000000000000e+00"/>
            <Waypoint X="7.4288383789062500e+03" Y="-2.9068720703125000e+03" Options="0x00000000" Z="0.0000000000000000e+00" Weight="1.0000000000000000e+00" Yaw="1.4074874803191151e+00" Pitch="0.0000000000000000e+00" Roll="0.0000000000000000e+00"/>
            <Waypoint X="7.4295399679875454e+03" Y="-2.9026142428689618e+03" Options="0x00000000" Z="0.0000000000000000e+00" Weight="1.0000000000000000e+00" Yaw="0.0000000000000000e+00" Pitch="0.0000000000000000e+00" Roll="0.0000000000000000e+00"/>
            <Waypoint X="7.4279844744691745e+03" Y="-2.8851741989702386e+03" Options="0x00000000" Z="0.0000000000000000e+00" Weight="1.0000000000000000e+00" Yaw="0.0000000000000000e+00" Pitch="0.0000000000000000e+00" Roll="0.0000000000000000e+00"/>
            <Waypoint X="7.4287275390625000e+03" Y="-2.8534951171875000e+03" Options="0x00000000" Z="0.0000000000000000e+00" Weight="1.0000000000000000e+00" Yaw="1.5473446254702758e+00" Pitch="0.0000000000000000e+00" Roll="0.0000000000000000e+00"/>
        </PathShape>
        <PathShape ShapeId="2" ShapeType="spline" Closed="false" Name="PathShape02">
            <Waypoint X="7.4176821289062500e+03" Y="-2.9202216796875000e+03" Options="0x00000000" Z="0.0000000000000000e+00" Weight="1.0000000000000000e+00" Yaw="3.1494589442261960e+00" Pitch="0.0000000000000000e+00" Roll="0.0000000000000000e+00"/>
            <Waypoint X="7.4150572316064117e+03" Y="-2.9202423283184553e+03" Options="0x00000000" Z="0.0000000000000000e+00" Weight="1.0000000000000000e+00" Yaw="0.0000000000000000e+00" Pitch="0.0000000000000000e+00" Roll="0.0000000000000000e+00"/>
            <Waypoint X="7.3506955683216102e+03" Y="-2.9202441737865483e+03" Options="0x00000000" Z="0.0000000000000000e+00" Weight="1.0000000000000000e+00" Yaw="0.0000000000000000e+00" Pitch="0.0000000000000000e+00" Roll="0.0000000000000000e+00"/>
            <Waypoint X="7.3466162109375000e+03" Y="-2.9202814941406250e+03" Options="0x00000000" Z="0.0000000000000000e+00" Weight="1.0000000000000000e+00" Yaw="3.1507409849123071e+00" Pitch="0.0000000000000000e+00" Roll="0.0000000000000000e+00"/>
            <Waypoint X="7.3416175183459327e+03" Y="-2.9203272251124108e+03" Options="0x00000000" Z="0.0000000000000000e+00" Weight="1.0000000000000000e+00" Yaw="0.0000000000000000e+00" Pitch="0.0000000000000000e+00" Roll="0.0000000000000000e+00"/>
            <Waypoint X="7.2358369561476829e+03" Y="-2.9202290875739509e+03" Options="0x00000000" Z="0.0000000000000000e+00" Weight="1.0000000000000000e+00" Yaw="0.0000000000000000e+00" Pitch="0.0000000000000000e+00" Roll="0.0000000000000000e+00"/>
            <Waypoint X="7.2131630859375000e+03" Y="-2.9201723632812500e+03" Options="0x00000000" Z="0.0000000000000000e+00" Weight="1.0000000000000000e+00" Yaw="3.1390909115477572e+00" Pitch="0.0000000000000000e+00" Roll="0.0000000000000000e+00"/>
        </PathShape>
        <PathShape ShapeId="4" ShapeType="spline" Closed="false" Name="PathShape03">
            <Waypoint X="7.4386059570312500e+03" Y="-2.9238713378906250e+03" Options="0x00000000" Z="0.0000000000000000e+00" Weight="1.0000000000000000e+00" Yaw="1.5960579924676861e+00" Pitch="0.0000000000000000e+00" Roll="0.0000000000000000e+00"/>
            <Waypoint X="7.4384796621364376e+03" Y="-2.9188729331851664e+03" Options="0x00000000" Z="9.0263219240983211e-02" Weight="1.0000000000000000e+00" Yaw="0.0000000000000000e+00" Pitch="0.0000000000000000e+00" Roll="0.0000000000000000e+00"/>
            <Waypoint X="7.4382403647542760e+03" Y="-2.9150091080415168e+03" Options="0x00000000" Z="1.2000000000000000e-01" Weight="1.0000000000000000e+00" Yaw="0.0000000000000000e+00" Pitch="0.0000000000000000e+00" Roll="0.0000000000000000e+00"/>
            <Waypoint X="7.4381992187500000e+03" Y="-2.9100092773437500e+03" Options="0x00000000" Z="0.0000000000000000e+00" Weight="1.0000000000000000e+00" Yaw="1.5790256205328299e+00" Pitch="6.2817946789678230e+00" Roll="0.0000000000000000e+00"/>
            <Waypoint X="7.4381580727457240e+03" Y="-2.9050094466459832e+03" Options="0x00000000" Z="1.2000000000000000e-01" Weight="1.0000000000000000e+00" Yaw="0.0000000000000000e+00" Pitch="0.0000000000000000e+00" Roll="0.0000000000000000e+00"/>
            <Waypoint X="7.4387810829517366e+03" Y="-2.8287115253511688e+03" Options="0x00000000" Z="1.2000000000000000e-01" Weight="1.0000000000000000e+00" Yaw="0.0000000000000000e+00" Pitch="0.0000000000000000e+00" Roll="0.0000000000000000e+00"/>
            <Waypoint X="7.4385263671875000e+03" Y="-2.8237180175781250e+03" Options="0x00000000" Z="1.2000000000000000e-01" Weight="1.0000000000000000e+00" Yaw="1.6217615400676899e+00" Pitch="6.2817946789678230e+00" Roll="0.0000000000000000e+00"/>
        </PathShape>
        <PathShape ShapeId="5" ShapeType="spline" Closed="false" Name="PathShape04">
            <Waypoint X="7.4383085937500000e+03" Y="-2.9257487792968750e+03" Options="0x00000000" Z="0.0000000000000000e+00" Weight="1.0000000000000000e+00" Yaw="4.7007203065577405e+00" Pitch="0.0000000000000000e+00" Roll="0.0000000000000000e+00"/>
            <Waypoint X="7.4380390625000000e+03" Y="-2.9488464355468750e+03" Options="0x00000000" Z="0.0000000000000000e+00" Weight="1.0000000000000000e+00" Yaw="0.0000000000000000e+00" Pitch="0.0000000000000000e+00" Roll="0.0000000000000000e+00"/>
            <Waypoint X="7.4381199550503597e+03" Y="-2.9400500045315739e+03" Options="0x00000000" Z="0.0000000000000000e+00" Weight="1.0000000000000000e+00" Yaw="0.0000000000000000e+00" Pitch="0.0000000000000000e+00" Roll="0.0000000000000000e+00"/>
            <Waypoint X="7.4381718750000000e+03" Y="-2.9466040039062500e+03" Options="0x00000000" Z="0.0000000000000000e+00" Weight="1.0000000000000000e+00" Yaw="4.7203106875157825e+00" Pitch="6.2798379308505075e+00" Roll="0.0000000000000000e+00"/>
            <Waypoint X="7.4382140261358263e+03" Y="-2.9519248587946540e+03" Options="0x00000000" Z="0.0000000000000000e+00" Weight="1.0000000000000000e+00" Yaw="0.0000000000000000e+00" Pitch="0.0000000000000000e+00" Roll="0.0000000000000000e+00"/>
            <Waypoint X="7.4385203996286191e+03" Y="-2.9748479348239453e+03" Options="0x00000000" Z="0.0000000000000000e+00" Weight="1.0000000000000000e+00" Yaw="0.0000000000000000e+00" Pitch="0.0000000000000000e+00" Roll="0.0000000000000000e+00"/>
            <Waypoint X="7.4384311523437500e+03" Y="-2.9824519042968750e+03" Options="0x00000000" Z="1.2000000000000000e-01" Weight="1.0000000000000000e+00" Yaw="4.7006525856739634e+00" Pitch="0.0000000000000000e+00" Roll="0.0000000000000000e+00"/>
            <Waypoint X="7.4383729439550643e+03" Y="-2.9874113247575156e+03" Options="0x00000000" Z="0.0000000000000000e+00" Weight="1.0000000000000000e+00" Yaw="0.0000000000000000e+00" Pitch="0.0000000000000000e+00" Roll="0.0000000000000000e+00"/>
            <Waypoint X="7.4382640461209212e+03" Y="-3.0174839867290434e+03" Options="0x00000000" Z="1.2000000000000000e-01" Weight="1.0000000000000000e+00" Yaw="0.0000000000000000e+00" Pitch="0.0000000000000000e+00" Roll="0.0000000000000000e+00"/>
            <Waypoint X="7.4382324218750000e+03" Y="-3.0224838867187500e+03" Options="0x00000000" Z="1.2000000000000000e-01" Weight="1.0000000000000000e+00" Yaw="4.7060640890301118e+00" Pitch="0.0000000000000000e+00" Roll="0.0000000000000000e+00"/>
        </PathShape>
        <PathShape ShapeId="6" ShapeType="spline" Closed="false" Name="PathShape05">
            <Waypoint X="7.1622612304687500e+03" Y="-2.9202893066406250e+03" Options="0x00000000" Z="1.2000000000000000e-01" Weight="1.0000000000000000e+00" Yaw="6.1088943162211196e-02" Pitch="6.0824584011591491e-03" Roll="0.0000000000000000e+00"/>
            <Waypoint X="7.1680449218750000e+03" Y="-2.9199355468750000e+03" Options="0x00000000" Z="0.0000000000000000e+00" Weight="1.0000000000000000e+00" Yaw="0.0000000000000000e+00" Pitch="0.0000000000000000e+00" Roll="0.0000000000000000e+00"/>
            <Waypoint X="7.1799525483524903e+03" Y="-2.9202292873192619e+03" Options="0x00000000" Z="0.0000000000000000e+00" Weight="1.0000000000000000e+00" Yaw="0.0000000000000000e+00" Pitch="0.0000000000000000e+00" Roll="0.0000000000000000e+00"/>
            <Waypoint X="7.1819843750000000e+03" Y="-2.9207541503906250e+03" Options="0x00000000" Z="0.0000000000000000e+00" Weight="1.0000000000000000e+00" Yaw="6.0303907708615831e+00" Pitch="0.0000000000000000e+00" Roll="0.0000000000000000e+00"/>
            <Waypoint X="7.1843866901388037e+03" Y="-2.9213747183429550e+03" Options="0x00000000" Z="0.0000000000000000e+00" Weight="1.0000000000000000e+00" Yaw="0.0000000000000000e+00" Pitch="0.0000000000000000e+00" Roll="0.0000000000000000e+00"/>
            <Waypoint X="7.1878682989359349e+03" Y="-2.9224016304341462e+03" Options="0x00000000" Z="0.0000000000000000e+00" Weight="1.0000000000000000e+00" Yaw="0.0000000000000000e+00" Pitch="0.0000000000000000e+00" Roll="0.0000000000000000e+00"/>
            <Waypoint X="7.1883520507812500e+03" Y="-2.9273781738281250e+03" Options="0x00000000" Z="0.0000000000000000e+00" Weight="1.0000000000000000e+00" Yaw="4.8092909296163349e+00" Pitch="0.0000000000000000e+00" Roll="0.0000000000000000e+00"/>
            <Waypoint X="7.1888436493200270e+03" Y="-2.9324354392098153e+03" Options="0x00000000" Z="0.0000000000000000e+00" Weight="1.0000000000000000e+00" Yaw="0.0000000000000000e+00" Pitch="0.0000000000000000e+00" Roll="0.0000000000000000e+00"/>
            <Waypoint X="7.1887264199969586e+03" Y="-2.9603980275208851e+03" Options="0x00000000" Z="1.2000000000000000e-01" Weight="1.0000000000000000e+00" Yaw="0.0000000000000000e+00" Pitch="0.0000000000000000e+00" Roll="0.0000000000000000e+00"/>
            <Waypoint X="7.1887832031250000e+03" Y="-2.9653977050781250e+03" Options="0x00000000" Z="0.0000000000000000e+00" Weight="1.0000000000000000e+00" Yaw="4.7237458501233789e+00" Pitch="6.2815991051933615e+00" Roll="0.0000000000000000e+00"/>
            <Waypoint X="7.1888399862530414e+03" Y="-2.9703973826353649e+03" Options="0x00000000" Z="1.2000000000000000e-01" Weight="1.0000000000000000e+00" Yaw="0.0000000000000000e+00" Pitch="0.0000000000000000e+00" Roll="0.0000000000000000e+00"/>
            <Waypoint X="7.1891861510110257e+03" Y="-3.0360672733384031e+03" Options="0x00000000" Z="1.2000000000000000e-01" Weight="1.0000000000000000e+00" Yaw="0.0000000000000000e+00" Pitch="0.0000000000000000e+00" Roll="0.0000000000000000e+00"/>
            <Waypoint X="7.1887714843750000e+03" Y="-3.0410500488281250e+03" Options="0x00000000" Z="1.2000000000000000e-01" Weight="1.0000000000000000e+00" Yaw="4.6293602893625607e+00" Pitch="2.2215761438799395e-03" Roll="0.0000000000000000e+00"/>
            <Waypoint X="7.1883828947589382e+03" Y="-3.0457194739669094e+03" Options="0x00000000" Z="0.0000000000000000e+00" Weight="1.0000000000000000e+00" Yaw="0.0000000000000000e+00" Pitch="0.0000000000000000e+00" Roll="0.0000000000000000e+00"/>
            <Waypoint X="7.1888211953990567e+03" Y="-3.0727274253907840e+03" Options="0x00000000" Z="0.0000000000000000e+00" Weight="1.0000000000000000e+00" Yaw="0.0000000000000000e+00" Pitch="0.0000000000000000e+00" Roll="0.0000000000000000e+00"/>
            <Waypoint X="7.1970185546875000e+03" Y="-3.0944323730468750e+03" Options="0x00000000" Z="0.0000000000000000e+00" Weight="1.0000000000000000e+00" Yaw="5.0735005002137141e+00" Pitch="0.0000000000000000e+00" Roll="0.0000000000000000e+00"/>
            <Waypoint X="7.1987816802405769e+03" Y="-3.0991007725270101e+03" Options="0x00000000" Z="0.0000000000000000e+00" Weight="1.0000000000000000e+00" Yaw="0.0000000000000000e+00" Pitch="0.0000000000000000e+00" Roll="0.0000000000000000e+00"/>
            <Waypoint X="7.2096809568677500e+03" Y="-3.1188681072172753e+03" Options="0x00000000" Z="0.0000000000000000e+00" Weight="1.0000000000000000e+00" Yaw="0.0000000000000000e+00" Pitch="0.0000000000000000e+00" Roll="0.0000000000000000e+00"/>
            <Waypoint X="7.2158041992187500e+03" Y="-3.1242868652343750e+03" Options="0x00000000" Z="0.0000000000000000e+00" Weight="1.0000000000000000e+00" Yaw="5.5587481052995180e+00" Pitch="0.0000000000000000e+00" Roll="0.0000000000000000e+00"/>
        </PathShape>
        <PathShape ShapeId="7" ShapeType="spline" Closed="false" Name="PathShape06">
            <Waypoint X="7.2377221679687500e+03" Y="-2.9107683105468750e+03" Options="0x00000000" Z="0.0000000000000000e+00" Weight="1.0000000000000000e+00" Yaw="3.1216321599445052e+00" Pitch="0.0000000000000000e+00" Roll="0.0000000000000000e+00"/>
            <Waypoint X="7.2114897460937500e+03" Y="-2.9102446289062500e+03" Options="0x00000000" Z="0.0000000000000000e+00" Weight="1.0000000000000000e+00" Yaw="0.0000000000000000e+00" Pitch="0.0000000000000000e+00" Roll="0.0000000000000000e+00"/>
            <Waypoint X="7.2132131918227205e+03" Y="-2.9103777842849559e+03" Options="0x00000000" Z="0.0000000000000000e+00" Weight="1.0000000000000000e+00" Yaw="0.0000000000000000e+00" Pitch="0.0000000000000000e+00" Roll="0.0000000000000000e+00"/>
            <Waypoint X="7.2081914062500000e+03" Y="-2.9102961425781250e+03" Options="0x00000000" Z="0.0000000000000000e+00" Weight="1.0000000000000000e+00" Yaw="3.1253365801318020e+00" Pitch="0.0000000000000000e+00" Roll="0.0000000000000000e+00"/>
            <Waypoint X="7.2031920668852626e+03" Y="-2.9102148657906450e+03" Options="0x00000000" Z="0.0000000000000000e+00" Weight="1.0000000000000000e+00" Yaw="0.0000000000000000e+00" Pitch="0.0000000000000000e+00" Roll="0.0000000000000000e+00"/>
            <Waypoint X="7.1992059405806776e+03" Y="-2.9076261680893099e+03" Options="0x00000000" Z="0.0000000000000000e+00" Weight="1.0000000000000000e+00" Yaw="0.0000000000000000e+00" Pitch="0.0000000000000000e+00" Roll="0.0000000000000000e+00"/>
            <Waypoint X="7.1989389648437500e+03" Y="-2.9026333007812500e+03" Options="0x00000000" Z="0.0000000000000000e+00" Weight="1.0000000000000000e+00" Yaw="1.6242168787531306e+00" Pitch="0.0000000000000000e+00" Roll="0.0000000000000000e+00"/>
            <Waypoint X="7.1986758095001023e+03" Y="-2.8977118808523874e+03" Options="0x00000000" Z="0.0000000000000000e+00" Weight="1.0000000000000000e+00" Yaw="0.0000000000000000e+00" Pitch="0.0000000000000000e+00" Roll="0.0000000000000000e+00"/>
            <Waypoint X="7.1984622288863193e+03" Y="-2.8805734517390747e+03" Options="0x00000000" Z="1.2000000000000000e-01" Weight="1.0000000000000000e+00" Yaw="0.0000000000000000e+00" Pitch="0.0000000000000000e+00" Roll="0.0000000000000000e+00"/>
            <Waypoint X="7.1985498046875000e+03" Y="-2.8755742187500000e+03" Options="0x00000000" Z="0.0000000000000000e+00" Weight="1.0000000000000000e+00" Yaw="1.5532802708825209e+00" Pitch="0.0000000000000000e+00" Roll="0.0000000000000000e+00"/>
            <Waypoint X="7.1986704929019761e+03" Y="-2.8686847756039788e+03" Options="0x00000000" Z="0.0000000000000000e+00" Weight="1.0000000000000000e+00" Yaw="0.0000000000000000e+00" Pitch="0.0000000000000000e+00" Roll="0.0000000000000000e+00"/>
            <Waypoint X="7.1984967631674090e+03" Y="-2.8250118441355748e+03" Options="0x00000000" Z="1.2000000000000000e-01" Weight="1.0000000000000000e+00" Yaw="0.0000000000000000e+00" Pitch="0.0000000000000000e+00" Roll="0.0000000000000000e+00"/>
            <Waypoint X="7.1984365234375000e+03" Y="-2.8200122070312500e+03" Options="0x00000000" Z="0.0000000000000000e+00" Weight="1.0000000000000000e+00" Yaw="1.5828445642616524e+00" Pitch="0.0000000000000000e+00" Roll="0.0000000000000000e+00"/>
        </PathShape>
        <Character CharacterType="female_adult" Class="pedestrian" Appearance="Hannah2" Name="New Character05">
            <StartPosAbs X="7.4384848632812500e+03" Y="-2.9237561035156250e+03" Z="0.0000000000000000e+00" Direction="1.5911211974980717e+00"/>
        </Character>
        <Character CharacterType="female_child" Class="pedestrian" Appearance="Julia1" Name="New Character03">
            <StartPosAbs X="7.4243925390625000e+03" Y="-2.9104465429687498e+03" Z="0.0000000000000000e+00" Direction="5.6127407847311968e-02"/>
        </Character>
        <Character CharacterType="male_adult" Class="pedestrian" Appearance="Christian2" Name="New Character02">
            <StartPosAbs X="7.4177622265624996e+03" Y="-2.9201453417968751e+03" Z="0.0000000000000000e+00" Direction="3.1371396583129036e+00"/>
        </Character>
        <Character CharacterType="male_child" Class="pedestrian" Appearance="Martin3" Name="New Character04">
            <StartPosAbs X="7.4383496093750000e+03" Y="-2.9257583007812500e+03" Z="0.0000000000000000e+00" Direction="4.6844335487310964e+00"/>
        </Character>
        <Character CharacterType="male_adult" Class="pedestrian" Appearance="Christian1" Name="New Character01">
            <StartPosAbs X="7.4248603515625000e+03" Y="-2.9046711425781250e+03" Z="0.0000000000000000e+00" Direction="5.8258397321054245e+00"/>
        </Character>
        <Character CharacterType="female_adult" Class="pedestrian" Appearance="Hannah2" Name="New Character">
            <StartPosAbs X="7.2377060546875000e+03" Y="-2.9107456054687500e+03" Z="0.0000000000000000e+00" Direction="3.1260689848353094e+00"/>
        </Character>
        <Character CharacterType="female_child" Class="pedestrian" Appearance="Julia3" Name="New Character06">
            <StartPosAbs X="7.1622875976562500e+03" Y="-2.9203090820312500e+03" Z="0.0000000000000000e+00" Direction="0.0000000000000000e+00"/>
        </Character>
        <CharacterActions Character="New Character05">
            <Action Name="">
                <PosRelative CounterID="" CounterComp="COMP_EQ" NetDist="false" Distance="5.0000000000000000e+00" CounterVal="0" Pivot="New Character05"/>
                <EditorPos Radius="5.0000000000000000e+00" X="7.4384848632812500e+03" Y="-2.9237561035156250e+03"/>
                <Gesture GestureType="texting" ExecutionTimes="1" Repeat="1" ActiveOnEnter="true" DelayTime="0.0000000000000000e+00"/>
                <Motion Move="walk" Rate="0.0000000000000000e+00" Speed="1.2999999523162842e+00" Force="true" ExecutionTimes="1" ActiveOnEnter="true" DelayTime="0.0000000000000000e+00"/>
                <CharacterPath Loop="false" PathShape="4" ExecutionTimes="1" ActiveOnEnter="true" DelayTime="0.0000000000000000e+00" Beam="true" ClampToGround="true"/>
            </Action>
        </CharacterActions>
        <CharacterActions Character="New Character03">
            <Action Name="">
                <PosRelative CounterID="" CounterComp="COMP_EQ" NetDist="false" Distance="5.0000000000000000e+00" CounterVal="0" Pivot="New Character03"/>
                <EditorPos Radius="5.0000000000000000e+00" X="7.4243925390625000e+03" Y="-2.9104465429687498e+03"/>
                <Gesture GestureType="phone_call" ExecutionTimes="10" Repeat="1" ActiveOnEnter="true" DelayTime="0.0000000000000000e+00"/>
                <Motion Move="walk" Rate="0.0000000000000000e+00" Speed="1.2000000476837158e+00" Force="true" ExecutionTimes="1" ActiveOnEnter="true" DelayTime="0.0000000000000000e+00"/>
                <CharacterPath Loop="false" PathShape="1" ExecutionTimes="1" ActiveOnEnter="true" DelayTime="0.0000000000000000e+00" Beam="true" ClampToGround="true"/>
            </Action>
        </CharacterActions>
        <CharacterActions Character="New Character02">
            <Action Name="">
                <PosRelative CounterID="" CounterComp="COMP_EQ" NetDist="false" Distance="5.0000000000000000e+00" CounterVal="0" Pivot="New Character02"/>
                <EditorPos Radius="5.0000000000000000e+00" X="7.4177622265624996e+03" Y="-2.9201453417968751e+03"/>
                <Gesture GestureType="texting" ExecutionTimes="1" Repeat="1" ActiveOnEnter="true" DelayTime="0.0000000000000000e+00"/>
                <Motion Move="walk" Rate="0.0000000000000000e+00" Speed="1.7000000476837158e+00" Force="true" ExecutionTimes="1" ActiveOnEnter="true" DelayTime="0.0000000000000000e+00"/>
                <CharacterPath Loop="false" PathShape="2" ExecutionTimes="1" ActiveOnEnter="true" DelayTime="0.0000000000000000e+00" Beam="true" ClampToGround="true"/>
            </Action>
        </CharacterActions>
        <CharacterActions Character="New Character04">
            <Action Name="">
                <PosRelative CounterID="" CounterComp="COMP_EQ" NetDist="false" Distance="5.0000000000000000e+00" CounterVal="0" Pivot="New Character04"/>
                <EditorPos Radius="5.0000000000000000e+00" X="7.4383496093750000e+03" Y="-2.9257583007812500e+03"/>
                <Gesture GestureType="bag_carry" ExecutionTimes="-1" Repeat="1" ActiveOnEnter="true" DelayTime="0.0000000000000000e+00"/>
                <Motion Move="walk" Rate="0.0000000000000000e+00" Speed="1.2000000476837158e+00" Force="true" ExecutionTimes="1" ActiveOnEnter="true" DelayTime="0.0000000000000000e+00"/>
                <CharacterPath Loop="false" PathShape="5" ExecutionTimes="1" ActiveOnEnter="true" DelayTime="0.0000000000000000e+00" Beam="true" ClampToGround="true"/>
            </Action>
        </CharacterActions>
        <CharacterActions Character="New Character01">
            <Action Name="">
                <PosRelative CounterID="" CounterComp="COMP_EQ" NetDist="false" Distance="5.0000000000000000e+00" CounterVal="0" Pivot="New Character01"/>
                <EditorPos Radius="5.0000000000000000e+00" X="7.4248603515625000e+03" Y="-2.9046711425781250e+03"/>
                <Gesture GestureType="eating" ExecutionTimes="1" Repeat="5" ActiveOnEnter="true" DelayTime="0.0000000000000000e+00"/>
            </Action>
        </CharacterActions>
        <CharacterActions Character="New Character">
            <Action Name="">
                <PosRelative CounterID="" CounterComp="COMP_EQ" NetDist="false" Distance="5.0000000000000000e+00" CounterVal="0" Pivot="New Character"/>
                <EditorPos Radius="5.0000000000000000e+00" X="7.2377060546875000e+03" Y="-2.9107456054687500e+03"/>
                <Motion Move="walk" Rate="0.0000000000000000e+00" Speed="1.2999999523162842e+00" Force="true" ExecutionTimes="1" ActiveOnEnter="true" DelayTime="0.0000000000000000e+00"/>
                <CharacterPath Loop="false" PathShape="7" ExecutionTimes="1" ActiveOnEnter="true" DelayTime="0.0000000000000000e+00" Beam="true" ClampToGround="true"/>
            </Action>
        </CharacterActions>
        <CharacterActions Character="New Character06">
            <Action Name="">
                <PosRelative CounterID="" CounterComp="COMP_EQ" NetDist="false" Distance="5.0000000000000000e+00" CounterVal="0" Pivot="New Character06"/>
                <EditorPos Radius="5.0000000000000000e+00" X="7.1622875976562500e+03" Y="-2.9203090820312500e+03"/>
                <Motion Move="walk" Rate="0.0000000000000000e+00" Speed="1.2000000476837158e+00" Force="true" ExecutionTimes="1" ActiveOnEnter="true" DelayTime="0.0000000000000000e+00"/>
                <CharacterPath Loop="false" PathShape="6" ExecutionTimes="1" ActiveOnEnter="true" DelayTime="0.0000000000000000e+00" Beam="true" ClampToGround="true"/>
            </Action>
        </CharacterActions>
    </MovingObjectsControl>
    <LightSigns>
        <SignalController Id="1" DelayRef="-1" Delay="0.0000000000000000e+00">
            <Phase Duration="2.3000000000000000e+01" Type="go"/>
            <Phase Duration="3.0000000000000000e+00" Type="attention"/>
            <Phase Duration="4.0000000000000000e+01" Type="stop"/>
            <Phase Duration="1.0000000000000000e+00" Type="stop_attention"/>
            <Phase Duration="5.0000000000000000e+00" Type="go"/>
        </SignalController>
        <SignalController Id="2" DelayRef="-1" Delay="0.0000000000000000e+00">
            <Phase Duration="2.8000000000000000e+01" Type="stop"/>
            <Phase Duration="1.0000000000000000e+00" Type="stop_attention"/>
            <Phase Duration="3.2000000000000000e+01" Type="go"/>
            <Phase Duration="3.0000000000000000e+00" Type="attention"/>
            <Phase Duration="8.0000000000000000e+00" Type="stop"/>
        </SignalController>
        <SignalController Id="3" DelayRef="-1" Delay="0.0000000000000000e+00">
            <Phase Duration="2.8000000000000000e+01" Type="stop"/>
            <Phase Duration="2.7000000000000000e+01" Type="go"/>
            <Phase Duration="1.7000000000000000e+01" Type="stop"/>
        </SignalController>
        <SignalController Id="4" DelayRef="-1" Delay="0.0000000000000000e+00">
            <Phase Duration="1.3000000000000000e+01" Type="go"/>
            <Phase Duration="5.3000000000000000e+01" Type="stop"/>
            <Phase Duration="6.0000000000000000e+00" Type="go"/>
        </SignalController>
        <SignalController Id="6" DelayRef="-1" Delay="0.0000000000000000e+00">
            <Phase Duration="2.5000000000000000e+01" Type="stop"/>
            <Phase Duration="1.0000000000000000e+00" Type="stop_attention"/>
            <Phase Duration="3.7000000000000000e+01" Type="go"/>
            <Phase Duration="3.0000000000000000e+00" Type="attention"/>
            <Phase Duration="6.0000000000000000e+00" Type="stop"/>
        </SignalController>
        <SignalController Id="7" DelayRef="-1" Delay="0.0000000000000000e+00">
            <Phase Duration="2.1000000000000000e+01" Type="go"/>
            <Phase Duration="3.0000000000000000e+00" Type="attention"/>
            <Phase Duration="4.6000000000000000e+01" Type="stop"/>
            <Phase Duration="1.0000000000000000e+00" Type="stop_attention"/>
            <Phase Duration="1.0000000000000000e+00" Type="go"/>
        </SignalController>
        <SignalController Id="8" DelayRef="-1" Delay="0.0000000000000000e+00">
            <Phase Duration="1.3000000000000000e+01" Type="go"/>
            <Phase Duration="5.8000000000000000e+01" Type="stop"/>
            <Phase Duration="1.0000000000000000e+00" Type="go"/>
        </SignalController>
        <SignalController Id="9" DelayRef="-1" Delay="0.0000000000000000e+00">
            <Phase Duration="2.6000000000000000e+01" Type="stop"/>
            <Phase Duration="2.1000000000000000e+01" Type="go"/>
            <Phase Duration="2.5000000000000000e+01" Type="stop"/>
        </SignalController>
        <SignalController Id="10" DelayRef="-1" Delay="0.0000000000000000e+00">
            <Phase Duration="2.5000000000000000e+01" Type="stop"/>
            <Phase Duration="1.0000000000000000e+00" Type="stop_attention"/>
            <Phase Duration="2.4000000000000000e+01" Type="go"/>
            <Phase Duration="3.0000000000000000e+00" Type="attention"/>
            <Phase Duration="1.9000000000000000e+01" Type="stop"/>
        </SignalController>
        <SignalController Id="12" DelayRef="-1" Delay="0.0000000000000000e+00">
            <Phase Duration="2.8000000000000000e+01" Type="stop"/>
            <Phase Duration="1.0000000000000000e+00" Type="stop_attention"/>
            <Phase Duration="3.0000000000000000e+01" Type="go"/>
            <Phase Duration="3.0000000000000000e+00" Type="attention"/>
            <Phase Duration="1.0000000000000000e+01" Type="stop"/>
        </SignalController>
        <SignalController Id="13" DelayRef="-1" Delay="0.0000000000000000e+00">
            <Phase Duration="2.4000000000000000e+01" Type="stop"/>
            <Phase Duration="1.0000000000000000e+00" Type="stop_attention"/>
            <Phase Duration="1.0000000000000000e+01" Type="go"/>
            <Phase Duration="3.0000000000000000e+00" Type="attention"/>
            <Phase Duration="3.4000000000000000e+01" Type="stop"/>
        </SignalController>
        <SignalController Id="14" DelayRef="-1" Delay="0.0000000000000000e+00">
            <Phase Duration="4.0000000000000000e+00" Type="stop"/>
            <Phase Duration="1.0000000000000000e+00" Type="stop_attention"/>
            <Phase Duration="1.6000000000000000e+01" Type="go"/>
            <Phase Duration="3.0000000000000000e+00" Type="attention"/>
            <Phase Duration="4.8000000000000000e+01" Type="stop"/>
        </SignalController>
        <SignalController Id="15" DelayRef="-1" Delay="0.0000000000000000e+00">
            <Phase Duration="4.0000000000000000e+00" Type="go"/>
            <Phase Duration="3.0000000000000000e+00" Type="attention"/>
            <Phase Duration="3.6000000000000000e+01" Type="stop"/>
            <Phase Duration="1.0000000000000000e+00" Type="stop_attention"/>
            <Phase Duration="2.8000000000000000e+01" Type="go"/>
        </SignalController>
        <SignalController Id="16" DelayRef="-1" Delay="0.0000000000000000e+00">
            <Phase Duration="1.0000000000000000e+00" Type="go"/>
            <Phase Duration="3.0000000000000000e+00" Type="attention"/>
            <Phase Duration="3.6000000000000000e+01" Type="stop"/>
            <Phase Duration="1.0000000000000000e+00" Type="stop_attention"/>
            <Phase Duration="3.1000000000000000e+01" Type="go"/>
        </SignalController>
        <SignalController Id="17" DelayRef="-1" Delay="0.0000000000000000e+00">
            <Phase Duration="2.6000000000000000e+01" Type="stop"/>
            <Phase Duration="4.6000000000000000e+01" Type="go"/>
        </SignalController>
        <SignalController Id="18" DelayRef="-1" Delay="0.0000000000000000e+00">
            <Phase Duration="2.0000000000000000e+00" Type="go"/>
            <Phase Duration="4.2000000000000000e+01" Type="stop"/>
            <Phase Duration="2.8000000000000000e+01" Type="go"/>
        </SignalController>
        <SignalController Id="19" DelayRef="-1" Delay="0.0000000000000000e+00">
            <Phase Duration="4.0000000000000000e+00" Type="stop"/>
            <Phase Duration="1.7000000000000000e+01" Type="go"/>
            <Phase Duration="5.1000000000000000e+01" Type="stop"/>
        </SignalController>
        <SignalController Id="20" DelayRef="-1" Delay="0.0000000000000000e+00">
            <Phase Duration="4.0000000000000000e+00" Type="stop"/>
            <Phase Duration="1.7000000000000000e+01" Type="go"/>
            <Phase Duration="5.1000000000000000e+01" Type="stop"/>
        </SignalController>
        <SignalController Id="21" DelayRef="-1" Delay="0.0000000000000000e+00">
            <Phase Duration="1.0000000000000000e+00" Type="go"/>
            <Phase Duration="3.0000000000000000e+00" Type="attention"/>
            <Phase Duration="3.6000000000000000e+01" Type="stop"/>
            <Phase Duration="1.0000000000000000e+00" Type="stop_attention"/>
            <Phase Duration="3.1000000000000000e+01" Type="go"/>
        </SignalController>
        <SignalController Id="22" DelayRef="-1" Delay="0.0000000000000000e+00">
            <Phase Duration="4.0000000000000000e+00" Type="stop"/>
            <Phase Duration="1.0000000000000000e+00" Type="stop_attention"/>
            <Phase Duration="1.6000000000000000e+01" Type="go"/>
            <Phase Duration="3.0000000000000000e+00" Type="attention"/>
            <Phase Duration="4.8000000000000000e+01" Type="stop"/>
        </SignalController>
        <SignalController Id="23" DelayRef="-1" Delay="0.0000000000000000e+00">
            <Phase Duration="4.0000000000000000e+00" Type="stop"/>
            <Phase Duration="1.0000000000000000e+00" Type="stop_attention"/>
            <Phase Duration="1.6000000000000000e+01" Type="go"/>
            <Phase Duration="3.0000000000000000e+00" Type="attention"/>
            <Phase Duration="4.8000000000000000e+01" Type="stop"/>
        </SignalController>
        <SignalController Id="24" DelayRef="-1" Delay="0.0000000000000000e+00">
            <Phase Duration="2.4000000000000000e+01" Type="stop"/>
            <Phase Duration="1.0000000000000000e+00" Type="stop_attention"/>
            <Phase Duration="1.0000000000000000e+01" Type="go"/>
            <Phase Duration="3.0000000000000000e+00" Type="attention"/>
            <Phase Duration="3.4000000000000000e+01" Type="stop"/>
        </SignalController>
        <SignalController Id="25" DelayRef="-1" Delay="0.0000000000000000e+00">
            <Phase Duration="2.8000000000000000e+01" Type="stop"/>
            <Phase Duration="1.0000000000000000e+00" Type="stop_attention"/>
            <Phase Duration="3.0000000000000000e+01" Type="go"/>
            <Phase Duration="3.0000000000000000e+00" Type="attention"/>
            <Phase Duration="1.0000000000000000e+01" Type="stop"/>
        </SignalController>
        <SignalController Id="26" DelayRef="-1" Delay="0.0000000000000000e+00">
            <Phase Duration="4.0000000000000000e+00" Type="stop"/>
            <Phase Duration="1.7000000000000000e+01" Type="go"/>
            <Phase Duration="5.1000000000000000e+01" Type="stop"/>
        </SignalController>
        <SignalController Id="27" DelayRef="-1" Delay="0.0000000000000000e+00">
            <Phase Duration="4.0000000000000000e+00" Type="stop"/>
            <Phase Duration="1.7000000000000000e+01" Type="go"/>
            <Phase Duration="5.1000000000000000e+01" Type="stop"/>
        </SignalController>
        <SignalController Id="28" DelayRef="-1" Delay="0.0000000000000000e+00">
            <Phase Duration="2.6000000000000000e+01" Type="stop"/>
            <Phase Duration="4.6000000000000000e+01" Type="go"/>
        </SignalController>
        <SignalController Id="29" DelayRef="-1" Delay="0.0000000000000000e+00">
            <Phase Duration="2.0000000000000000e+00" Type="go"/>
            <Phase Duration="4.2000000000000000e+01" Type="stop"/>
            <Phase Duration="2.8000000000000000e+01" Type="go"/>
        </SignalController>
        <Signal Id="173">
            <LightState>
                <Light state="true"/>
                <Light state="false"/>
                <Light state="false"/>
            </LightState>
            <LightState>
                <Light state="true"/>
                <Light state="true"/>
                <Light state="false"/>
            </LightState>
            <LightState>
                <Light state="false"/>
                <Light state="false"/>
                <Light state="true"/>
            </LightState>
            <LightState>
                <Light state="false"/>
                <Light state="true"/>
                <Light state="false"/>
            </LightState>
            <LightState>
                <Light state="true"/>
                <Light state="false"/>
                <Light state="false"/>
            </LightState>
        </Signal>
        <Signal Id="175">
            <LightState>
                <Light state="true"/>
                <Light state="false"/>
            </LightState>
            <LightState>
                <Light state="false"/>
                <Light state="true"/>
            </LightState>
            <LightState>
                <Light state="true"/>
                <Light state="false"/>
            </LightState>
        </Signal>
        <Signal Id="176">
            <LightState>
                <Light state="true"/>
                <Light state="false"/>
            </LightState>
            <LightState>
                <Light state="false"/>
                <Light state="true"/>
            </LightState>
            <LightState>
                <Light state="true"/>
                <Light state="false"/>
            </LightState>
        </Signal>
        <Signal Id="177">
            <LightState>
                <Light state="false"/>
                <Light state="true"/>
            </LightState>
            <LightState>
                <Light state="true"/>
                <Light state="false"/>
            </LightState>
            <LightState>
                <Light state="false"/>
                <Light state="true"/>
            </LightState>
        </Signal>
        <Signal Id="179">
            <LightState>
                <Light state="false"/>
                <Light state="false"/>
                <Light state="true"/>
            </LightState>
            <LightState>
                <Light state="false"/>
                <Light state="true"/>
                <Light state="false"/>
            </LightState>
            <LightState>
                <Light state="true"/>
                <Light state="false"/>
                <Light state="false"/>
            </LightState>
            <LightState>
                <Light state="true"/>
                <Light state="true"/>
                <Light state="false"/>
            </LightState>
            <LightState>
                <Light state="false"/>
                <Light state="false"/>
                <Light state="true"/>
            </LightState>
        </Signal>
        <Signal Id="180">
            <LightState>
                <Light state="false"/>
                <Light state="true"/>
            </LightState>
            <LightState>
                <Light state="true"/>
                <Light state="false"/>
            </LightState>
            <LightState>
                <Light state="false"/>
                <Light state="true"/>
            </LightState>
        </Signal>
        <Signal Id="181">
            <LightState>
                <Light state="false"/>
                <Light state="true"/>
            </LightState>
            <LightState>
                <Light state="true"/>
                <Light state="false"/>
            </LightState>
            <LightState>
                <Light state="false"/>
                <Light state="true"/>
            </LightState>
        </Signal>
        <Signal Id="182">
            <LightState>
                <Light state="false"/>
                <Light state="false"/>
                <Light state="true"/>
            </LightState>
            <LightState>
                <Light state="false"/>
                <Light state="true"/>
                <Light state="false"/>
            </LightState>
            <LightState>
                <Light state="true"/>
                <Light state="false"/>
                <Light state="false"/>
            </LightState>
            <LightState>
                <Light state="true"/>
                <Light state="true"/>
                <Light state="false"/>
            </LightState>
            <LightState>
                <Light state="false"/>
                <Light state="false"/>
                <Light state="true"/>
            </LightState>
        </Signal>
        <Signal Id="183">
            <LightState>
                <Light state="true"/>
                <Light state="false"/>
            </LightState>
            <LightState>
                <Light state="false"/>
                <Light state="true"/>
            </LightState>
            <LightState>
                <Light state="true"/>
                <Light state="false"/>
            </LightState>
        </Signal>
        <Signal Id="184">
            <LightState>
                <Light state="true"/>
                <Light state="false"/>
            </LightState>
            <LightState>
                <Light state="false"/>
                <Light state="true"/>
            </LightState>
            <LightState>
                <Light state="true"/>
                <Light state="false"/>
            </LightState>
        </Signal>
        <Signal Id="185">
            <LightState>
                <Light state="true"/>
                <Light state="false"/>
                <Light state="false"/>
            </LightState>
            <LightState>
                <Light state="true"/>
                <Light state="true"/>
                <Light state="false"/>
            </LightState>
            <LightState>
                <Light state="false"/>
                <Light state="false"/>
                <Light state="true"/>
            </LightState>
            <LightState>
                <Light state="false"/>
                <Light state="true"/>
                <Light state="false"/>
            </LightState>
            <LightState>
                <Light state="true"/>
                <Light state="false"/>
                <Light state="false"/>
            </LightState>
        </Signal>
        <Signal Id="186">
            <LightState>
                <Light state="false"/>
                <Light state="true"/>
            </LightState>
            <LightState>
                <Light state="true"/>
                <Light state="false"/>
            </LightState>
            <LightState>
                <Light state="false"/>
                <Light state="true"/>
            </LightState>
        </Signal>
        <Signal Id="2527">
            <LightState>
                <Light state="true"/>
                <Light state="false"/>
                <Light state="false"/>
            </LightState>
            <LightState>
                <Light state="true"/>
                <Light state="true"/>
                <Light state="false"/>
            </LightState>
            <LightState>
                <Light state="false"/>
                <Light state="false"/>
                <Light state="true"/>
            </LightState>
            <LightState>
                <Light state="false"/>
                <Light state="true"/>
                <Light state="false"/>
            </LightState>
            <LightState>
                <Light state="true"/>
                <Light state="false"/>
                <Light state="false"/>
            </LightState>
        </Signal>
        <Signal Id="2528">
            <LightState>
                <Light state="true"/>
                <Light state="false"/>
                <Light state="false"/>
            </LightState>
            <LightState>
                <Light state="true"/>
                <Light state="true"/>
                <Light state="false"/>
            </LightState>
            <LightState>
                <Light state="false"/>
                <Light state="false"/>
                <Light state="true"/>
            </LightState>
            <LightState>
                <Light state="false"/>
                <Light state="true"/>
                <Light state="false"/>
            </LightState>
            <LightState>
                <Light state="true"/>
                <Light state="false"/>
                <Light state="false"/>
            </LightState>
        </Signal>
        <Signal Id="2540">
            <LightState>
                <Light state="false"/>
                <Light state="true"/>
            </LightState>
            <LightState>
                <Light state="true"/>
                <Light state="false"/>
            </LightState>
            <LightState>
                <Light state="false"/>
                <Light state="true"/>
            </LightState>
        </Signal>
        <Signal Id="2541">
            <LightState>
                <Light state="false"/>
                <Light state="true"/>
            </LightState>
            <LightState>
                <Light state="true"/>
                <Light state="false"/>
            </LightState>
            <LightState>
                <Light state="false"/>
                <Light state="true"/>
            </LightState>
        </Signal>
        <Signal Id="5560">
            <LightState>
                <Light state="false"/>
                <Light state="false"/>
                <Light state="true"/>
            </LightState>
            <LightState>
                <Light state="false"/>
                <Light state="true"/>
                <Light state="false"/>
            </LightState>
            <LightState>
                <Light state="true"/>
                <Light state="false"/>
                <Light state="false"/>
            </LightState>
            <LightState>
                <Light state="true"/>
                <Light state="true"/>
                <Light state="false"/>
            </LightState>
            <LightState>
                <Light state="false"/>
                <Light state="false"/>
                <Light state="true"/>
            </LightState>
        </Signal>
        <Signal Id="5561">
            <LightState>
                <Light state="false"/>
                <Light state="false"/>
                <Light state="true"/>
            </LightState>
            <LightState>
                <Light state="false"/>
                <Light state="true"/>
                <Light state="false"/>
            </LightState>
            <LightState>
                <Light state="true"/>
                <Light state="false"/>
                <Light state="false"/>
            </LightState>
            <LightState>
                <Light state="true"/>
                <Light state="true"/>
                <Light state="false"/>
            </LightState>
            <LightState>
                <Light state="false"/>
                <Light state="false"/>
                <Light state="true"/>
            </LightState>
        </Signal>
        <Signal Id="5574">
            <LightState>
                <Light state="true"/>
                <Light state="false"/>
            </LightState>
            <LightState>
                <Light state="false"/>
                <Light state="true"/>
            </LightState>
            <LightState>
                <Light state="true"/>
                <Light state="false"/>
            </LightState>
        </Signal>
        <Signal Id="5575">
            <LightState>
                <Light state="true"/>
                <Light state="false"/>
            </LightState>
            <LightState>
                <Light state="false"/>
                <Light state="true"/>
            </LightState>
            <LightState>
                <Light state="true"/>
                <Light state="false"/>
            </LightState>
        </Signal>
        <Signal Id="8594">
            <LightState>
                <Light state="true"/>
                <Light state="false"/>
                <Light state="false"/>
            </LightState>
            <LightState>
                <Light state="true"/>
                <Light state="true"/>
                <Light state="false"/>
            </LightState>
            <LightState>
                <Light state="false"/>
                <Light state="false"/>
                <Light state="true"/>
            </LightState>
            <LightState>
                <Light state="false"/>
                <Light state="true"/>
                <Light state="false"/>
            </LightState>
            <LightState>
                <Light state="true"/>
                <Light state="false"/>
                <Light state="false"/>
            </LightState>
        </Signal>
        <Signal Id="8595">
            <LightState>
                <Light state="true"/>
                <Light state="false"/>
                <Light state="false"/>
            </LightState>
            <LightState>
                <Light state="true"/>
                <Light state="true"/>
                <Light state="false"/>
            </LightState>
            <LightState>
                <Light state="false"/>
                <Light state="false"/>
                <Light state="true"/>
            </LightState>
            <LightState>
                <Light state="false"/>
                <Light state="true"/>
                <Light state="false"/>
            </LightState>
            <LightState>
                <Light state="true"/>
                <Light state="false"/>
                <Light state="false"/>
            </LightState>
        </Signal>
        <Signal Id="8602">
            <LightState>
                <Light state="false"/>
                <Light state="true"/>
            </LightState>
            <LightState>
                <Light state="true"/>
                <Light state="false"/>
            </LightState>
            <LightState>
                <Light state="false"/>
                <Light state="true"/>
            </LightState>
        </Signal>
        <Signal Id="8603">
            <LightState>
                <Light state="false"/>
                <Light state="true"/>
            </LightState>
            <LightState>
                <Light state="true"/>
                <Light state="false"/>
            </LightState>
            <LightState>
                <Light state="false"/>
                <Light state="true"/>
            </LightState>
        </Signal>
        <Signal Id="11611">
            <LightState>
                <Light state="false"/>
                <Light state="false"/>
                <Light state="true"/>
            </LightState>
            <LightState>
                <Light state="false"/>
                <Light state="true"/>
                <Light state="false"/>
            </LightState>
            <LightState>
                <Light state="true"/>
                <Light state="false"/>
                <Light state="false"/>
            </LightState>
            <LightState>
                <Light state="true"/>
                <Light state="true"/>
                <Light state="false"/>
            </LightState>
            <LightState>
                <Light state="false"/>
                <Light state="false"/>
                <Light state="true"/>
            </LightState>
        </Signal>
        <Signal Id="11612">
            <LightState>
                <Light state="false"/>
                <Light state="false"/>
                <Light state="true"/>
            </LightState>
            <LightState>
                <Light state="false"/>
                <Light state="true"/>
                <Light state="false"/>
            </LightState>
            <LightState>
                <Light state="true"/>
                <Light state="false"/>
                <Light state="false"/>
            </LightState>
            <LightState>
                <Light state="true"/>
                <Light state="true"/>
                <Light state="false"/>
            </LightState>
            <LightState>
                <Light state="false"/>
                <Light state="false"/>
                <Light state="true"/>
            </LightState>
        </Signal>
        <Signal Id="11613">
            <LightState>
                <Light state="false"/>
                <Light state="false"/>
                <Light state="true"/>
            </LightState>
            <LightState>
                <Light state="false"/>
                <Light state="true"/>
                <Light state="false"/>
            </LightState>
            <LightState>
                <Light state="true"/>
                <Light state="false"/>
                <Light state="false"/>
            </LightState>
            <LightState>
                <Light state="true"/>
                <Light state="true"/>
                <Light state="false"/>
            </LightState>
            <LightState>
                <Light state="false"/>
                <Light state="false"/>
                <Light state="true"/>
            </LightState>
        </Signal>
        <Signal Id="11614">
            <LightState>
                <Light state="true"/>
                <Light state="false"/>
            </LightState>
            <LightState>
                <Light state="false"/>
                <Light state="true"/>
            </LightState>
        </Signal>
        <Signal Id="11615">
            <LightState>
                <Light state="true"/>
                <Light state="false"/>
                <Light state="false"/>
            </LightState>
            <LightState>
                <Light state="true"/>
                <Light state="true"/>
                <Light state="false"/>
            </LightState>
            <LightState>
                <Light state="false"/>
                <Light state="false"/>
                <Light state="true"/>
            </LightState>
            <LightState>
                <Light state="false"/>
                <Light state="true"/>
                <Light state="false"/>
            </LightState>
            <LightState>
                <Light state="true"/>
                <Light state="false"/>
                <Light state="false"/>
            </LightState>
        </Signal>
        <Signal Id="11616">
            <LightState>
                <Light state="true"/>
                <Light state="false"/>
                <Light state="false"/>
            </LightState>
            <LightState>
                <Light state="true"/>
                <Light state="true"/>
                <Light state="false"/>
            </LightState>
            <LightState>
                <Light state="false"/>
                <Light state="false"/>
                <Light state="true"/>
            </LightState>
            <LightState>
                <Light state="false"/>
                <Light state="true"/>
                <Light state="false"/>
            </LightState>
            <LightState>
                <Light state="true"/>
                <Light state="false"/>
                <Light state="false"/>
            </LightState>
        </Signal>
        <Signal Id="11617">
            <LightState>
                <Light state="true"/>
                <Light state="false"/>
                <Light state="false"/>
            </LightState>
            <LightState>
                <Light state="true"/>
                <Light state="true"/>
                <Light state="false"/>
            </LightState>
            <LightState>
                <Light state="false"/>
                <Light state="false"/>
                <Light state="true"/>
            </LightState>
            <LightState>
                <Light state="false"/>
                <Light state="true"/>
                <Light state="false"/>
            </LightState>
            <LightState>
                <Light state="true"/>
                <Light state="false"/>
                <Light state="false"/>
            </LightState>
        </Signal>
        <Signal Id="11618">
            <LightState>
                <Light state="true"/>
                <Light state="false"/>
                <Light state="false"/>
            </LightState>
            <LightState>
                <Light state="true"/>
                <Light state="true"/>
                <Light state="false"/>
            </LightState>
            <LightState>
                <Light state="false"/>
                <Light state="false"/>
                <Light state="true"/>
            </LightState>
            <LightState>
                <Light state="false"/>
                <Light state="true"/>
                <Light state="false"/>
            </LightState>
            <LightState>
                <Light state="true"/>
                <Light state="false"/>
                <Light state="false"/>
            </LightState>
        </Signal>
        <Signal Id="11619">
            <LightState>
                <Light state="true"/>
                <Light state="false"/>
                <Light state="false"/>
            </LightState>
            <LightState>
                <Light state="true"/>
                <Light state="true"/>
                <Light state="false"/>
            </LightState>
            <LightState>
                <Light state="false"/>
                <Light state="false"/>
                <Light state="true"/>
            </LightState>
            <LightState>
                <Light state="false"/>
                <Light state="true"/>
                <Light state="false"/>
            </LightState>
            <LightState>
                <Light state="true"/>
                <Light state="false"/>
                <Light state="false"/>
            </LightState>
        </Signal>
        <Signal Id="11620">
            <LightState>
                <Light state="true"/>
                <Light state="false"/>
                <Light state="false"/>
            </LightState>
            <LightState>
                <Light state="true"/>
                <Light state="true"/>
                <Light state="false"/>
            </LightState>
            <LightState>
                <Light state="false"/>
                <Light state="false"/>
                <Light state="true"/>
            </LightState>
            <LightState>
                <Light state="false"/>
                <Light state="true"/>
                <Light state="false"/>
            </LightState>
            <LightState>
                <Light state="true"/>
                <Light state="false"/>
                <Light state="false"/>
            </LightState>
        </Signal>
        <Signal Id="11621">
            <LightState>
                <Light state="false"/>
                <Light state="false"/>
                <Light state="true"/>
            </LightState>
            <LightState>
                <Light state="false"/>
                <Light state="true"/>
                <Light state="false"/>
            </LightState>
            <LightState>
                <Light state="true"/>
                <Light state="false"/>
                <Light state="false"/>
            </LightState>
            <LightState>
                <Light state="true"/>
                <Light state="true"/>
                <Light state="false"/>
            </LightState>
            <LightState>
                <Light state="false"/>
                <Light state="false"/>
                <Light state="true"/>
            </LightState>
        </Signal>
        <Signal Id="11622">
            <LightState>
                <Light state="true"/>
                <Light state="false"/>
            </LightState>
            <LightState>
                <Light state="false"/>
                <Light state="true"/>
            </LightState>
        </Signal>
        <Signal Id="11623">
            <LightState>
                <Light state="false"/>
                <Light state="true"/>
            </LightState>
            <LightState>
                <Light state="true"/>
                <Light state="false"/>
            </LightState>
            <LightState>
                <Light state="false"/>
                <Light state="true"/>
            </LightState>
        </Signal>
        <Signal Id="11624">
            <LightState>
                <Light state="true"/>
                <Light state="false"/>
            </LightState>
            <LightState>
                <Light state="false"/>
                <Light state="true"/>
            </LightState>
            <LightState>
                <Light state="true"/>
                <Light state="false"/>
            </LightState>
        </Signal>
        <Signal Id="11625">
            <LightState>
                <Light state="true"/>
                <Light state="false"/>
            </LightState>
            <LightState>
                <Light state="false"/>
                <Light state="true"/>
            </LightState>
            <LightState>
                <Light state="true"/>
                <Light state="false"/>
            </LightState>
        </Signal>
        <Signal Id="11626">
            <LightState>
                <Light state="true"/>
                <Light state="false"/>
            </LightState>
            <LightState>
                <Light state="false"/>
                <Light state="true"/>
            </LightState>
            <LightState>
                <Light state="true"/>
                <Light state="false"/>
            </LightState>
        </Signal>
        <Signal Id="11628">
            <LightState>
                <Light state="true"/>
                <Light state="false"/>
            </LightState>
            <LightState>
                <Light state="false"/>
                <Light state="true"/>
            </LightState>
            <LightState>
                <Light state="true"/>
                <Light state="false"/>
            </LightState>
        </Signal>
        <Signal Id="11629">
            <LightState>
                <Light state="false"/>
                <Light state="false"/>
                <Light state="true"/>
            </LightState>
            <LightState>
                <Light state="false"/>
                <Light state="true"/>
                <Light state="false"/>
            </LightState>
            <LightState>
                <Light state="true"/>
                <Light state="false"/>
                <Light state="false"/>
            </LightState>
            <LightState>
                <Light state="true"/>
                <Light state="true"/>
                <Light state="false"/>
            </LightState>
            <LightState>
                <Light state="false"/>
                <Light state="false"/>
                <Light state="true"/>
            </LightState>
        </Signal>
        <Signal Id="11630">
            <LightState>
                <Light state="false"/>
                <Light state="false"/>
                <Light state="true"/>
            </LightState>
            <LightState>
                <Light state="false"/>
                <Light state="true"/>
                <Light state="false"/>
            </LightState>
            <LightState>
                <Light state="true"/>
                <Light state="false"/>
                <Light state="false"/>
            </LightState>
            <LightState>
                <Light state="true"/>
                <Light state="true"/>
                <Light state="false"/>
            </LightState>
            <LightState>
                <Light state="false"/>
                <Light state="false"/>
                <Light state="true"/>
            </LightState>
        </Signal>
        <Signal Id="11631">
            <LightState>
                <Light state="true"/>
                <Light state="false"/>
            </LightState>
            <LightState>
                <Light state="false"/>
                <Light state="true"/>
            </LightState>
        </Signal>
        <Signal Id="11632">
            <LightState>
                <Light state="true"/>
                <Light state="false"/>
                <Light state="false"/>
            </LightState>
            <LightState>
                <Light state="true"/>
                <Light state="true"/>
                <Light state="false"/>
            </LightState>
            <LightState>
                <Light state="false"/>
                <Light state="false"/>
                <Light state="true"/>
            </LightState>
            <LightState>
                <Light state="false"/>
                <Light state="true"/>
                <Light state="false"/>
            </LightState>
            <LightState>
                <Light state="true"/>
                <Light state="false"/>
                <Light state="false"/>
            </LightState>
        </Signal>
        <Signal Id="11633">
            <LightState>
                <Light state="true"/>
                <Light state="false"/>
                <Light state="false"/>
            </LightState>
            <LightState>
                <Light state="true"/>
                <Light state="true"/>
                <Light state="false"/>
            </LightState>
            <LightState>
                <Light state="false"/>
                <Light state="false"/>
                <Light state="true"/>
            </LightState>
            <LightState>
                <Light state="false"/>
                <Light state="true"/>
                <Light state="false"/>
            </LightState>
            <LightState>
                <Light state="true"/>
                <Light state="false"/>
                <Light state="false"/>
            </LightState>
        </Signal>
        <Signal Id="11634">
            <LightState>
                <Light state="true"/>
                <Light state="false"/>
                <Light state="false"/>
            </LightState>
            <LightState>
                <Light state="true"/>
                <Light state="true"/>
                <Light state="false"/>
            </LightState>
            <LightState>
                <Light state="false"/>
                <Light state="false"/>
                <Light state="true"/>
            </LightState>
            <LightState>
                <Light state="false"/>
                <Light state="true"/>
                <Light state="false"/>
            </LightState>
            <LightState>
                <Light state="true"/>
                <Light state="false"/>
                <Light state="false"/>
            </LightState>
        </Signal>
        <Signal Id="11635">
            <LightState>
                <Light state="true"/>
                <Light state="false"/>
                <Light state="false"/>
            </LightState>
            <LightState>
                <Light state="true"/>
                <Light state="true"/>
                <Light state="false"/>
            </LightState>
            <LightState>
                <Light state="false"/>
                <Light state="false"/>
                <Light state="true"/>
            </LightState>
            <LightState>
                <Light state="false"/>
                <Light state="true"/>
                <Light state="false"/>
            </LightState>
            <LightState>
                <Light state="true"/>
                <Light state="false"/>
                <Light state="false"/>
            </LightState>
        </Signal>
        <Signal Id="11636">
            <LightState>
                <Light state="true"/>
                <Light state="false"/>
                <Light state="false"/>
            </LightState>
            <LightState>
                <Light state="true"/>
                <Light state="true"/>
                <Light state="false"/>
            </LightState>
            <LightState>
                <Light state="false"/>
                <Light state="false"/>
                <Light state="true"/>
            </LightState>
            <LightState>
                <Light state="false"/>
                <Light state="true"/>
                <Light state="false"/>
            </LightState>
            <LightState>
                <Light state="true"/>
                <Light state="false"/>
                <Light state="false"/>
            </LightState>
        </Signal>
        <Signal Id="11638">
            <LightState>
                <Light state="true"/>
                <Light state="false"/>
                <Light state="false"/>
            </LightState>
            <LightState>
                <Light state="true"/>
                <Light state="true"/>
                <Light state="false"/>
            </LightState>
            <LightState>
                <Light state="false"/>
                <Light state="false"/>
                <Light state="true"/>
            </LightState>
            <LightState>
                <Light state="false"/>
                <Light state="true"/>
                <Light state="false"/>
            </LightState>
            <LightState>
                <Light state="true"/>
                <Light state="false"/>
                <Light state="false"/>
            </LightState>
        </Signal>
        <Signal Id="11639">
            <LightState>
                <Light state="true"/>
                <Light state="false"/>
            </LightState>
            <LightState>
                <Light state="false"/>
                <Light state="true"/>
            </LightState>
            <LightState>
                <Light state="true"/>
                <Light state="false"/>
            </LightState>
        </Signal>
        <Signal Id="11640">
            <LightState>
                <Light state="true"/>
                <Light state="false"/>
            </LightState>
            <LightState>
                <Light state="false"/>
                <Light state="true"/>
            </LightState>
            <LightState>
                <Light state="true"/>
                <Light state="false"/>
            </LightState>
        </Signal>
        <Signal Id="11641">
            <LightState>
                <Light state="true"/>
                <Light state="false"/>
            </LightState>
            <LightState>
                <Light state="false"/>
                <Light state="true"/>
            </LightState>
            <LightState>
                <Light state="true"/>
                <Light state="false"/>
            </LightState>
        </Signal>
        <Signal Id="11642">
            <LightState>
                <Light state="true"/>
                <Light state="false"/>
            </LightState>
            <LightState>
                <Light state="false"/>
                <Light state="true"/>
            </LightState>
            <LightState>
                <Light state="true"/>
                <Light state="false"/>
            </LightState>
        </Signal>
        <Signal Id="11643">
            <LightState>
                <Light state="true"/>
                <Light state="false"/>
            </LightState>
            <LightState>
                <Light state="false"/>
                <Light state="true"/>
            </LightState>
        </Signal>
        <Signal Id="11644">
            <LightState>
                <Light state="false"/>
                <Light state="true"/>
            </LightState>
            <LightState>
                <Light state="true"/>
                <Light state="false"/>
            </LightState>
            <LightState>
                <Light state="false"/>
                <Light state="true"/>
            </LightState>
        </Signal>
        <Signal Id="11645">
            <LightState>
                <Light state="false"/>
                <Light state="true"/>
            </LightState>
            <LightState>
                <Light state="true"/>
                <Light state="false"/>
            </LightState>
            <LightState>
                <Light state="false"/>
                <Light state="true"/>
            </LightState>
        </Signal>
        <Signal Id="11646">
            <LightState>
                <Light state="false"/>
                <Light state="true"/>
            </LightState>
            <LightState>
                <Light state="true"/>
                <Light state="false"/>
            </LightState>
            <LightState>
                <Light state="false"/>
                <Light state="true"/>
            </LightState>
        </Signal>
    </LightSigns>
    <Selections/>
</Scenario>
